2025-12-02T08:36:00.731+08:00 [INFO] {78cf34fcdf3e7d186e292d4d2e77c622} Config path set to: manifest/config
2025-12-02T08:36:03.657+08:00 [INFO] {78cf34fcdf3e7d186e292d4d2e77c622} ✅ Database connected successfully!
2025-12-02T08:36:05.249+08:00 [INFO] ✅ Redis connected successfully (v8)!
2025-12-02T08:36:05.252+08:00 [INFO] {50ada709e13e7d186f292d4d719ccc80} WebSocket管理器已启动
2025-12-02T08:36:05.252+08:00 [INFO] {50ada709e13e7d186f292d4d719ccc80} 行情数据推送已启动
2025-12-02T08:36:05.253+08:00 [FATA] invalid handler: defined as "func(context.Context, *ghttp.Request)", but "func(*ghttp.Request)" or "func(context.Context, *BizReq)(*BizRes, error)" is required 
Stack:
1.  cex-exchange/internal/cmd.init.func1
    /Users/zhanjun/IdeaProjects/cex-exchange/cex-exchange/internal/cmd/cmd.go:66
2.  main.main
    /Users/zhanjun/IdeaProjects/cex-exchange/cex-exchange/main.go:12

2025-12-02T08:37:30.316+08:00 [INFO] {c864ebd7f43e7d18ed5b04629da80fae} Config path set to: manifest/config
2025-12-02T08:37:33.156+08:00 [INFO] {c864ebd7f43e7d18ed5b04629da80fae} ✅ Database connected successfully!
2025-12-02T08:37:34.610+08:00 [INFO] ✅ Redis connected successfully (v8)!
2025-12-02T08:37:34.614+08:00 [INFO] {b06b05d8f53e7d18ee5b04623cc736fe} WebSocket管理器已启动
2025-12-02T08:37:34.614+08:00 [INFO] {b06b05d8f53e7d18ee5b04623cc736fe} 行情数据推送已启动
2025-12-02T08:37:34.617+08:00 [INFO] openapi specification is disabled
2025-12-02T08:37:34.617+08:00 [INFO] pid[43743]: http server started listening on [:8080]

----------|--------|-------------------------------|--------------------------------------------------------------------------|--------------------
| ADDRESS | METHOD |             ROUTE             |                                 HANDLER                                  |    MIDDLEWARE     |
----------|--------|-------------------------------|--------------------------------------------------------------------------|--------------------
| :8080   | ALL    | /*                            | cex-exchange/internal/middleware.ResponseHandler                         | GLOBAL MIDDLEWARE |
----------|--------|-------------------------------|--------------------------------------------------------------------------|--------------------
| :8080   | GET    | /api/accounts                 | cex-exchange/internal/controller/funds.(*ControllerV1).ListAccounts      | middleware.Auth   |
----------|--------|-------------------------------|--------------------------------------------------------------------------|--------------------
| :8080   | GET    | /api/admin/accounts           | cex-exchange/internal/controller/admin.(*ControllerV1).ListAccounts      | middleware.Auth   |
----------|--------|-------------------------------|--------------------------------------------------------------------------|--------------------
| :8080   | POST   | /api/admin/accounts/add-funds | cex-exchange/internal/controller/admin.(*ControllerV1).AddFunds          | middleware.Auth   |
----------|--------|-------------------------------|--------------------------------------------------------------------------|--------------------
| :8080   | GET    | /api/admin/orders             | cex-exchange/internal/controller/admin.(*ControllerV1).ListOrders        | middleware.Auth   |
----------|--------|-------------------------------|--------------------------------------------------------------------------|--------------------
| :8080   | POST   | /api/admin/orders/{id}/cancel | cex-exchange/internal/controller/admin.(*ControllerV1).CancelOrder       | middleware.Auth   |
----------|--------|-------------------------------|--------------------------------------------------------------------------|--------------------
| :8080   | GET    | /api/admin/users              | cex-exchange/internal/controller/admin.(*ControllerV1).ListUsers         | middleware.Auth   |
----------|--------|-------------------------------|--------------------------------------------------------------------------|--------------------
| :8080   | POST   | /api/deposit                  | cex-exchange/internal/controller/funds.(*ControllerV1).Deposit           | middleware.Auth   |
----------|--------|-------------------------------|--------------------------------------------------------------------------|--------------------
| :8080   | POST   | /api/login                    | cex-exchange/internal/controller/auth.(*ControllerV1).Login              |                   |
----------|--------|-------------------------------|--------------------------------------------------------------------------|--------------------
| :8080   | GET    | /api/my_orders                | cex-exchange/internal/controller/order.(*ControllerV1).ListMyOrders      | middleware.Auth   |
----------|--------|-------------------------------|--------------------------------------------------------------------------|--------------------
| :8080   | GET    | /api/my_trades                | cex-exchange/internal/controller/order.(*ControllerV1).ListMyTrades      | middleware.Auth   |
----------|--------|-------------------------------|--------------------------------------------------------------------------|--------------------
| :8080   | POST   | /api/order                    | cex-exchange/internal/controller/order.(*ControllerV1).PlaceOrder        | middleware.Auth   |
----------|--------|-------------------------------|--------------------------------------------------------------------------|--------------------
| :8080   | GET    | /api/orderbook                | cex-exchange/internal/controller/trade.(*ControllerV1).GetOrderBook      | middleware.Auth   |
----------|--------|-------------------------------|--------------------------------------------------------------------------|--------------------
| :8080   | POST   | /api/register                 | cex-exchange/internal/controller/auth.(*ControllerV1).Register           |                   |
----------|--------|-------------------------------|--------------------------------------------------------------------------|--------------------
| :8080   | GET    | /api/trades                   | cex-exchange/internal/controller/trade.(*ControllerV1).GetTrades         | middleware.Auth   |
----------|--------|-------------------------------|--------------------------------------------------------------------------|--------------------
| :8080   | GET    | /ws                           | cex-exchange/internal/controller/websocket.(*Controller).HandleWebSocket |                   |
----------|--------|-------------------------------|--------------------------------------------------------------------------|--------------------
| :8080   | GET    | /ws/status                    | cex-exchange/internal/controller/websocket.(*Controller).GetStatus       |                   |
----------|--------|-------------------------------|--------------------------------------------------------------------------|--------------------

2025-12-02T08:37:40.529+08:00 [ERRO] 获取最新K线失败: sql: no rows in result set 
Stack:
1.  cex-exchange/internal/websocket.GetPriceChangeData
    /Users/zhanjun/IdeaProjects/cex-exchange/cex-exchange/internal/websocket/data.go:132
2.  cex-exchange/internal/websocket.SendMarketData
    /Users/zhanjun/IdeaProjects/cex-exchange/cex-exchange/internal/websocket/manager.go:208

2025-12-02T08:37:42.345+08:00 [ERRO] 获取最新K线失败: sql: no rows in result set 
Stack:
1.  cex-exchange/internal/websocket.GetPriceChangeData
    /Users/zhanjun/IdeaProjects/cex-exchange/cex-exchange/internal/websocket/data.go:132
2.  cex-exchange/internal/websocket.SendMarketData
    /Users/zhanjun/IdeaProjects/cex-exchange/cex-exchange/internal/websocket/manager.go:208

2025-12-02T08:37:42.392+08:00 [ERRO] 获取最新K线失败: sql: no rows in result set 
Stack:
1.  cex-exchange/internal/websocket.GetPriceChangeData
    /Users/zhanjun/IdeaProjects/cex-exchange/cex-exchange/internal/websocket/data.go:132
2.  cex-exchange/internal/websocket.SendMarketData
    /Users/zhanjun/IdeaProjects/cex-exchange/cex-exchange/internal/websocket/manager.go:208

2025-12-02T08:37:42.634+08:00 [ERRO] 获取最新K线失败: sql: no rows in result set 
Stack:
1.  cex-exchange/internal/websocket.GetPriceChangeData
    /Users/zhanjun/IdeaProjects/cex-exchange/cex-exchange/internal/websocket/data.go:132
2.  cex-exchange/internal/websocket.SendMarketData
    /Users/zhanjun/IdeaProjects/cex-exchange/cex-exchange/internal/websocket/manager.go:208

2025-12-02T08:37:43.351+08:00 [ERRO] 获取最新K线失败: sql: no rows in result set 
Stack:
1.  cex-exchange/internal/websocket.GetPriceChangeData
    /Users/zhanjun/IdeaProjects/cex-exchange/cex-exchange/internal/websocket/data.go:132
2.  cex-exchange/internal/websocket.SendMarketData
    /Users/zhanjun/IdeaProjects/cex-exchange/cex-exchange/internal/websocket/manager.go:208

2025-12-02T08:37:43.523+08:00 [ERRO] 获取最新K线失败: sql: no rows in result set 
Stack:
1.  cex-exchange/internal/websocket.GetPriceChangeData
    /Users/zhanjun/IdeaProjects/cex-exchange/cex-exchange/internal/websocket/data.go:132
2.  cex-exchange/internal/websocket.SendMarketData
    /Users/zhanjun/IdeaProjects/cex-exchange/cex-exchange/internal/websocket/manager.go:208

2025-12-02T08:37:43.626+08:00 [ERRO] 获取最新K线失败: sql: no rows in result set 
Stack:
1.  cex-exchange/internal/websocket.GetPriceChangeData
    /Users/zhanjun/IdeaProjects/cex-exchange/cex-exchange/internal/websocket/data.go:132
2.  cex-exchange/internal/websocket.SendMarketData
    /Users/zhanjun/IdeaProjects/cex-exchange/cex-exchange/internal/websocket/manager.go:208

2025-12-02T08:37:43.645+08:00 [ERRO] 获取昨日K线失败: sql: no rows in result set 
Stack:
1.  cex-exchange/internal/websocket.GetPriceChangeData
    /Users/zhanjun/IdeaProjects/cex-exchange/cex-exchange/internal/websocket/data.go:149
2.  cex-exchange/internal/websocket.SendMarketData
    /Users/zhanjun/IdeaProjects/cex-exchange/cex-exchange/internal/websocket/manager.go:208

2025-12-02T08:37:44.258+08:00 [ERRO] 获取最新K线失败: sql: no rows in result set 
Stack:
1.  cex-exchange/internal/websocket.GetPriceChangeData
    /Users/zhanjun/IdeaProjects/cex-exchange/cex-exchange/internal/websocket/data.go:132
2.  cex-exchange/internal/websocket.SendMarketData
    /Users/zhanjun/IdeaProjects/cex-exchange/cex-exchange/internal/websocket/manager.go:208

2025-12-02T08:37:44.516+08:00 [ERRO] 获取昨日K线失败: sql: no rows in result set 
Stack:
1.  cex-exchange/internal/websocket.GetPriceChangeData
    /Users/zhanjun/IdeaProjects/cex-exchange/cex-exchange/internal/websocket/data.go:149
2.  cex-exchange/internal/websocket.SendMarketData
    /Users/zhanjun/IdeaProjects/cex-exchange/cex-exchange/internal/websocket/manager.go:208

2025-12-02T08:37:44.582+08:00 [ERRO] 获取最新K线失败: sql: no rows in result set 
Stack:
1.  cex-exchange/internal/websocket.GetPriceChangeData
    /Users/zhanjun/IdeaProjects/cex-exchange/cex-exchange/internal/websocket/data.go:132
2.  cex-exchange/internal/websocket.SendMarketData
    /Users/zhanjun/IdeaProjects/cex-exchange/cex-exchange/internal/websocket/manager.go:208

2025-12-02T08:37:44.595+08:00 [ERRO] 获取24小时成交量失败: element of parameter "pointer" for function Scan should type of struct/*struct/[]struct/[]*struct 
Stack:
1.  cex-exchange/internal/websocket.GetPriceChangeData
    /Users/zhanjun/IdeaProjects/cex-exchange/cex-exchange/internal/websocket/data.go:187
2.  cex-exchange/internal/websocket.SendMarketData
    /Users/zhanjun/IdeaProjects/cex-exchange/cex-exchange/internal/websocket/manager.go:208

2025-12-02T08:37:44.680+08:00 [ERRO] 获取最新K线失败: sql: no rows in result set 
Stack:
1.  cex-exchange/internal/websocket.GetPriceChangeData
    /Users/zhanjun/IdeaProjects/cex-exchange/cex-exchange/internal/websocket/data.go:132
2.  cex-exchange/internal/websocket.SendMarketData
    /Users/zhanjun/IdeaProjects/cex-exchange/cex-exchange/internal/websocket/manager.go:208

2025-12-02T08:37:45.439+08:00 [ERRO] 获取24小时成交量失败: element of parameter "pointer" for function Scan should type of struct/*struct/[]struct/[]*struct 
Stack:
1.  cex-exchange/internal/websocket.GetPriceChangeData
    /Users/zhanjun/IdeaProjects/cex-exchange/cex-exchange/internal/websocket/data.go:187
2.  cex-exchange/internal/websocket.SendMarketData
    /Users/zhanjun/IdeaProjects/cex-exchange/cex-exchange/internal/websocket/manager.go:208

2025-12-02T08:37:45.570+08:00 [ERRO] 获取昨日K线失败: sql: no rows in result set 
Stack:
1.  cex-exchange/internal/websocket.GetPriceChangeData
    /Users/zhanjun/IdeaProjects/cex-exchange/cex-exchange/internal/websocket/data.go:149
2.  cex-exchange/internal/websocket.SendMarketData
    /Users/zhanjun/IdeaProjects/cex-exchange/cex-exchange/internal/websocket/manager.go:208

2025-12-02T08:37:45.931+08:00 [ERRO] 获取最新K线失败: sql: no rows in result set 
Stack:
1.  cex-exchange/internal/websocket.GetPriceChangeData
    /Users/zhanjun/IdeaProjects/cex-exchange/cex-exchange/internal/websocket/data.go:132
2.  cex-exchange/internal/websocket.SendMarketData
    /Users/zhanjun/IdeaProjects/cex-exchange/cex-exchange/internal/websocket/manager.go:208

2025-12-02T08:37:45.977+08:00 [ERRO] 获取昨日K线失败: sql: no rows in result set 
Stack:
1.  cex-exchange/internal/websocket.GetPriceChangeData
    /Users/zhanjun/IdeaProjects/cex-exchange/cex-exchange/internal/websocket/data.go:149
2.  cex-exchange/internal/websocket.SendMarketData
    /Users/zhanjun/IdeaProjects/cex-exchange/cex-exchange/internal/websocket/manager.go:208

2025-12-02T08:37:46.021+08:00 [ERRO] 获取最新K线失败: sql: no rows in result set 
Stack:
1.  cex-exchange/internal/websocket.GetPriceChangeData
    /Users/zhanjun/IdeaProjects/cex-exchange/cex-exchange/internal/websocket/data.go:132
2.  cex-exchange/internal/websocket.SendMarketData
    /Users/zhanjun/IdeaProjects/cex-exchange/cex-exchange/internal/websocket/manager.go:208

2025-12-02T08:37:46.522+08:00 [ERRO] 获取24小时成交量失败: element of parameter "pointer" for function Scan should type of struct/*struct/[]struct/[]*struct 
Stack:
1.  cex-exchange/internal/websocket.GetPriceChangeData
    /Users/zhanjun/IdeaProjects/cex-exchange/cex-exchange/internal/websocket/data.go:187
2.  cex-exchange/internal/websocket.SendMarketData
    /Users/zhanjun/IdeaProjects/cex-exchange/cex-exchange/internal/websocket/manager.go:208

2025-12-02T08:37:46.770+08:00 [ERRO] 获取最新K线失败: sql: no rows in result set 
Stack:
1.  cex-exchange/internal/websocket.GetPriceChangeData
    /Users/zhanjun/IdeaProjects/cex-exchange/cex-exchange/internal/websocket/data.go:132
2.  cex-exchange/internal/websocket.SendMarketData
    /Users/zhanjun/IdeaProjects/cex-exchange/cex-exchange/internal/websocket/manager.go:208

2025-12-02T08:37:46.893+08:00 [ERRO] 获取昨日K线失败: sql: no rows in result set 
Stack:
1.  cex-exchange/internal/websocket.GetPriceChangeData
    /Users/zhanjun/IdeaProjects/cex-exchange/cex-exchange/internal/websocket/data.go:149
2.  cex-exchange/internal/websocket.SendMarketData
    /Users/zhanjun/IdeaProjects/cex-exchange/cex-exchange/internal/websocket/manager.go:208

2025-12-02T08:37:46.951+08:00 [ERRO] 获取24小时成交量失败: element of parameter "pointer" for function Scan should type of struct/*struct/[]struct/[]*struct 
Stack:
1.  cex-exchange/internal/websocket.GetPriceChangeData
    /Users/zhanjun/IdeaProjects/cex-exchange/cex-exchange/internal/websocket/data.go:187
2.  cex-exchange/internal/websocket.SendMarketData
    /Users/zhanjun/IdeaProjects/cex-exchange/cex-exchange/internal/websocket/manager.go:208

2025-12-02T08:37:47.080+08:00 [ERRO] 获取昨日K线失败: sql: no rows in result set 
Stack:
1.  cex-exchange/internal/websocket.GetPriceChangeData
    /Users/zhanjun/IdeaProjects/cex-exchange/cex-exchange/internal/websocket/data.go:149
2.  cex-exchange/internal/websocket.SendMarketData
    /Users/zhanjun/IdeaProjects/cex-exchange/cex-exchange/internal/websocket/manager.go:208

2025-12-02T08:37:47.083+08:00 [ERRO] 获取最新K线失败: sql: no rows in result set 
Stack:
1.  cex-exchange/internal/websocket.GetPriceChangeData
    /Users/zhanjun/IdeaProjects/cex-exchange/cex-exchange/internal/websocket/data.go:132
2.  cex-exchange/internal/websocket.SendMarketData
    /Users/zhanjun/IdeaProjects/cex-exchange/cex-exchange/internal/websocket/manager.go:208

2025-12-02T08:37:47.120+08:00 [ERRO] 获取最新K线失败: sql: no rows in result set 
Stack:
1.  cex-exchange/internal/websocket.GetPriceChangeData
    /Users/zhanjun/IdeaProjects/cex-exchange/cex-exchange/internal/websocket/data.go:132
2.  cex-exchange/internal/websocket.SendMarketData
    /Users/zhanjun/IdeaProjects/cex-exchange/cex-exchange/internal/websocket/manager.go:208

2025-12-02T08:37:47.468+08:00 [ERRO] 获取昨日K线失败: sql: no rows in result set 
Stack:
1.  cex-exchange/internal/websocket.GetPriceChangeData
    /Users/zhanjun/IdeaProjects/cex-exchange/cex-exchange/internal/websocket/data.go:149
2.  cex-exchange/internal/websocket.SendMarketData
    /Users/zhanjun/IdeaProjects/cex-exchange/cex-exchange/internal/websocket/manager.go:208

2025-12-02T08:37:47.687+08:00 [ERRO] 获取最新K线失败: sql: no rows in result set 
Stack:
1.  cex-exchange/internal/websocket.GetPriceChangeData
    /Users/zhanjun/IdeaProjects/cex-exchange/cex-exchange/internal/websocket/data.go:132
2.  cex-exchange/internal/websocket.SendMarketData
    /Users/zhanjun/IdeaProjects/cex-exchange/cex-exchange/internal/websocket/manager.go:208

2025-12-02T08:37:47.706+08:00 [ERRO] 获取最新K线失败: sql: no rows in result set 
Stack:
1.  cex-exchange/internal/websocket.GetPriceChangeData
    /Users/zhanjun/IdeaProjects/cex-exchange/cex-exchange/internal/websocket/data.go:132
2.  cex-exchange/internal/websocket.SendMarketData
    /Users/zhanjun/IdeaProjects/cex-exchange/cex-exchange/internal/websocket/manager.go:208

2025-12-02T08:37:47.857+08:00 [ERRO] 获取24小时成交量失败: element of parameter "pointer" for function Scan should type of struct/*struct/[]struct/[]*struct 
Stack:
1.  cex-exchange/internal/websocket.GetPriceChangeData
    /Users/zhanjun/IdeaProjects/cex-exchange/cex-exchange/internal/websocket/data.go:187
2.  cex-exchange/internal/websocket.SendMarketData
    /Users/zhanjun/IdeaProjects/cex-exchange/cex-exchange/internal/websocket/manager.go:208

2025-12-02T08:37:48.032+08:00 [ERRO] 获取24小时成交量失败: element of parameter "pointer" for function Scan should type of struct/*struct/[]struct/[]*struct 
Stack:
1.  cex-exchange/internal/websocket.GetPriceChangeData
    /Users/zhanjun/IdeaProjects/cex-exchange/cex-exchange/internal/websocket/data.go:187
2.  cex-exchange/internal/websocket.SendMarketData
    /Users/zhanjun/IdeaProjects/cex-exchange/cex-exchange/internal/websocket/manager.go:208

2025-12-02T08:37:48.098+08:00 [ERRO] 获取最新K线失败: sql: no rows in result set 
Stack:
1.  cex-exchange/internal/websocket.GetPriceChangeData
    /Users/zhanjun/IdeaProjects/cex-exchange/cex-exchange/internal/websocket/data.go:132
2.  cex-exchange/internal/websocket.SendMarketData
    /Users/zhanjun/IdeaProjects/cex-exchange/cex-exchange/internal/websocket/manager.go:208

2025-12-02T08:37:48.133+08:00 [ERRO] 获取最新K线失败: sql: no rows in result set 
Stack:
1.  cex-exchange/internal/websocket.GetPriceChangeData
    /Users/zhanjun/IdeaProjects/cex-exchange/cex-exchange/internal/websocket/data.go:132
2.  cex-exchange/internal/websocket.SendMarketData
    /Users/zhanjun/IdeaProjects/cex-exchange/cex-exchange/internal/websocket/manager.go:208

2025-12-02T08:37:48.196+08:00 [ERRO] 获取昨日K线失败: sql: no rows in result set 
Stack:
1.  cex-exchange/internal/websocket.GetPriceChangeData
    /Users/zhanjun/IdeaProjects/cex-exchange/cex-exchange/internal/websocket/data.go:149
2.  cex-exchange/internal/websocket.SendMarketData
    /Users/zhanjun/IdeaProjects/cex-exchange/cex-exchange/internal/websocket/manager.go:208

2025-12-02T08:37:48.407+08:00 [ERRO] 获取24小时成交量失败: element of parameter "pointer" for function Scan should type of struct/*struct/[]struct/[]*struct 
Stack:
1.  cex-exchange/internal/websocket.GetPriceChangeData
    /Users/zhanjun/IdeaProjects/cex-exchange/cex-exchange/internal/websocket/data.go:187
2.  cex-exchange/internal/websocket.SendMarketData
    /Users/zhanjun/IdeaProjects/cex-exchange/cex-exchange/internal/websocket/manager.go:208

2025-12-02T08:37:48.546+08:00 [ERRO] 获取昨日K线失败: sql: no rows in result set 
Stack:
1.  cex-exchange/internal/websocket.GetPriceChangeData
    /Users/zhanjun/IdeaProjects/cex-exchange/cex-exchange/internal/websocket/data.go:149
2.  cex-exchange/internal/websocket.SendMarketData
    /Users/zhanjun/IdeaProjects/cex-exchange/cex-exchange/internal/websocket/manager.go:208

2025-12-02T08:37:48.580+08:00 [ERRO] 获取最新K线失败: sql: no rows in result set 
Stack:
1.  cex-exchange/internal/websocket.GetPriceChangeData
    /Users/zhanjun/IdeaProjects/cex-exchange/cex-exchange/internal/websocket/data.go:132
2.  cex-exchange/internal/websocket.SendMarketData
    /Users/zhanjun/IdeaProjects/cex-exchange/cex-exchange/internal/websocket/manager.go:208

2025-12-02T08:37:49.131+08:00 [ERRO] 获取最新K线失败: sql: no rows in result set 
Stack:
1.  cex-exchange/internal/websocket.GetPriceChangeData
    /Users/zhanjun/IdeaProjects/cex-exchange/cex-exchange/internal/websocket/data.go:132
2.  cex-exchange/internal/websocket.SendMarketData
    /Users/zhanjun/IdeaProjects/cex-exchange/cex-exchange/internal/websocket/manager.go:208

2025-12-02T08:37:49.132+08:00 [ERRO] 获取24小时成交量失败: element of parameter "pointer" for function Scan should type of struct/*struct/[]struct/[]*struct 
Stack:
1.  cex-exchange/internal/websocket.GetPriceChangeData
    /Users/zhanjun/IdeaProjects/cex-exchange/cex-exchange/internal/websocket/data.go:187
2.  cex-exchange/internal/websocket.SendMarketData
    /Users/zhanjun/IdeaProjects/cex-exchange/cex-exchange/internal/websocket/manager.go:208

2025-12-02T08:37:49.199+08:00 [ERRO] 获取最新K线失败: sql: no rows in result set 
Stack:
1.  cex-exchange/internal/websocket.GetPriceChangeData
    /Users/zhanjun/IdeaProjects/cex-exchange/cex-exchange/internal/websocket/data.go:132
2.  cex-exchange/internal/websocket.SendMarketData
    /Users/zhanjun/IdeaProjects/cex-exchange/cex-exchange/internal/websocket/manager.go:208

2025-12-02T08:37:49.380+08:00 [ERRO] 获取昨日K线失败: sql: no rows in result set 
Stack:
1.  cex-exchange/internal/websocket.GetPriceChangeData
    /Users/zhanjun/IdeaProjects/cex-exchange/cex-exchange/internal/websocket/data.go:149
2.  cex-exchange/internal/websocket.SendMarketData
    /Users/zhanjun/IdeaProjects/cex-exchange/cex-exchange/internal/websocket/manager.go:208

2025-12-02T08:37:49.472+08:00 [ERRO] 获取24小时成交量失败: element of parameter "pointer" for function Scan should type of struct/*struct/[]struct/[]*struct 
Stack:
1.  cex-exchange/internal/websocket.GetPriceChangeData
    /Users/zhanjun/IdeaProjects/cex-exchange/cex-exchange/internal/websocket/data.go:187
2.  cex-exchange/internal/websocket.SendMarketData
    /Users/zhanjun/IdeaProjects/cex-exchange/cex-exchange/internal/websocket/manager.go:208

2025-12-02T08:37:50.070+08:00 [ERRO] 获取最新K线失败: sql: no rows in result set 
Stack:
1.  cex-exchange/internal/websocket.GetPriceChangeData
    /Users/zhanjun/IdeaProjects/cex-exchange/cex-exchange/internal/websocket/data.go:132
2.  cex-exchange/internal/websocket.SendMarketData
    /Users/zhanjun/IdeaProjects/cex-exchange/cex-exchange/internal/websocket/manager.go:208

2025-12-02T08:37:50.099+08:00 [ERRO] 获取昨日K线失败: sql: no rows in result set 
Stack:
1.  cex-exchange/internal/websocket.GetPriceChangeData
    /Users/zhanjun/IdeaProjects/cex-exchange/cex-exchange/internal/websocket/data.go:149
2.  cex-exchange/internal/websocket.SendMarketData
    /Users/zhanjun/IdeaProjects/cex-exchange/cex-exchange/internal/websocket/manager.go:208

2025-12-02T08:37:50.150+08:00 [ERRO] 获取最新K线失败: sql: no rows in result set 
Stack:
1.  cex-exchange/internal/websocket.GetPriceChangeData
    /Users/zhanjun/IdeaProjects/cex-exchange/cex-exchange/internal/websocket/data.go:132
2.  cex-exchange/internal/websocket.SendMarketData
    /Users/zhanjun/IdeaProjects/cex-exchange/cex-exchange/internal/websocket/manager.go:208

2025-12-02T08:37:50.207+08:00 [INFO] pid[43743]: all servers shutdown
2025-12-02T08:38:35.964+08:00 [INFO] {e003d220043f7d183bf03b0629d2180d} Config path set to: manifest/config
2025-12-02T08:38:39.000+08:00 [INFO] {e003d220043f7d183bf03b0629d2180d} ✅ Database connected successfully!
2025-12-02T08:38:40.474+08:00 [INFO] ✅ Redis connected successfully (v8)!
2025-12-02T08:38:40.479+08:00 [INFO] {d86ad32d053f7d183cf03b067403b774} WebSocket管理器已启动
2025-12-02T08:38:40.479+08:00 [INFO] {d86ad32d053f7d183cf03b067403b774} 行情数据推送已启动
2025-12-02T08:38:40.484+08:00 [INFO] pid[43877]: http server started listening on [:8080]
2025-12-02T08:38:40.484+08:00 [INFO] openapi specification is disabled

----------|--------|-------------------------------|--------------------------------------------------------------------------|--------------------
| ADDRESS | METHOD |             ROUTE             |                                 HANDLER                                  |    MIDDLEWARE     |
----------|--------|-------------------------------|--------------------------------------------------------------------------|--------------------
| :8080   | ALL    | /*                            | cex-exchange/internal/middleware.ResponseHandler                         | GLOBAL MIDDLEWARE |
----------|--------|-------------------------------|--------------------------------------------------------------------------|--------------------
| :8080   | GET    | /api/accounts                 | cex-exchange/internal/controller/funds.(*ControllerV1).ListAccounts      | middleware.Auth   |
----------|--------|-------------------------------|--------------------------------------------------------------------------|--------------------
| :8080   | GET    | /api/admin/accounts           | cex-exchange/internal/controller/admin.(*ControllerV1).ListAccounts      | middleware.Auth   |
----------|--------|-------------------------------|--------------------------------------------------------------------------|--------------------
| :8080   | POST   | /api/admin/accounts/add-funds | cex-exchange/internal/controller/admin.(*ControllerV1).AddFunds          | middleware.Auth   |
----------|--------|-------------------------------|--------------------------------------------------------------------------|--------------------
| :8080   | GET    | /api/admin/orders             | cex-exchange/internal/controller/admin.(*ControllerV1).ListOrders        | middleware.Auth   |
----------|--------|-------------------------------|--------------------------------------------------------------------------|--------------------
| :8080   | POST   | /api/admin/orders/{id}/cancel | cex-exchange/internal/controller/admin.(*ControllerV1).CancelOrder       | middleware.Auth   |
----------|--------|-------------------------------|--------------------------------------------------------------------------|--------------------
| :8080   | GET    | /api/admin/users              | cex-exchange/internal/controller/admin.(*ControllerV1).ListUsers         | middleware.Auth   |
----------|--------|-------------------------------|--------------------------------------------------------------------------|--------------------
| :8080   | POST   | /api/deposit                  | cex-exchange/internal/controller/funds.(*ControllerV1).Deposit           | middleware.Auth   |
----------|--------|-------------------------------|--------------------------------------------------------------------------|--------------------
| :8080   | POST   | /api/login                    | cex-exchange/internal/controller/auth.(*ControllerV1).Login              |                   |
----------|--------|-------------------------------|--------------------------------------------------------------------------|--------------------
| :8080   | GET    | /api/my_orders                | cex-exchange/internal/controller/order.(*ControllerV1).ListMyOrders      | middleware.Auth   |
----------|--------|-------------------------------|--------------------------------------------------------------------------|--------------------
| :8080   | GET    | /api/my_trades                | cex-exchange/internal/controller/order.(*ControllerV1).ListMyTrades      | middleware.Auth   |
----------|--------|-------------------------------|--------------------------------------------------------------------------|--------------------
| :8080   | POST   | /api/order                    | cex-exchange/internal/controller/order.(*ControllerV1).PlaceOrder        | middleware.Auth   |
----------|--------|-------------------------------|--------------------------------------------------------------------------|--------------------
| :8080   | GET    | /api/orderbook                | cex-exchange/internal/controller/trade.(*ControllerV1).GetOrderBook      | middleware.Auth   |
----------|--------|-------------------------------|--------------------------------------------------------------------------|--------------------
| :8080   | POST   | /api/register                 | cex-exchange/internal/controller/auth.(*ControllerV1).Register           |                   |
----------|--------|-------------------------------|--------------------------------------------------------------------------|--------------------
| :8080   | GET    | /api/trades                   | cex-exchange/internal/controller/trade.(*ControllerV1).GetTrades         | middleware.Auth   |
----------|--------|-------------------------------|--------------------------------------------------------------------------|--------------------
| :8080   | GET    | /ws                           | cex-exchange/internal/controller/websocket.(*Controller).HandleWebSocket |                   |
----------|--------|-------------------------------|--------------------------------------------------------------------------|--------------------
| :8080   | GET    | /ws/status                    | cex-exchange/internal/controller/websocket.(*Controller).GetStatus       |                   |
----------|--------|-------------------------------|--------------------------------------------------------------------------|--------------------

2025-12-02T08:38:46.566+08:00 [ERRO] 获取最新K线失败: sql: no rows in result set 
Stack:
1.  cex-exchange/internal/websocket.GetPriceChangeData
    /Users/zhanjun/IdeaProjects/cex-exchange/cex-exchange/internal/websocket/data.go:132
2.  cex-exchange/internal/websocket.SendMarketData
    /Users/zhanjun/IdeaProjects/cex-exchange/cex-exchange/internal/websocket/manager.go:208

2025-12-02T08:38:48.436+08:00 [ERRO] 获取最新K线失败: sql: no rows in result set 
Stack:
1.  cex-exchange/internal/websocket.GetPriceChangeData
    /Users/zhanjun/IdeaProjects/cex-exchange/cex-exchange/internal/websocket/data.go:132
2.  cex-exchange/internal/websocket.SendMarketData
    /Users/zhanjun/IdeaProjects/cex-exchange/cex-exchange/internal/websocket/manager.go:208

2025-12-02T08:38:48.506+08:00 [ERRO] 获取最新K线失败: sql: no rows in result set 
Stack:
1.  cex-exchange/internal/websocket.GetPriceChangeData
    /Users/zhanjun/IdeaProjects/cex-exchange/cex-exchange/internal/websocket/data.go:132
2.  cex-exchange/internal/websocket.SendMarketData
    /Users/zhanjun/IdeaProjects/cex-exchange/cex-exchange/internal/websocket/manager.go:208

2025-12-02T08:38:49.377+08:00 [ERRO] 获取最新K线失败: sql: no rows in result set 
Stack:
1.  cex-exchange/internal/websocket.GetPriceChangeData
    /Users/zhanjun/IdeaProjects/cex-exchange/cex-exchange/internal/websocket/data.go:132
2.  cex-exchange/internal/websocket.SendMarketData
    /Users/zhanjun/IdeaProjects/cex-exchange/cex-exchange/internal/websocket/manager.go:208

2025-12-02T08:38:49.414+08:00 [ERRO] 获取最新K线失败: sql: no rows in result set 
Stack:
1.  cex-exchange/internal/websocket.GetPriceChangeData
    /Users/zhanjun/IdeaProjects/cex-exchange/cex-exchange/internal/websocket/data.go:132
2.  cex-exchange/internal/websocket.SendMarketData
    /Users/zhanjun/IdeaProjects/cex-exchange/cex-exchange/internal/websocket/manager.go:208

2025-12-02T08:38:49.709+08:00 [ERRO] 获取最新K线失败: sql: no rows in result set 
Stack:
1.  cex-exchange/internal/websocket.GetPriceChangeData
    /Users/zhanjun/IdeaProjects/cex-exchange/cex-exchange/internal/websocket/data.go:132
2.  cex-exchange/internal/websocket.SendMarketData
    /Users/zhanjun/IdeaProjects/cex-exchange/cex-exchange/internal/websocket/manager.go:208

2025-12-02T08:38:49.742+08:00 [ERRO] 获取最新K线失败: sql: no rows in result set 
Stack:
1.  cex-exchange/internal/websocket.GetPriceChangeData
    /Users/zhanjun/IdeaProjects/cex-exchange/cex-exchange/internal/websocket/data.go:132
2.  cex-exchange/internal/websocket.SendMarketData
    /Users/zhanjun/IdeaProjects/cex-exchange/cex-exchange/internal/websocket/manager.go:208

2025-12-02T08:38:50.403+08:00 [ERRO] 获取昨日K线失败: sql: no rows in result set 
Stack:
1.  cex-exchange/internal/websocket.GetPriceChangeData
    /Users/zhanjun/IdeaProjects/cex-exchange/cex-exchange/internal/websocket/data.go:149
2.  cex-exchange/internal/websocket.SendMarketData
    /Users/zhanjun/IdeaProjects/cex-exchange/cex-exchange/internal/websocket/manager.go:208

2025-12-02T08:38:50.403+08:00 [ERRO] 获取最新K线失败: sql: no rows in result set 
Stack:
1.  cex-exchange/internal/websocket.GetPriceChangeData
    /Users/zhanjun/IdeaProjects/cex-exchange/cex-exchange/internal/websocket/data.go:132
2.  cex-exchange/internal/websocket.SendMarketData
    /Users/zhanjun/IdeaProjects/cex-exchange/cex-exchange/internal/websocket/manager.go:208

2025-12-02T08:38:50.403+08:00 [ERRO] 获取昨日K线失败: sql: no rows in result set 
Stack:
1.  cex-exchange/internal/websocket.GetPriceChangeData
    /Users/zhanjun/IdeaProjects/cex-exchange/cex-exchange/internal/websocket/data.go:149
2.  cex-exchange/internal/websocket.SendMarketData
    /Users/zhanjun/IdeaProjects/cex-exchange/cex-exchange/internal/websocket/manager.go:208

2025-12-02T08:38:50.745+08:00 [ERRO] 获取最新K线失败: sql: no rows in result set 
Stack:
1.  cex-exchange/internal/websocket.GetPriceChangeData
    /Users/zhanjun/IdeaProjects/cex-exchange/cex-exchange/internal/websocket/data.go:132
2.  cex-exchange/internal/websocket.SendMarketData
    /Users/zhanjun/IdeaProjects/cex-exchange/cex-exchange/internal/websocket/manager.go:208

2025-12-02T08:38:50.881+08:00 [ERRO] 获取最新K线失败: sql: no rows in result set 
Stack:
1.  cex-exchange/internal/websocket.GetPriceChangeData
    /Users/zhanjun/IdeaProjects/cex-exchange/cex-exchange/internal/websocket/data.go:132
2.  cex-exchange/internal/websocket.SendMarketData
    /Users/zhanjun/IdeaProjects/cex-exchange/cex-exchange/internal/websocket/manager.go:208

2025-12-02T08:38:51.060+08:00 [ERRO] 获取24小时成交量失败: element of parameter "pointer" for function Scan should type of struct/*struct/[]struct/[]*struct 
Stack:
1.  cex-exchange/internal/websocket.GetPriceChangeData
    /Users/zhanjun/IdeaProjects/cex-exchange/cex-exchange/internal/websocket/data.go:187
2.  cex-exchange/internal/websocket.SendMarketData
    /Users/zhanjun/IdeaProjects/cex-exchange/cex-exchange/internal/websocket/manager.go:208

2025-12-02T08:38:51.388+08:00 [ERRO] 获取昨日K线失败: sql: no rows in result set 
Stack:
1.  cex-exchange/internal/websocket.GetPriceChangeData
    /Users/zhanjun/IdeaProjects/cex-exchange/cex-exchange/internal/websocket/data.go:149
2.  cex-exchange/internal/websocket.SendMarketData
    /Users/zhanjun/IdeaProjects/cex-exchange/cex-exchange/internal/websocket/manager.go:208

2025-12-02T08:38:51.393+08:00 [ERRO] 获取24小时成交量失败: element of parameter "pointer" for function Scan should type of struct/*struct/[]struct/[]*struct 
Stack:
1.  cex-exchange/internal/websocket.GetPriceChangeData
    /Users/zhanjun/IdeaProjects/cex-exchange/cex-exchange/internal/websocket/data.go:187
2.  cex-exchange/internal/websocket.SendMarketData
    /Users/zhanjun/IdeaProjects/cex-exchange/cex-exchange/internal/websocket/manager.go:208

2025-12-02T08:38:51.797+08:00 [ERRO] 获取昨日K线失败: sql: no rows in result set 
Stack:
1.  cex-exchange/internal/websocket.GetPriceChangeData
    /Users/zhanjun/IdeaProjects/cex-exchange/cex-exchange/internal/websocket/data.go:149
2.  cex-exchange/internal/websocket.SendMarketData
    /Users/zhanjun/IdeaProjects/cex-exchange/cex-exchange/internal/websocket/manager.go:208

2025-12-02T08:38:51.912+08:00 [ERRO] 获取昨日K线失败: sql: no rows in result set 
Stack:
1.  cex-exchange/internal/websocket.GetPriceChangeData
    /Users/zhanjun/IdeaProjects/cex-exchange/cex-exchange/internal/websocket/data.go:149
2.  cex-exchange/internal/websocket.SendMarketData
    /Users/zhanjun/IdeaProjects/cex-exchange/cex-exchange/internal/websocket/manager.go:208

2025-12-02T08:38:51.913+08:00 [ERRO] 获取昨日K线失败: sql: no rows in result set 
Stack:
1.  cex-exchange/internal/websocket.GetPriceChangeData
    /Users/zhanjun/IdeaProjects/cex-exchange/cex-exchange/internal/websocket/data.go:149
2.  cex-exchange/internal/websocket.SendMarketData
    /Users/zhanjun/IdeaProjects/cex-exchange/cex-exchange/internal/websocket/manager.go:208

2025-12-02T08:38:52.312+08:00 [ERRO] 获取24小时成交量失败: element of parameter "pointer" for function Scan should type of struct/*struct/[]struct/[]*struct 
Stack:
1.  cex-exchange/internal/websocket.GetPriceChangeData
    /Users/zhanjun/IdeaProjects/cex-exchange/cex-exchange/internal/websocket/data.go:187
2.  cex-exchange/internal/websocket.SendMarketData
    /Users/zhanjun/IdeaProjects/cex-exchange/cex-exchange/internal/websocket/manager.go:208

2025-12-02T08:38:52.511+08:00 [ERRO] 获取最新K线失败: sql: no rows in result set 
Stack:
1.  cex-exchange/internal/websocket.GetPriceChangeData
    /Users/zhanjun/IdeaProjects/cex-exchange/cex-exchange/internal/websocket/data.go:132
2.  cex-exchange/internal/websocket.SendMarketData
    /Users/zhanjun/IdeaProjects/cex-exchange/cex-exchange/internal/websocket/manager.go:208

2025-12-02T08:38:52.573+08:00 [ERRO] 获取24小时成交量失败: element of parameter "pointer" for function Scan should type of struct/*struct/[]struct/[]*struct 
Stack:
1.  cex-exchange/internal/websocket.GetPriceChangeData
    /Users/zhanjun/IdeaProjects/cex-exchange/cex-exchange/internal/websocket/data.go:187
2.  cex-exchange/internal/websocket.SendMarketData
    /Users/zhanjun/IdeaProjects/cex-exchange/cex-exchange/internal/websocket/manager.go:208

2025-12-02T08:38:52.755+08:00 [ERRO] 获取24小时成交量失败: element of parameter "pointer" for function Scan should type of struct/*struct/[]struct/[]*struct 
Stack:
1.  cex-exchange/internal/websocket.GetPriceChangeData
    /Users/zhanjun/IdeaProjects/cex-exchange/cex-exchange/internal/websocket/data.go:187
2.  cex-exchange/internal/websocket.SendMarketData
    /Users/zhanjun/IdeaProjects/cex-exchange/cex-exchange/internal/websocket/manager.go:208

2025-12-02T08:38:52.780+08:00 [ERRO] 获取最新K线失败: sql: no rows in result set 
Stack:
1.  cex-exchange/internal/websocket.GetPriceChangeData
    /Users/zhanjun/IdeaProjects/cex-exchange/cex-exchange/internal/websocket/data.go:132
2.  cex-exchange/internal/websocket.SendMarketData
    /Users/zhanjun/IdeaProjects/cex-exchange/cex-exchange/internal/websocket/manager.go:208

2025-12-02T08:38:52.849+08:00 [ERRO] 获取24小时成交量失败: element of parameter "pointer" for function Scan should type of struct/*struct/[]struct/[]*struct 
Stack:
1.  cex-exchange/internal/websocket.GetPriceChangeData
    /Users/zhanjun/IdeaProjects/cex-exchange/cex-exchange/internal/websocket/data.go:187
2.  cex-exchange/internal/websocket.SendMarketData
    /Users/zhanjun/IdeaProjects/cex-exchange/cex-exchange/internal/websocket/manager.go:208

2025-12-02T08:38:53.004+08:00 [ERRO] 获取昨日K线失败: sql: no rows in result set 
Stack:
1.  cex-exchange/internal/websocket.GetPriceChangeData
    /Users/zhanjun/IdeaProjects/cex-exchange/cex-exchange/internal/websocket/data.go:149
2.  cex-exchange/internal/websocket.SendMarketData
    /Users/zhanjun/IdeaProjects/cex-exchange/cex-exchange/internal/websocket/manager.go:208

2025-12-02T08:38:53.294+08:00 [ERRO] 获取最新K线失败: sql: no rows in result set 
Stack:
1.  cex-exchange/internal/websocket.GetPriceChangeData
    /Users/zhanjun/IdeaProjects/cex-exchange/cex-exchange/internal/websocket/data.go:132
2.  cex-exchange/internal/websocket.SendMarketData
    /Users/zhanjun/IdeaProjects/cex-exchange/cex-exchange/internal/websocket/manager.go:208

2025-12-02T08:38:53.294+08:00 [ERRO] 获取最新K线失败: sql: no rows in result set 
Stack:
1.  cex-exchange/internal/websocket.GetPriceChangeData
    /Users/zhanjun/IdeaProjects/cex-exchange/cex-exchange/internal/websocket/data.go:132
2.  cex-exchange/internal/websocket.SendMarketData
    /Users/zhanjun/IdeaProjects/cex-exchange/cex-exchange/internal/websocket/manager.go:208

2025-12-02T08:38:53.302+08:00 [ERRO] 获取昨日K线失败: sql: no rows in result set 
Stack:
1.  cex-exchange/internal/websocket.GetPriceChangeData
    /Users/zhanjun/IdeaProjects/cex-exchange/cex-exchange/internal/websocket/data.go:149
2.  cex-exchange/internal/websocket.SendMarketData
    /Users/zhanjun/IdeaProjects/cex-exchange/cex-exchange/internal/websocket/manager.go:208

2025-12-02T08:38:53.348+08:00 [ERRO] 获取最新K线失败: sql: no rows in result set 
Stack:
1.  cex-exchange/internal/websocket.GetPriceChangeData
    /Users/zhanjun/IdeaProjects/cex-exchange/cex-exchange/internal/websocket/data.go:132
2.  cex-exchange/internal/websocket.SendMarketData
    /Users/zhanjun/IdeaProjects/cex-exchange/cex-exchange/internal/websocket/manager.go:208

2025-12-02T08:38:53.366+08:00 [ERRO] 获取最新K线失败: sql: no rows in result set 
Stack:
1.  cex-exchange/internal/websocket.GetPriceChangeData
    /Users/zhanjun/IdeaProjects/cex-exchange/cex-exchange/internal/websocket/data.go:132
2.  cex-exchange/internal/websocket.SendMarketData
    /Users/zhanjun/IdeaProjects/cex-exchange/cex-exchange/internal/websocket/manager.go:208

2025-12-02T08:38:54.075+08:00 [ERRO] 获取24小时成交量失败: element of parameter "pointer" for function Scan should type of struct/*struct/[]struct/[]*struct 
Stack:
1.  cex-exchange/internal/websocket.GetPriceChangeData
    /Users/zhanjun/IdeaProjects/cex-exchange/cex-exchange/internal/websocket/data.go:187
2.  cex-exchange/internal/websocket.SendMarketData
    /Users/zhanjun/IdeaProjects/cex-exchange/cex-exchange/internal/websocket/manager.go:208

2025-12-02T08:38:54.075+08:00 [ERRO] 获取最新K线失败: sql: no rows in result set 
Stack:
1.  cex-exchange/internal/websocket.GetPriceChangeData
    /Users/zhanjun/IdeaProjects/cex-exchange/cex-exchange/internal/websocket/data.go:132
2.  cex-exchange/internal/websocket.SendMarketData
    /Users/zhanjun/IdeaProjects/cex-exchange/cex-exchange/internal/websocket/manager.go:208

2025-12-02T08:38:54.076+08:00 [ERRO] 获取24小时成交量失败: element of parameter "pointer" for function Scan should type of struct/*struct/[]struct/[]*struct 
Stack:
1.  cex-exchange/internal/websocket.GetPriceChangeData
    /Users/zhanjun/IdeaProjects/cex-exchange/cex-exchange/internal/websocket/data.go:187
2.  cex-exchange/internal/websocket.SendMarketData
    /Users/zhanjun/IdeaProjects/cex-exchange/cex-exchange/internal/websocket/manager.go:208

2025-12-02T08:38:54.598+08:00 [ERRO] 获取最新K线失败: sql: no rows in result set 
Stack:
1.  cex-exchange/internal/websocket.GetPriceChangeData
    /Users/zhanjun/IdeaProjects/cex-exchange/cex-exchange/internal/websocket/data.go:132
2.  cex-exchange/internal/websocket.SendMarketData
    /Users/zhanjun/IdeaProjects/cex-exchange/cex-exchange/internal/websocket/manager.go:208

2025-12-02T08:38:54.598+08:00 [ERRO] 获取昨日K线失败: sql: no rows in result set 
Stack:
1.  cex-exchange/internal/websocket.GetPriceChangeData
    /Users/zhanjun/IdeaProjects/cex-exchange/cex-exchange/internal/websocket/data.go:149
2.  cex-exchange/internal/websocket.SendMarketData
    /Users/zhanjun/IdeaProjects/cex-exchange/cex-exchange/internal/websocket/manager.go:208

2025-12-02T08:38:54.598+08:00 [ERRO] 获取最新K线失败: sql: no rows in result set 
Stack:
1.  cex-exchange/internal/websocket.GetPriceChangeData
    /Users/zhanjun/IdeaProjects/cex-exchange/cex-exchange/internal/websocket/data.go:132
2.  cex-exchange/internal/websocket.SendMarketData
    /Users/zhanjun/IdeaProjects/cex-exchange/cex-exchange/internal/websocket/manager.go:208

2025-12-02T08:38:54.598+08:00 [ERRO] 获取最新K线失败: sql: no rows in result set 
Stack:
1.  cex-exchange/internal/websocket.GetPriceChangeData
    /Users/zhanjun/IdeaProjects/cex-exchange/cex-exchange/internal/websocket/data.go:132
2.  cex-exchange/internal/websocket.SendMarketData
    /Users/zhanjun/IdeaProjects/cex-exchange/cex-exchange/internal/websocket/manager.go:208

2025-12-02T08:38:55.124+08:00 [ERRO] 获取最新K线失败: sql: no rows in result set 
Stack:
1.  cex-exchange/internal/websocket.GetPriceChangeData
    /Users/zhanjun/IdeaProjects/cex-exchange/cex-exchange/internal/websocket/data.go:132
2.  cex-exchange/internal/websocket.SendMarketData
    /Users/zhanjun/IdeaProjects/cex-exchange/cex-exchange/internal/websocket/manager.go:208

2025-12-02T08:38:55.594+08:00 [ERRO] 获取24小时成交量失败: element of parameter "pointer" for function Scan should type of struct/*struct/[]struct/[]*struct 
Stack:
1.  cex-exchange/internal/websocket.GetPriceChangeData
    /Users/zhanjun/IdeaProjects/cex-exchange/cex-exchange/internal/websocket/data.go:187
2.  cex-exchange/internal/websocket.SendMarketData
    /Users/zhanjun/IdeaProjects/cex-exchange/cex-exchange/internal/websocket/manager.go:208

2025-12-02T08:38:55.595+08:00 [ERRO] 获取最新K线失败: sql: no rows in result set 
Stack:
1.  cex-exchange/internal/websocket.GetPriceChangeData
    /Users/zhanjun/IdeaProjects/cex-exchange/cex-exchange/internal/websocket/data.go:132
2.  cex-exchange/internal/websocket.SendMarketData
    /Users/zhanjun/IdeaProjects/cex-exchange/cex-exchange/internal/websocket/manager.go:208

2025-12-02T08:38:55.595+08:00 [ERRO] 获取昨日K线失败: sql: no rows in result set 
Stack:
1.  cex-exchange/internal/websocket.GetPriceChangeData
    /Users/zhanjun/IdeaProjects/cex-exchange/cex-exchange/internal/websocket/data.go:149
2.  cex-exchange/internal/websocket.SendMarketData
    /Users/zhanjun/IdeaProjects/cex-exchange/cex-exchange/internal/websocket/manager.go:208

2025-12-02T08:38:56.111+08:00 [ERRO] 获取昨日K线失败: sql: no rows in result set 
Stack:
1.  cex-exchange/internal/websocket.GetPriceChangeData
    /Users/zhanjun/IdeaProjects/cex-exchange/cex-exchange/internal/websocket/data.go:149
2.  cex-exchange/internal/websocket.SendMarketData
    /Users/zhanjun/IdeaProjects/cex-exchange/cex-exchange/internal/websocket/manager.go:208

2025-12-02T08:38:56.634+08:00 [ERRO] 获取24小时成交量失败: element of parameter "pointer" for function Scan should type of struct/*struct/[]struct/[]*struct 
Stack:
1.  cex-exchange/internal/websocket.GetPriceChangeData
    /Users/zhanjun/IdeaProjects/cex-exchange/cex-exchange/internal/websocket/data.go:187
2.  cex-exchange/internal/websocket.SendMarketData
    /Users/zhanjun/IdeaProjects/cex-exchange/cex-exchange/internal/websocket/manager.go:208

2025-12-02T08:38:56.634+08:00 [ERRO] 获取最新K线失败: sql: no rows in result set 
Stack:
1.  cex-exchange/internal/websocket.GetPriceChangeData
    /Users/zhanjun/IdeaProjects/cex-exchange/cex-exchange/internal/websocket/data.go:132
2.  cex-exchange/internal/websocket.SendMarketData
    /Users/zhanjun/IdeaProjects/cex-exchange/cex-exchange/internal/websocket/manager.go:208

2025-12-02T08:38:57.161+08:00 [ERRO] 获取24小时成交量失败: element of parameter "pointer" for function Scan should type of struct/*struct/[]struct/[]*struct 
Stack:
1.  cex-exchange/internal/websocket.GetPriceChangeData
    /Users/zhanjun/IdeaProjects/cex-exchange/cex-exchange/internal/websocket/data.go:187
2.  cex-exchange/internal/websocket.SendMarketData
    /Users/zhanjun/IdeaProjects/cex-exchange/cex-exchange/internal/websocket/manager.go:208

2025-12-02T08:38:57.162+08:00 [ERRO] 获取昨日K线失败: sql: no rows in result set 
Stack:
1.  cex-exchange/internal/websocket.GetPriceChangeData
    /Users/zhanjun/IdeaProjects/cex-exchange/cex-exchange/internal/websocket/data.go:149
2.  cex-exchange/internal/websocket.SendMarketData
    /Users/zhanjun/IdeaProjects/cex-exchange/cex-exchange/internal/websocket/manager.go:208

2025-12-02T08:38:57.745+08:00 [ERRO] 获取最新K线失败: sql: no rows in result set 
Stack:
1.  cex-exchange/internal/websocket.GetPriceChangeData
    /Users/zhanjun/IdeaProjects/cex-exchange/cex-exchange/internal/websocket/data.go:132
2.  cex-exchange/internal/websocket.SendMarketData
    /Users/zhanjun/IdeaProjects/cex-exchange/cex-exchange/internal/websocket/manager.go:208

2025-12-02T08:38:57.746+08:00 [ERRO] 获取最新K线失败: sql: no rows in result set 
Stack:
1.  cex-exchange/internal/websocket.GetPriceChangeData
    /Users/zhanjun/IdeaProjects/cex-exchange/cex-exchange/internal/websocket/data.go:132
2.  cex-exchange/internal/websocket.SendMarketData
    /Users/zhanjun/IdeaProjects/cex-exchange/cex-exchange/internal/websocket/manager.go:208

2025-12-02T08:38:58.269+08:00 [ERRO] 获取24小时成交量失败: element of parameter "pointer" for function Scan should type of struct/*struct/[]struct/[]*struct 
Stack:
1.  cex-exchange/internal/websocket.GetPriceChangeData
    /Users/zhanjun/IdeaProjects/cex-exchange/cex-exchange/internal/websocket/data.go:187
2.  cex-exchange/internal/websocket.SendMarketData
    /Users/zhanjun/IdeaProjects/cex-exchange/cex-exchange/internal/websocket/manager.go:208

2025-12-02T08:38:58.794+08:00 [ERRO] 获取最新K线失败: sql: no rows in result set 
Stack:
1.  cex-exchange/internal/websocket.GetPriceChangeData
    /Users/zhanjun/IdeaProjects/cex-exchange/cex-exchange/internal/websocket/data.go:132
2.  cex-exchange/internal/websocket.SendMarketData
    /Users/zhanjun/IdeaProjects/cex-exchange/cex-exchange/internal/websocket/manager.go:208

2025-12-02T08:38:58.794+08:00 [ERRO] 获取最新K线失败: sql: no rows in result set 
Stack:
1.  cex-exchange/internal/websocket.GetPriceChangeData
    /Users/zhanjun/IdeaProjects/cex-exchange/cex-exchange/internal/websocket/data.go:132
2.  cex-exchange/internal/websocket.SendMarketData
    /Users/zhanjun/IdeaProjects/cex-exchange/cex-exchange/internal/websocket/manager.go:208

2025-12-02T08:38:58.794+08:00 [ERRO] 获取昨日K线失败: sql: no rows in result set 
Stack:
1.  cex-exchange/internal/websocket.GetPriceChangeData
    /Users/zhanjun/IdeaProjects/cex-exchange/cex-exchange/internal/websocket/data.go:149
2.  cex-exchange/internal/websocket.SendMarketData
    /Users/zhanjun/IdeaProjects/cex-exchange/cex-exchange/internal/websocket/manager.go:208

2025-12-02T08:38:59.317+08:00 [ERRO] 获取最新K线失败: sql: no rows in result set 
Stack:
1.  cex-exchange/internal/websocket.GetPriceChangeData
    /Users/zhanjun/IdeaProjects/cex-exchange/cex-exchange/internal/websocket/data.go:132
2.  cex-exchange/internal/websocket.SendMarketData
    /Users/zhanjun/IdeaProjects/cex-exchange/cex-exchange/internal/websocket/manager.go:208

2025-12-02T08:38:59.842+08:00 [ERRO] 获取最新K线失败: sql: no rows in result set 
Stack:
1.  cex-exchange/internal/websocket.GetPriceChangeData
    /Users/zhanjun/IdeaProjects/cex-exchange/cex-exchange/internal/websocket/data.go:132
2.  cex-exchange/internal/websocket.SendMarketData
    /Users/zhanjun/IdeaProjects/cex-exchange/cex-exchange/internal/websocket/manager.go:208

2025-12-02T08:38:59.843+08:00 [ERRO] 获取24小时成交量失败: element of parameter "pointer" for function Scan should type of struct/*struct/[]struct/[]*struct 
Stack:
1.  cex-exchange/internal/websocket.GetPriceChangeData
    /Users/zhanjun/IdeaProjects/cex-exchange/cex-exchange/internal/websocket/data.go:187
2.  cex-exchange/internal/websocket.SendMarketData
    /Users/zhanjun/IdeaProjects/cex-exchange/cex-exchange/internal/websocket/manager.go:208

2025-12-02T08:38:59.843+08:00 [ERRO] 获取昨日K线失败: sql: no rows in result set 
Stack:
1.  cex-exchange/internal/websocket.GetPriceChangeData
    /Users/zhanjun/IdeaProjects/cex-exchange/cex-exchange/internal/websocket/data.go:149
2.  cex-exchange/internal/websocket.SendMarketData
    /Users/zhanjun/IdeaProjects/cex-exchange/cex-exchange/internal/websocket/manager.go:208

2025-12-02T08:38:59.843+08:00 [ERRO] 获取最新K线失败: sql: no rows in result set 
Stack:
1.  cex-exchange/internal/websocket.GetPriceChangeData
    /Users/zhanjun/IdeaProjects/cex-exchange/cex-exchange/internal/websocket/data.go:132
2.  cex-exchange/internal/websocket.SendMarketData
    /Users/zhanjun/IdeaProjects/cex-exchange/cex-exchange/internal/websocket/manager.go:208

2025-12-02T08:39:00.894+08:00 [ERRO] 获取最新K线失败: sql: no rows in result set 
Stack:
1.  cex-exchange/internal/websocket.GetPriceChangeData
    /Users/zhanjun/IdeaProjects/cex-exchange/cex-exchange/internal/websocket/data.go:132
2.  cex-exchange/internal/websocket.SendMarketData
    /Users/zhanjun/IdeaProjects/cex-exchange/cex-exchange/internal/websocket/manager.go:208

2025-12-02T08:39:00.894+08:00 [ERRO] 获取昨日K线失败: sql: no rows in result set 
Stack:
1.  cex-exchange/internal/websocket.GetPriceChangeData
    /Users/zhanjun/IdeaProjects/cex-exchange/cex-exchange/internal/websocket/data.go:149
2.  cex-exchange/internal/websocket.SendMarketData
    /Users/zhanjun/IdeaProjects/cex-exchange/cex-exchange/internal/websocket/manager.go:208

2025-12-02T08:39:00.894+08:00 [ERRO] 获取最新K线失败: sql: no rows in result set 
Stack:
1.  cex-exchange/internal/websocket.GetPriceChangeData
    /Users/zhanjun/IdeaProjects/cex-exchange/cex-exchange/internal/websocket/data.go:132
2.  cex-exchange/internal/websocket.SendMarketData
    /Users/zhanjun/IdeaProjects/cex-exchange/cex-exchange/internal/websocket/manager.go:208

2025-12-02T08:39:00.896+08:00 [ERRO] 获取24小时成交量失败: element of parameter "pointer" for function Scan should type of struct/*struct/[]struct/[]*struct 
Stack:
1.  cex-exchange/internal/websocket.GetPriceChangeData
    /Users/zhanjun/IdeaProjects/cex-exchange/cex-exchange/internal/websocket/data.go:187
2.  cex-exchange/internal/websocket.SendMarketData
    /Users/zhanjun/IdeaProjects/cex-exchange/cex-exchange/internal/websocket/manager.go:208

2025-12-02T08:39:01.355+08:00 [ERRO] 获取最新K线失败: sql: no rows in result set 
Stack:
1.  cex-exchange/internal/websocket.GetPriceChangeData
    /Users/zhanjun/IdeaProjects/cex-exchange/cex-exchange/internal/websocket/data.go:132
2.  cex-exchange/internal/websocket.SendMarketData
    /Users/zhanjun/IdeaProjects/cex-exchange/cex-exchange/internal/websocket/manager.go:208

2025-12-02T08:39:01.356+08:00 [ERRO] 获取最新K线失败: sql: no rows in result set 
Stack:
1.  cex-exchange/internal/websocket.GetPriceChangeData
    /Users/zhanjun/IdeaProjects/cex-exchange/cex-exchange/internal/websocket/data.go:132
2.  cex-exchange/internal/websocket.SendMarketData
    /Users/zhanjun/IdeaProjects/cex-exchange/cex-exchange/internal/websocket/manager.go:208

2025-12-02T08:39:01.881+08:00 [ERRO] 获取昨日K线失败: sql: no rows in result set 
Stack:
1.  cex-exchange/internal/websocket.GetPriceChangeData
    /Users/zhanjun/IdeaProjects/cex-exchange/cex-exchange/internal/websocket/data.go:149
2.  cex-exchange/internal/websocket.SendMarketData
    /Users/zhanjun/IdeaProjects/cex-exchange/cex-exchange/internal/websocket/manager.go:208

2025-12-02T08:39:01.881+08:00 [ERRO] 获取24小时成交量失败: element of parameter "pointer" for function Scan should type of struct/*struct/[]struct/[]*struct 
Stack:
1.  cex-exchange/internal/websocket.GetPriceChangeData
    /Users/zhanjun/IdeaProjects/cex-exchange/cex-exchange/internal/websocket/data.go:187
2.  cex-exchange/internal/websocket.SendMarketData
    /Users/zhanjun/IdeaProjects/cex-exchange/cex-exchange/internal/websocket/manager.go:208

2025-12-02T08:39:02.467+08:00 [ERRO] 获取最新K线失败: sql: no rows in result set 
Stack:
1.  cex-exchange/internal/websocket.GetPriceChangeData
    /Users/zhanjun/IdeaProjects/cex-exchange/cex-exchange/internal/websocket/data.go:132
2.  cex-exchange/internal/websocket.SendMarketData
    /Users/zhanjun/IdeaProjects/cex-exchange/cex-exchange/internal/websocket/manager.go:208

2025-12-02T08:39:02.470+08:00 [ERRO] 获取昨日K线失败: sql: no rows in result set 
Stack:
1.  cex-exchange/internal/websocket.GetPriceChangeData
    /Users/zhanjun/IdeaProjects/cex-exchange/cex-exchange/internal/websocket/data.go:149
2.  cex-exchange/internal/websocket.SendMarketData
    /Users/zhanjun/IdeaProjects/cex-exchange/cex-exchange/internal/websocket/manager.go:208

2025-12-02T08:39:02.470+08:00 [ERRO] 获取最新K线失败: sql: no rows in result set 
Stack:
1.  cex-exchange/internal/websocket.GetPriceChangeData
    /Users/zhanjun/IdeaProjects/cex-exchange/cex-exchange/internal/websocket/data.go:132
2.  cex-exchange/internal/websocket.SendMarketData
    /Users/zhanjun/IdeaProjects/cex-exchange/cex-exchange/internal/websocket/manager.go:208

2025-12-02T08:39:02.987+08:00 [ERRO] 获取24小时成交量失败: element of parameter "pointer" for function Scan should type of struct/*struct/[]struct/[]*struct 
Stack:
1.  cex-exchange/internal/websocket.GetPriceChangeData
    /Users/zhanjun/IdeaProjects/cex-exchange/cex-exchange/internal/websocket/data.go:187
2.  cex-exchange/internal/websocket.SendMarketData
    /Users/zhanjun/IdeaProjects/cex-exchange/cex-exchange/internal/websocket/manager.go:208

2025-12-02T08:39:03.514+08:00 [ERRO] 获取最新K线失败: sql: no rows in result set 
Stack:
1.  cex-exchange/internal/websocket.GetPriceChangeData
    /Users/zhanjun/IdeaProjects/cex-exchange/cex-exchange/internal/websocket/data.go:132
2.  cex-exchange/internal/websocket.SendMarketData
    /Users/zhanjun/IdeaProjects/cex-exchange/cex-exchange/internal/websocket/manager.go:208

2025-12-02T08:39:03.516+08:00 [ERRO] 获取最新K线失败: sql: no rows in result set 
Stack:
1.  cex-exchange/internal/websocket.GetPriceChangeData
    /Users/zhanjun/IdeaProjects/cex-exchange/cex-exchange/internal/websocket/data.go:132
2.  cex-exchange/internal/websocket.SendMarketData
    /Users/zhanjun/IdeaProjects/cex-exchange/cex-exchange/internal/websocket/manager.go:208

2025-12-02T08:39:03.517+08:00 [ERRO] 获取24小时成交量失败: element of parameter "pointer" for function Scan should type of struct/*struct/[]struct/[]*struct 
Stack:
1.  cex-exchange/internal/websocket.GetPriceChangeData
    /Users/zhanjun/IdeaProjects/cex-exchange/cex-exchange/internal/websocket/data.go:187
2.  cex-exchange/internal/websocket.SendMarketData
    /Users/zhanjun/IdeaProjects/cex-exchange/cex-exchange/internal/websocket/manager.go:208

2025-12-02T08:39:03.517+08:00 [ERRO] 获取昨日K线失败: sql: no rows in result set 
Stack:
1.  cex-exchange/internal/websocket.GetPriceChangeData
    /Users/zhanjun/IdeaProjects/cex-exchange/cex-exchange/internal/websocket/data.go:149
2.  cex-exchange/internal/websocket.SendMarketData
    /Users/zhanjun/IdeaProjects/cex-exchange/cex-exchange/internal/websocket/manager.go:208

2025-12-02T08:39:04.501+08:00 [ERRO] 获取昨日K线失败: sql: no rows in result set 
Stack:
1.  cex-exchange/internal/websocket.GetPriceChangeData
    /Users/zhanjun/IdeaProjects/cex-exchange/cex-exchange/internal/websocket/data.go:149
2.  cex-exchange/internal/websocket.SendMarketData
    /Users/zhanjun/IdeaProjects/cex-exchange/cex-exchange/internal/websocket/manager.go:208

2025-12-02T08:39:04.501+08:00 [ERRO] 获取24小时成交量失败: element of parameter "pointer" for function Scan should type of struct/*struct/[]struct/[]*struct 
Stack:
1.  cex-exchange/internal/websocket.GetPriceChangeData
    /Users/zhanjun/IdeaProjects/cex-exchange/cex-exchange/internal/websocket/data.go:187
2.  cex-exchange/internal/websocket.SendMarketData
    /Users/zhanjun/IdeaProjects/cex-exchange/cex-exchange/internal/websocket/manager.go:208

2025-12-02T08:39:04.504+08:00 [ERRO] 获取最新K线失败: sql: no rows in result set 
Stack:
1.  cex-exchange/internal/websocket.GetPriceChangeData
    /Users/zhanjun/IdeaProjects/cex-exchange/cex-exchange/internal/websocket/data.go:132
2.  cex-exchange/internal/websocket.SendMarketData
    /Users/zhanjun/IdeaProjects/cex-exchange/cex-exchange/internal/websocket/manager.go:208

2025-12-02T08:39:04.505+08:00 [ERRO] 获取最新K线失败: sql: no rows in result set 
Stack:
1.  cex-exchange/internal/websocket.GetPriceChangeData
    /Users/zhanjun/IdeaProjects/cex-exchange/cex-exchange/internal/websocket/data.go:132
2.  cex-exchange/internal/websocket.SendMarketData
    /Users/zhanjun/IdeaProjects/cex-exchange/cex-exchange/internal/websocket/manager.go:208

2025-12-02T08:39:05.551+08:00 [ERRO] 获取最新K线失败: sql: no rows in result set 
Stack:
1.  cex-exchange/internal/websocket.GetPriceChangeData
    /Users/zhanjun/IdeaProjects/cex-exchange/cex-exchange/internal/websocket/data.go:132
2.  cex-exchange/internal/websocket.SendMarketData
    /Users/zhanjun/IdeaProjects/cex-exchange/cex-exchange/internal/websocket/manager.go:208

2025-12-02T08:39:05.552+08:00 [ERRO] 获取最新K线失败: sql: no rows in result set 
Stack:
1.  cex-exchange/internal/websocket.GetPriceChangeData
    /Users/zhanjun/IdeaProjects/cex-exchange/cex-exchange/internal/websocket/data.go:132
2.  cex-exchange/internal/websocket.SendMarketData
    /Users/zhanjun/IdeaProjects/cex-exchange/cex-exchange/internal/websocket/manager.go:208

2025-12-02T08:39:05.552+08:00 [ERRO] 获取昨日K线失败: sql: no rows in result set 
Stack:
1.  cex-exchange/internal/websocket.GetPriceChangeData
    /Users/zhanjun/IdeaProjects/cex-exchange/cex-exchange/internal/websocket/data.go:149
2.  cex-exchange/internal/websocket.SendMarketData
    /Users/zhanjun/IdeaProjects/cex-exchange/cex-exchange/internal/websocket/manager.go:208

2025-12-02T08:39:05.553+08:00 [ERRO] 获取24小时成交量失败: element of parameter "pointer" for function Scan should type of struct/*struct/[]struct/[]*struct 
Stack:
1.  cex-exchange/internal/websocket.GetPriceChangeData
    /Users/zhanjun/IdeaProjects/cex-exchange/cex-exchange/internal/websocket/data.go:187
2.  cex-exchange/internal/websocket.SendMarketData
    /Users/zhanjun/IdeaProjects/cex-exchange/cex-exchange/internal/websocket/manager.go:208

2025-12-02T08:39:06.504+08:00 [ERRO] 获取昨日K线失败: sql: no rows in result set 
Stack:
1.  cex-exchange/internal/websocket.GetPriceChangeData
    /Users/zhanjun/IdeaProjects/cex-exchange/cex-exchange/internal/websocket/data.go:149
2.  cex-exchange/internal/websocket.SendMarketData
    /Users/zhanjun/IdeaProjects/cex-exchange/cex-exchange/internal/websocket/manager.go:208

2025-12-02T08:39:06.513+08:00 [ERRO] 获取24小时成交量失败: element of parameter "pointer" for function Scan should type of struct/*struct/[]struct/[]*struct 
Stack:
1.  cex-exchange/internal/websocket.GetPriceChangeData
    /Users/zhanjun/IdeaProjects/cex-exchange/cex-exchange/internal/websocket/data.go:187
2.  cex-exchange/internal/websocket.SendMarketData
    /Users/zhanjun/IdeaProjects/cex-exchange/cex-exchange/internal/websocket/manager.go:208

2025-12-02T08:39:06.597+08:00 [ERRO] 获取最新K线失败: sql: no rows in result set 
Stack:
1.  cex-exchange/internal/websocket.GetPriceChangeData
    /Users/zhanjun/IdeaProjects/cex-exchange/cex-exchange/internal/websocket/data.go:132
2.  cex-exchange/internal/websocket.SendMarketData
    /Users/zhanjun/IdeaProjects/cex-exchange/cex-exchange/internal/websocket/manager.go:208

2025-12-02T08:39:06.597+08:00 [ERRO] 获取最新K线失败: sql: no rows in result set 
Stack:
1.  cex-exchange/internal/websocket.GetPriceChangeData
    /Users/zhanjun/IdeaProjects/cex-exchange/cex-exchange/internal/websocket/data.go:132
2.  cex-exchange/internal/websocket.SendMarketData
    /Users/zhanjun/IdeaProjects/cex-exchange/cex-exchange/internal/websocket/manager.go:208

2025-12-02T08:39:07.448+08:00 [ERRO] 获取最新K线失败: sql: no rows in result set 
Stack:
1.  cex-exchange/internal/websocket.GetPriceChangeData
    /Users/zhanjun/IdeaProjects/cex-exchange/cex-exchange/internal/websocket/data.go:132
2.  cex-exchange/internal/websocket.SendMarketData
    /Users/zhanjun/IdeaProjects/cex-exchange/cex-exchange/internal/websocket/manager.go:208

2025-12-02T08:39:07.454+08:00 [ERRO] 获取昨日K线失败: sql: no rows in result set 
Stack:
1.  cex-exchange/internal/websocket.GetPriceChangeData
    /Users/zhanjun/IdeaProjects/cex-exchange/cex-exchange/internal/websocket/data.go:149
2.  cex-exchange/internal/websocket.SendMarketData
    /Users/zhanjun/IdeaProjects/cex-exchange/cex-exchange/internal/websocket/manager.go:208

2025-12-02T08:39:07.645+08:00 [ERRO] 获取24小时成交量失败: element of parameter "pointer" for function Scan should type of struct/*struct/[]struct/[]*struct 
Stack:
1.  cex-exchange/internal/websocket.GetPriceChangeData
    /Users/zhanjun/IdeaProjects/cex-exchange/cex-exchange/internal/websocket/data.go:187
2.  cex-exchange/internal/websocket.SendMarketData
    /Users/zhanjun/IdeaProjects/cex-exchange/cex-exchange/internal/websocket/manager.go:208

2025-12-02T08:39:08.041+08:00 [ERRO] 获取最新K线失败: sql: no rows in result set 
Stack:
1.  cex-exchange/internal/websocket.GetPriceChangeData
    /Users/zhanjun/IdeaProjects/cex-exchange/cex-exchange/internal/websocket/data.go:132
2.  cex-exchange/internal/websocket.SendMarketData
    /Users/zhanjun/IdeaProjects/cex-exchange/cex-exchange/internal/websocket/manager.go:208

2025-12-02T08:39:08.171+08:00 [ERRO] 获取最新K线失败: sql: no rows in result set 
Stack:
1.  cex-exchange/internal/websocket.GetPriceChangeData
    /Users/zhanjun/IdeaProjects/cex-exchange/cex-exchange/internal/websocket/data.go:132
2.  cex-exchange/internal/websocket.SendMarketData
    /Users/zhanjun/IdeaProjects/cex-exchange/cex-exchange/internal/websocket/manager.go:208

2025-12-02T08:39:08.495+08:00 [ERRO] 获取昨日K线失败: sql: no rows in result set 
Stack:
1.  cex-exchange/internal/websocket.GetPriceChangeData
    /Users/zhanjun/IdeaProjects/cex-exchange/cex-exchange/internal/websocket/data.go:149
2.  cex-exchange/internal/websocket.SendMarketData
    /Users/zhanjun/IdeaProjects/cex-exchange/cex-exchange/internal/websocket/manager.go:208

2025-12-02T08:39:08.501+08:00 [ERRO] 获取24小时成交量失败: element of parameter "pointer" for function Scan should type of struct/*struct/[]struct/[]*struct 
Stack:
1.  cex-exchange/internal/websocket.GetPriceChangeData
    /Users/zhanjun/IdeaProjects/cex-exchange/cex-exchange/internal/websocket/data.go:187
2.  cex-exchange/internal/websocket.SendMarketData
    /Users/zhanjun/IdeaProjects/cex-exchange/cex-exchange/internal/websocket/manager.go:208

2025-12-02T08:39:08.895+08:00 [ERRO] 获取昨日K线失败: sql: no rows in result set 
Stack:
1.  cex-exchange/internal/websocket.GetPriceChangeData
    /Users/zhanjun/IdeaProjects/cex-exchange/cex-exchange/internal/websocket/data.go:149
2.  cex-exchange/internal/websocket.SendMarketData
    /Users/zhanjun/IdeaProjects/cex-exchange/cex-exchange/internal/websocket/manager.go:208

2025-12-02T08:39:09.018+08:00 [ERRO] 获取最新K线失败: sql: no rows in result set 
Stack:
1.  cex-exchange/internal/websocket.GetPriceChangeData
    /Users/zhanjun/IdeaProjects/cex-exchange/cex-exchange/internal/websocket/data.go:132
2.  cex-exchange/internal/websocket.SendMarketData
    /Users/zhanjun/IdeaProjects/cex-exchange/cex-exchange/internal/websocket/manager.go:208

2025-12-02T08:39:09.033+08:00 [ERRO] 获取最新K线失败: sql: no rows in result set 
Stack:
1.  cex-exchange/internal/websocket.GetPriceChangeData
    /Users/zhanjun/IdeaProjects/cex-exchange/cex-exchange/internal/websocket/data.go:132
2.  cex-exchange/internal/websocket.SendMarketData
    /Users/zhanjun/IdeaProjects/cex-exchange/cex-exchange/internal/websocket/manager.go:208

2025-12-02T08:39:09.414+08:00 [ERRO] 获取24小时成交量失败: element of parameter "pointer" for function Scan should type of struct/*struct/[]struct/[]*struct 
Stack:
1.  cex-exchange/internal/websocket.GetPriceChangeData
    /Users/zhanjun/IdeaProjects/cex-exchange/cex-exchange/internal/websocket/data.go:187
2.  cex-exchange/internal/websocket.SendMarketData
    /Users/zhanjun/IdeaProjects/cex-exchange/cex-exchange/internal/websocket/manager.go:208

2025-12-02T08:39:09.611+08:00 [ERRO] 获取最新K线失败: sql: no rows in result set 
Stack:
1.  cex-exchange/internal/websocket.GetPriceChangeData
    /Users/zhanjun/IdeaProjects/cex-exchange/cex-exchange/internal/websocket/data.go:132
2.  cex-exchange/internal/websocket.SendMarketData
    /Users/zhanjun/IdeaProjects/cex-exchange/cex-exchange/internal/websocket/manager.go:208

2025-12-02T08:39:09.809+08:00 [ERRO] 获取24小时成交量失败: element of parameter "pointer" for function Scan should type of struct/*struct/[]struct/[]*struct 
Stack:
1.  cex-exchange/internal/websocket.GetPriceChangeData
    /Users/zhanjun/IdeaProjects/cex-exchange/cex-exchange/internal/websocket/data.go:187
2.  cex-exchange/internal/websocket.SendMarketData
    /Users/zhanjun/IdeaProjects/cex-exchange/cex-exchange/internal/websocket/manager.go:208

2025-12-02T08:39:10.067+08:00 [ERRO] 获取最新K线失败: sql: no rows in result set 
Stack:
1.  cex-exchange/internal/websocket.GetPriceChangeData
    /Users/zhanjun/IdeaProjects/cex-exchange/cex-exchange/internal/websocket/data.go:132
2.  cex-exchange/internal/websocket.SendMarketData
    /Users/zhanjun/IdeaProjects/cex-exchange/cex-exchange/internal/websocket/manager.go:208

2025-12-02T08:39:10.073+08:00 [ERRO] 获取最新K线失败: sql: no rows in result set 
Stack:
1.  cex-exchange/internal/websocket.GetPriceChangeData
    /Users/zhanjun/IdeaProjects/cex-exchange/cex-exchange/internal/websocket/data.go:132
2.  cex-exchange/internal/websocket.SendMarketData
    /Users/zhanjun/IdeaProjects/cex-exchange/cex-exchange/internal/websocket/manager.go:208

2025-12-02T08:39:10.092+08:00 [ERRO] 获取昨日K线失败: sql: no rows in result set 
Stack:
1.  cex-exchange/internal/websocket.GetPriceChangeData
    /Users/zhanjun/IdeaProjects/cex-exchange/cex-exchange/internal/websocket/data.go:149
2.  cex-exchange/internal/websocket.SendMarketData
    /Users/zhanjun/IdeaProjects/cex-exchange/cex-exchange/internal/websocket/manager.go:208

2025-12-02T08:39:10.827+08:00 [ERRO] 获取昨日K线失败: sql: no rows in result set 
Stack:
1.  cex-exchange/internal/websocket.GetPriceChangeData
    /Users/zhanjun/IdeaProjects/cex-exchange/cex-exchange/internal/websocket/data.go:149
2.  cex-exchange/internal/websocket.SendMarketData
    /Users/zhanjun/IdeaProjects/cex-exchange/cex-exchange/internal/websocket/manager.go:208

2025-12-02T08:39:11.137+08:00 [ERRO] 获取24小时成交量失败: element of parameter "pointer" for function Scan should type of struct/*struct/[]struct/[]*struct 
Stack:
1.  cex-exchange/internal/websocket.GetPriceChangeData
    /Users/zhanjun/IdeaProjects/cex-exchange/cex-exchange/internal/websocket/data.go:187
2.  cex-exchange/internal/websocket.SendMarketData
    /Users/zhanjun/IdeaProjects/cex-exchange/cex-exchange/internal/websocket/manager.go:208

2025-12-02T08:39:11.317+08:00 [ERRO] 获取最新K线失败: sql: no rows in result set 
Stack:
1.  cex-exchange/internal/websocket.GetPriceChangeData
    /Users/zhanjun/IdeaProjects/cex-exchange/cex-exchange/internal/websocket/data.go:132
2.  cex-exchange/internal/websocket.SendMarketData
    /Users/zhanjun/IdeaProjects/cex-exchange/cex-exchange/internal/websocket/manager.go:208

2025-12-02T08:39:11.319+08:00 [ERRO] 获取最新K线失败: sql: no rows in result set 
Stack:
1.  cex-exchange/internal/websocket.GetPriceChangeData
    /Users/zhanjun/IdeaProjects/cex-exchange/cex-exchange/internal/websocket/data.go:132
2.  cex-exchange/internal/websocket.SendMarketData
    /Users/zhanjun/IdeaProjects/cex-exchange/cex-exchange/internal/websocket/manager.go:208

2025-12-02T08:39:11.841+08:00 [ERRO] 获取24小时成交量失败: element of parameter "pointer" for function Scan should type of struct/*struct/[]struct/[]*struct 
Stack:
1.  cex-exchange/internal/websocket.GetPriceChangeData
    /Users/zhanjun/IdeaProjects/cex-exchange/cex-exchange/internal/websocket/data.go:187
2.  cex-exchange/internal/websocket.SendMarketData
    /Users/zhanjun/IdeaProjects/cex-exchange/cex-exchange/internal/websocket/manager.go:208

2025-12-02T08:39:12.365+08:00 [ERRO] 获取最新K线失败: sql: no rows in result set 
Stack:
1.  cex-exchange/internal/websocket.GetPriceChangeData
    /Users/zhanjun/IdeaProjects/cex-exchange/cex-exchange/internal/websocket/data.go:132
2.  cex-exchange/internal/websocket.SendMarketData
    /Users/zhanjun/IdeaProjects/cex-exchange/cex-exchange/internal/websocket/manager.go:208

2025-12-02T08:39:12.365+08:00 [ERRO] 获取最新K线失败: sql: no rows in result set 
Stack:
1.  cex-exchange/internal/websocket.GetPriceChangeData
    /Users/zhanjun/IdeaProjects/cex-exchange/cex-exchange/internal/websocket/data.go:132
2.  cex-exchange/internal/websocket.SendMarketData
    /Users/zhanjun/IdeaProjects/cex-exchange/cex-exchange/internal/websocket/manager.go:208

2025-12-02T08:39:12.367+08:00 [ERRO] 获取昨日K线失败: sql: no rows in result set 
Stack:
1.  cex-exchange/internal/websocket.GetPriceChangeData
    /Users/zhanjun/IdeaProjects/cex-exchange/cex-exchange/internal/websocket/data.go:149
2.  cex-exchange/internal/websocket.SendMarketData
    /Users/zhanjun/IdeaProjects/cex-exchange/cex-exchange/internal/websocket/manager.go:208

2025-12-02T08:39:13.248+08:00 [ERRO] 获取昨日K线失败: sql: no rows in result set 
Stack:
1.  cex-exchange/internal/websocket.GetPriceChangeData
    /Users/zhanjun/IdeaProjects/cex-exchange/cex-exchange/internal/websocket/data.go:149
2.  cex-exchange/internal/websocket.SendMarketData
    /Users/zhanjun/IdeaProjects/cex-exchange/cex-exchange/internal/websocket/manager.go:208

2025-12-02T08:39:13.416+08:00 [ERRO] 获取最新K线失败: sql: no rows in result set 
Stack:
1.  cex-exchange/internal/websocket.GetPriceChangeData
    /Users/zhanjun/IdeaProjects/cex-exchange/cex-exchange/internal/websocket/data.go:132
2.  cex-exchange/internal/websocket.SendMarketData
    /Users/zhanjun/IdeaProjects/cex-exchange/cex-exchange/internal/websocket/manager.go:208

2025-12-02T08:39:13.416+08:00 [ERRO] 获取24小时成交量失败: element of parameter "pointer" for function Scan should type of struct/*struct/[]struct/[]*struct 
Stack:
1.  cex-exchange/internal/websocket.GetPriceChangeData
    /Users/zhanjun/IdeaProjects/cex-exchange/cex-exchange/internal/websocket/data.go:187
2.  cex-exchange/internal/websocket.SendMarketData
    /Users/zhanjun/IdeaProjects/cex-exchange/cex-exchange/internal/websocket/manager.go:208

2025-12-02T08:39:13.416+08:00 [ERRO] 获取最新K线失败: sql: no rows in result set 
Stack:
1.  cex-exchange/internal/websocket.GetPriceChangeData
    /Users/zhanjun/IdeaProjects/cex-exchange/cex-exchange/internal/websocket/data.go:132
2.  cex-exchange/internal/websocket.SendMarketData
    /Users/zhanjun/IdeaProjects/cex-exchange/cex-exchange/internal/websocket/manager.go:208

2025-12-02T08:39:14.266+08:00 [ERRO] 获取24小时成交量失败: element of parameter "pointer" for function Scan should type of struct/*struct/[]struct/[]*struct 
Stack:
1.  cex-exchange/internal/websocket.GetPriceChangeData
    /Users/zhanjun/IdeaProjects/cex-exchange/cex-exchange/internal/websocket/data.go:187
2.  cex-exchange/internal/websocket.SendMarketData
    /Users/zhanjun/IdeaProjects/cex-exchange/cex-exchange/internal/websocket/manager.go:208

2025-12-02T08:39:14.270+08:00 [ERRO] 获取最新K线失败: sql: no rows in result set 
Stack:
1.  cex-exchange/internal/websocket.GetPriceChangeData
    /Users/zhanjun/IdeaProjects/cex-exchange/cex-exchange/internal/websocket/data.go:132
2.  cex-exchange/internal/websocket.SendMarketData
    /Users/zhanjun/IdeaProjects/cex-exchange/cex-exchange/internal/websocket/manager.go:208

2025-12-02T08:39:14.271+08:00 [ERRO] 获取昨日K线失败: sql: no rows in result set 
Stack:
1.  cex-exchange/internal/websocket.GetPriceChangeData
    /Users/zhanjun/IdeaProjects/cex-exchange/cex-exchange/internal/websocket/data.go:149
2.  cex-exchange/internal/websocket.SendMarketData
    /Users/zhanjun/IdeaProjects/cex-exchange/cex-exchange/internal/websocket/manager.go:208

2025-12-02T08:39:14.466+08:00 [ERRO] 获取最新K线失败: sql: no rows in result set 
Stack:
1.  cex-exchange/internal/websocket.GetPriceChangeData
    /Users/zhanjun/IdeaProjects/cex-exchange/cex-exchange/internal/websocket/data.go:132
2.  cex-exchange/internal/websocket.SendMarketData
    /Users/zhanjun/IdeaProjects/cex-exchange/cex-exchange/internal/websocket/manager.go:208

2025-12-02T08:39:15.315+08:00 [ERRO] 获取昨日K线失败: sql: no rows in result set 
Stack:
1.  cex-exchange/internal/websocket.GetPriceChangeData
    /Users/zhanjun/IdeaProjects/cex-exchange/cex-exchange/internal/websocket/data.go:149
2.  cex-exchange/internal/websocket.SendMarketData
    /Users/zhanjun/IdeaProjects/cex-exchange/cex-exchange/internal/websocket/manager.go:208

2025-12-02T08:39:15.329+08:00 [ERRO] 获取最新K线失败: sql: no rows in result set 
Stack:
1.  cex-exchange/internal/websocket.GetPriceChangeData
    /Users/zhanjun/IdeaProjects/cex-exchange/cex-exchange/internal/websocket/data.go:132
2.  cex-exchange/internal/websocket.SendMarketData
    /Users/zhanjun/IdeaProjects/cex-exchange/cex-exchange/internal/websocket/manager.go:208

2025-12-02T08:39:15.329+08:00 [ERRO] 获取24小时成交量失败: element of parameter "pointer" for function Scan should type of struct/*struct/[]struct/[]*struct 
Stack:
1.  cex-exchange/internal/websocket.GetPriceChangeData
    /Users/zhanjun/IdeaProjects/cex-exchange/cex-exchange/internal/websocket/data.go:187
2.  cex-exchange/internal/websocket.SendMarketData
    /Users/zhanjun/IdeaProjects/cex-exchange/cex-exchange/internal/websocket/manager.go:208

2025-12-02T08:39:15.509+08:00 [ERRO] 获取最新K线失败: sql: no rows in result set 
Stack:
1.  cex-exchange/internal/websocket.GetPriceChangeData
    /Users/zhanjun/IdeaProjects/cex-exchange/cex-exchange/internal/websocket/data.go:132
2.  cex-exchange/internal/websocket.SendMarketData
    /Users/zhanjun/IdeaProjects/cex-exchange/cex-exchange/internal/websocket/manager.go:208

2025-12-02T08:39:16.400+08:00 [ERRO] 获取最新K线失败: sql: no rows in result set 
Stack:
1.  cex-exchange/internal/websocket.GetPriceChangeData
    /Users/zhanjun/IdeaProjects/cex-exchange/cex-exchange/internal/websocket/data.go:132
2.  cex-exchange/internal/websocket.SendMarketData
    /Users/zhanjun/IdeaProjects/cex-exchange/cex-exchange/internal/websocket/manager.go:208

2025-12-02T08:39:16.561+08:00 [ERRO] 获取最新K线失败: sql: no rows in result set 
Stack:
1.  cex-exchange/internal/websocket.GetPriceChangeData
    /Users/zhanjun/IdeaProjects/cex-exchange/cex-exchange/internal/websocket/data.go:132
2.  cex-exchange/internal/websocket.SendMarketData
    /Users/zhanjun/IdeaProjects/cex-exchange/cex-exchange/internal/websocket/manager.go:208

2025-12-02T08:39:16.561+08:00 [ERRO] 获取24小时成交量失败: element of parameter "pointer" for function Scan should type of struct/*struct/[]struct/[]*struct 
Stack:
1.  cex-exchange/internal/websocket.GetPriceChangeData
    /Users/zhanjun/IdeaProjects/cex-exchange/cex-exchange/internal/websocket/data.go:187
2.  cex-exchange/internal/websocket.SendMarketData
    /Users/zhanjun/IdeaProjects/cex-exchange/cex-exchange/internal/websocket/manager.go:208

2025-12-02T08:39:17.420+08:00 [ERRO] 获取昨日K线失败: sql: no rows in result set 
Stack:
1.  cex-exchange/internal/websocket.GetPriceChangeData
    /Users/zhanjun/IdeaProjects/cex-exchange/cex-exchange/internal/websocket/data.go:149
2.  cex-exchange/internal/websocket.SendMarketData
    /Users/zhanjun/IdeaProjects/cex-exchange/cex-exchange/internal/websocket/manager.go:208

2025-12-02T08:39:17.481+08:00 [ERRO] 获取最新K线失败: sql: no rows in result set 
Stack:
1.  cex-exchange/internal/websocket.GetPriceChangeData
    /Users/zhanjun/IdeaProjects/cex-exchange/cex-exchange/internal/websocket/data.go:132
2.  cex-exchange/internal/websocket.SendMarketData
    /Users/zhanjun/IdeaProjects/cex-exchange/cex-exchange/internal/websocket/manager.go:208

2025-12-02T08:39:17.606+08:00 [ERRO] 获取昨日K线失败: sql: no rows in result set 
Stack:
1.  cex-exchange/internal/websocket.GetPriceChangeData
    /Users/zhanjun/IdeaProjects/cex-exchange/cex-exchange/internal/websocket/data.go:149
2.  cex-exchange/internal/websocket.SendMarketData
    /Users/zhanjun/IdeaProjects/cex-exchange/cex-exchange/internal/websocket/manager.go:208

2025-12-02T08:39:18.363+08:00 [ERRO] 获取24小时成交量失败: element of parameter "pointer" for function Scan should type of struct/*struct/[]struct/[]*struct 
Stack:
1.  cex-exchange/internal/websocket.GetPriceChangeData
    /Users/zhanjun/IdeaProjects/cex-exchange/cex-exchange/internal/websocket/data.go:187
2.  cex-exchange/internal/websocket.SendMarketData
    /Users/zhanjun/IdeaProjects/cex-exchange/cex-exchange/internal/websocket/manager.go:208

2025-12-02T08:39:18.540+08:00 [ERRO] 获取昨日K线失败: sql: no rows in result set 
Stack:
1.  cex-exchange/internal/websocket.GetPriceChangeData
    /Users/zhanjun/IdeaProjects/cex-exchange/cex-exchange/internal/websocket/data.go:149
2.  cex-exchange/internal/websocket.SendMarketData
    /Users/zhanjun/IdeaProjects/cex-exchange/cex-exchange/internal/websocket/manager.go:208

2025-12-02T08:39:18.558+08:00 [ERRO] 获取24小时成交量失败: element of parameter "pointer" for function Scan should type of struct/*struct/[]struct/[]*struct 
Stack:
1.  cex-exchange/internal/websocket.GetPriceChangeData
    /Users/zhanjun/IdeaProjects/cex-exchange/cex-exchange/internal/websocket/data.go:187
2.  cex-exchange/internal/websocket.SendMarketData
    /Users/zhanjun/IdeaProjects/cex-exchange/cex-exchange/internal/websocket/manager.go:208

2025-12-02T08:39:18.808+08:00 [ERRO] 获取昨日K线失败: sql: no rows in result set 
Stack:
1.  cex-exchange/internal/websocket.GetPriceChangeData
    /Users/zhanjun/IdeaProjects/cex-exchange/cex-exchange/internal/websocket/data.go:149
2.  cex-exchange/internal/websocket.SendMarketData
    /Users/zhanjun/IdeaProjects/cex-exchange/cex-exchange/internal/websocket/manager.go:208

2025-12-02T08:39:19.075+08:00 [ERRO] 获取最新K线失败: sql: no rows in result set 
Stack:
1.  cex-exchange/internal/websocket.GetPriceChangeData
    /Users/zhanjun/IdeaProjects/cex-exchange/cex-exchange/internal/websocket/data.go:132
2.  cex-exchange/internal/websocket.SendMarketData
    /Users/zhanjun/IdeaProjects/cex-exchange/cex-exchange/internal/websocket/manager.go:208

2025-12-02T08:39:19.229+08:00 [ERRO] 获取最新K线失败: sql: no rows in result set 
Stack:
1.  cex-exchange/internal/websocket.GetPriceChangeData
    /Users/zhanjun/IdeaProjects/cex-exchange/cex-exchange/internal/websocket/data.go:132
2.  cex-exchange/internal/websocket.SendMarketData
    /Users/zhanjun/IdeaProjects/cex-exchange/cex-exchange/internal/websocket/manager.go:208

2025-12-02T08:39:19.296+08:00 [ERRO] 获取昨日K线失败: sql: no rows in result set 
Stack:
1.  cex-exchange/internal/websocket.GetPriceChangeData
    /Users/zhanjun/IdeaProjects/cex-exchange/cex-exchange/internal/websocket/data.go:149
2.  cex-exchange/internal/websocket.SendMarketData
    /Users/zhanjun/IdeaProjects/cex-exchange/cex-exchange/internal/websocket/manager.go:208

2025-12-02T08:39:19.307+08:00 [ERRO] 获取昨日K线失败: sql: no rows in result set 
Stack:
1.  cex-exchange/internal/websocket.GetPriceChangeData
    /Users/zhanjun/IdeaProjects/cex-exchange/cex-exchange/internal/websocket/data.go:149
2.  cex-exchange/internal/websocket.SendMarketData
    /Users/zhanjun/IdeaProjects/cex-exchange/cex-exchange/internal/websocket/manager.go:208

2025-12-02T08:39:19.512+08:00 [ERRO] 获取24小时成交量失败: element of parameter "pointer" for function Scan should type of struct/*struct/[]struct/[]*struct 
Stack:
1.  cex-exchange/internal/websocket.GetPriceChangeData
    /Users/zhanjun/IdeaProjects/cex-exchange/cex-exchange/internal/websocket/data.go:187
2.  cex-exchange/internal/websocket.SendMarketData
    /Users/zhanjun/IdeaProjects/cex-exchange/cex-exchange/internal/websocket/manager.go:208

2025-12-02T08:39:19.764+08:00 [ERRO] 获取24小时成交量失败: element of parameter "pointer" for function Scan should type of struct/*struct/[]struct/[]*struct 
Stack:
1.  cex-exchange/internal/websocket.GetPriceChangeData
    /Users/zhanjun/IdeaProjects/cex-exchange/cex-exchange/internal/websocket/data.go:187
2.  cex-exchange/internal/websocket.SendMarketData
    /Users/zhanjun/IdeaProjects/cex-exchange/cex-exchange/internal/websocket/manager.go:208

2025-12-02T08:39:19.772+08:00 [ERRO] 获取最新K线失败: sql: no rows in result set 
Stack:
1.  cex-exchange/internal/websocket.GetPriceChangeData
    /Users/zhanjun/IdeaProjects/cex-exchange/cex-exchange/internal/websocket/data.go:132
2.  cex-exchange/internal/websocket.SendMarketData
    /Users/zhanjun/IdeaProjects/cex-exchange/cex-exchange/internal/websocket/manager.go:208

2025-12-02T08:39:20.231+08:00 [ERRO] 获取昨日K线失败: sql: no rows in result set 
Stack:
1.  cex-exchange/internal/websocket.GetPriceChangeData
    /Users/zhanjun/IdeaProjects/cex-exchange/cex-exchange/internal/websocket/data.go:149
2.  cex-exchange/internal/websocket.SendMarketData
    /Users/zhanjun/IdeaProjects/cex-exchange/cex-exchange/internal/websocket/manager.go:208

2025-12-02T08:39:20.234+08:00 [ERRO] 获取24小时成交量失败: element of parameter "pointer" for function Scan should type of struct/*struct/[]struct/[]*struct 
Stack:
1.  cex-exchange/internal/websocket.GetPriceChangeData
    /Users/zhanjun/IdeaProjects/cex-exchange/cex-exchange/internal/websocket/data.go:187
2.  cex-exchange/internal/websocket.SendMarketData
    /Users/zhanjun/IdeaProjects/cex-exchange/cex-exchange/internal/websocket/manager.go:208

2025-12-02T08:39:20.267+08:00 [ERRO] 获取24小时成交量失败: element of parameter "pointer" for function Scan should type of struct/*struct/[]struct/[]*struct 
Stack:
1.  cex-exchange/internal/websocket.GetPriceChangeData
    /Users/zhanjun/IdeaProjects/cex-exchange/cex-exchange/internal/websocket/data.go:187
2.  cex-exchange/internal/websocket.SendMarketData
    /Users/zhanjun/IdeaProjects/cex-exchange/cex-exchange/internal/websocket/manager.go:208

2025-12-02T08:39:20.568+08:00 [ERRO] 获取最新K线失败: sql: no rows in result set 
Stack:
1.  cex-exchange/internal/websocket.GetPriceChangeData
    /Users/zhanjun/IdeaProjects/cex-exchange/cex-exchange/internal/websocket/data.go:132
2.  cex-exchange/internal/websocket.SendMarketData
    /Users/zhanjun/IdeaProjects/cex-exchange/cex-exchange/internal/websocket/manager.go:208

2025-12-02T08:39:20.756+08:00 [ERRO] 获取最新K线失败: sql: no rows in result set 
Stack:
1.  cex-exchange/internal/websocket.GetPriceChangeData
    /Users/zhanjun/IdeaProjects/cex-exchange/cex-exchange/internal/websocket/data.go:132
2.  cex-exchange/internal/websocket.SendMarketData
    /Users/zhanjun/IdeaProjects/cex-exchange/cex-exchange/internal/websocket/manager.go:208

2025-12-02T08:39:20.917+08:00 [ERRO] 获取24小时成交量失败: element of parameter "pointer" for function Scan should type of struct/*struct/[]struct/[]*struct 
Stack:
1.  cex-exchange/internal/websocket.GetPriceChangeData
    /Users/zhanjun/IdeaProjects/cex-exchange/cex-exchange/internal/websocket/data.go:187
2.  cex-exchange/internal/websocket.SendMarketData
    /Users/zhanjun/IdeaProjects/cex-exchange/cex-exchange/internal/websocket/manager.go:208

2025-12-02T08:39:22.690+08:00 [ERRO] 获取最新K线失败: sql: no rows in result set 
Stack:
1.  cex-exchange/internal/websocket.GetPriceChangeData
    /Users/zhanjun/IdeaProjects/cex-exchange/cex-exchange/internal/websocket/data.go:132
2.  cex-exchange/internal/websocket.SendMarketData
    /Users/zhanjun/IdeaProjects/cex-exchange/cex-exchange/internal/websocket/manager.go:208

2025-12-02T08:39:22.855+08:00 [ERRO] 获取最新K线失败: sql: no rows in result set 
Stack:
1.  cex-exchange/internal/websocket.GetPriceChangeData
    /Users/zhanjun/IdeaProjects/cex-exchange/cex-exchange/internal/websocket/data.go:132
2.  cex-exchange/internal/websocket.SendMarketData
    /Users/zhanjun/IdeaProjects/cex-exchange/cex-exchange/internal/websocket/manager.go:208

2025-12-02T08:39:23.717+08:00 [ERRO] 获取昨日K线失败: sql: no rows in result set 
Stack:
1.  cex-exchange/internal/websocket.GetPriceChangeData
    /Users/zhanjun/IdeaProjects/cex-exchange/cex-exchange/internal/websocket/data.go:149
2.  cex-exchange/internal/websocket.SendMarketData
    /Users/zhanjun/IdeaProjects/cex-exchange/cex-exchange/internal/websocket/manager.go:208

2025-12-02T08:39:23.718+08:00 [ERRO] 获取最新K线失败: sql: no rows in result set 
Stack:
1.  cex-exchange/internal/websocket.GetPriceChangeData
    /Users/zhanjun/IdeaProjects/cex-exchange/cex-exchange/internal/websocket/data.go:132
2.  cex-exchange/internal/websocket.SendMarketData
    /Users/zhanjun/IdeaProjects/cex-exchange/cex-exchange/internal/websocket/manager.go:208

2025-12-02T08:39:23.903+08:00 [ERRO] 获取最新K线失败: sql: no rows in result set 
Stack:
1.  cex-exchange/internal/websocket.GetPriceChangeData
    /Users/zhanjun/IdeaProjects/cex-exchange/cex-exchange/internal/websocket/data.go:132
2.  cex-exchange/internal/websocket.SendMarketData
    /Users/zhanjun/IdeaProjects/cex-exchange/cex-exchange/internal/websocket/manager.go:208

2025-12-02T08:39:23.903+08:00 [ERRO] 获取最新K线失败: sql: no rows in result set 
Stack:
1.  cex-exchange/internal/websocket.GetPriceChangeData
    /Users/zhanjun/IdeaProjects/cex-exchange/cex-exchange/internal/websocket/data.go:132
2.  cex-exchange/internal/websocket.SendMarketData
    /Users/zhanjun/IdeaProjects/cex-exchange/cex-exchange/internal/websocket/manager.go:208

2025-12-02T08:39:23.924+08:00 [ERRO] 获取最新K线失败: sql: no rows in result set 
Stack:
1.  cex-exchange/internal/websocket.GetPriceChangeData
    /Users/zhanjun/IdeaProjects/cex-exchange/cex-exchange/internal/websocket/data.go:132
2.  cex-exchange/internal/websocket.SendMarketData
    /Users/zhanjun/IdeaProjects/cex-exchange/cex-exchange/internal/websocket/manager.go:208

2025-12-02T08:39:24.756+08:00 [ERRO] 获取昨日K线失败: sql: no rows in result set 
Stack:
1.  cex-exchange/internal/websocket.GetPriceChangeData
    /Users/zhanjun/IdeaProjects/cex-exchange/cex-exchange/internal/websocket/data.go:149
2.  cex-exchange/internal/websocket.SendMarketData
    /Users/zhanjun/IdeaProjects/cex-exchange/cex-exchange/internal/websocket/manager.go:208

2025-12-02T08:39:24.766+08:00 [ERRO] 获取24小时成交量失败: element of parameter "pointer" for function Scan should type of struct/*struct/[]struct/[]*struct 
Stack:
1.  cex-exchange/internal/websocket.GetPriceChangeData
    /Users/zhanjun/IdeaProjects/cex-exchange/cex-exchange/internal/websocket/data.go:187
2.  cex-exchange/internal/websocket.SendMarketData
    /Users/zhanjun/IdeaProjects/cex-exchange/cex-exchange/internal/websocket/manager.go:208

2025-12-02T08:39:24.952+08:00 [ERRO] 获取最新K线失败: sql: no rows in result set 
Stack:
1.  cex-exchange/internal/websocket.GetPriceChangeData
    /Users/zhanjun/IdeaProjects/cex-exchange/cex-exchange/internal/websocket/data.go:132
2.  cex-exchange/internal/websocket.SendMarketData
    /Users/zhanjun/IdeaProjects/cex-exchange/cex-exchange/internal/websocket/manager.go:208

2025-12-02T08:39:24.952+08:00 [ERRO] 获取最新K线失败: sql: no rows in result set 
Stack:
1.  cex-exchange/internal/websocket.GetPriceChangeData
    /Users/zhanjun/IdeaProjects/cex-exchange/cex-exchange/internal/websocket/data.go:132
2.  cex-exchange/internal/websocket.SendMarketData
    /Users/zhanjun/IdeaProjects/cex-exchange/cex-exchange/internal/websocket/manager.go:208

2025-12-02T08:39:25.478+08:00 [ERRO] 获取最新K线失败: sql: no rows in result set 
Stack:
1.  cex-exchange/internal/websocket.GetPriceChangeData
    /Users/zhanjun/IdeaProjects/cex-exchange/cex-exchange/internal/websocket/data.go:132
2.  cex-exchange/internal/websocket.SendMarketData
    /Users/zhanjun/IdeaProjects/cex-exchange/cex-exchange/internal/websocket/manager.go:208

2025-12-02T08:39:25.479+08:00 [ERRO] 获取昨日K线失败: sql: no rows in result set 
Stack:
1.  cex-exchange/internal/websocket.GetPriceChangeData
    /Users/zhanjun/IdeaProjects/cex-exchange/cex-exchange/internal/websocket/data.go:149
2.  cex-exchange/internal/websocket.SendMarketData
    /Users/zhanjun/IdeaProjects/cex-exchange/cex-exchange/internal/websocket/manager.go:208

2025-12-02T08:39:25.481+08:00 [ERRO] 获取最新K线失败: sql: no rows in result set 
Stack:
1.  cex-exchange/internal/websocket.GetPriceChangeData
    /Users/zhanjun/IdeaProjects/cex-exchange/cex-exchange/internal/websocket/data.go:132
2.  cex-exchange/internal/websocket.SendMarketData
    /Users/zhanjun/IdeaProjects/cex-exchange/cex-exchange/internal/websocket/manager.go:208

2025-12-02T08:39:25.832+08:00 [ERRO] 获取24小时成交量失败: element of parameter "pointer" for function Scan should type of struct/*struct/[]struct/[]*struct 
Stack:
1.  cex-exchange/internal/websocket.GetPriceChangeData
    /Users/zhanjun/IdeaProjects/cex-exchange/cex-exchange/internal/websocket/data.go:187
2.  cex-exchange/internal/websocket.SendMarketData
    /Users/zhanjun/IdeaProjects/cex-exchange/cex-exchange/internal/websocket/manager.go:208

2025-12-02T08:39:25.996+08:00 [ERRO] 获取昨日K线失败: sql: no rows in result set 
Stack:
1.  cex-exchange/internal/websocket.GetPriceChangeData
    /Users/zhanjun/IdeaProjects/cex-exchange/cex-exchange/internal/websocket/data.go:149
2.  cex-exchange/internal/websocket.SendMarketData
    /Users/zhanjun/IdeaProjects/cex-exchange/cex-exchange/internal/websocket/manager.go:208

2025-12-02T08:39:25.996+08:00 [ERRO] 获取最新K线失败: sql: no rows in result set 
Stack:
1.  cex-exchange/internal/websocket.GetPriceChangeData
    /Users/zhanjun/IdeaProjects/cex-exchange/cex-exchange/internal/websocket/data.go:132
2.  cex-exchange/internal/websocket.SendMarketData
    /Users/zhanjun/IdeaProjects/cex-exchange/cex-exchange/internal/websocket/manager.go:208

2025-12-02T08:39:25.996+08:00 [ERRO] 获取最新K线失败: sql: no rows in result set 
Stack:
1.  cex-exchange/internal/websocket.GetPriceChangeData
    /Users/zhanjun/IdeaProjects/cex-exchange/cex-exchange/internal/websocket/data.go:132
2.  cex-exchange/internal/websocket.SendMarketData
    /Users/zhanjun/IdeaProjects/cex-exchange/cex-exchange/internal/websocket/manager.go:208

2025-12-02T08:39:26.441+08:00 [ERRO] 获取24小时成交量失败: element of parameter "pointer" for function Scan should type of struct/*struct/[]struct/[]*struct 
Stack:
1.  cex-exchange/internal/websocket.GetPriceChangeData
    /Users/zhanjun/IdeaProjects/cex-exchange/cex-exchange/internal/websocket/data.go:187
2.  cex-exchange/internal/websocket.SendMarketData
    /Users/zhanjun/IdeaProjects/cex-exchange/cex-exchange/internal/websocket/manager.go:208

2025-12-02T08:39:26.666+08:00 [ERRO] 获取24小时成交量失败: element of parameter "pointer" for function Scan should type of struct/*struct/[]struct/[]*struct 
Stack:
1.  cex-exchange/internal/websocket.GetPriceChangeData
    /Users/zhanjun/IdeaProjects/cex-exchange/cex-exchange/internal/websocket/data.go:187
2.  cex-exchange/internal/websocket.SendMarketData
    /Users/zhanjun/IdeaProjects/cex-exchange/cex-exchange/internal/websocket/manager.go:208

2025-12-02T08:39:27.362+08:00 [ERRO] 获取昨日K线失败: sql: no rows in result set 
Stack:
1.  cex-exchange/internal/websocket.GetPriceChangeData
    /Users/zhanjun/IdeaProjects/cex-exchange/cex-exchange/internal/websocket/data.go:149
2.  cex-exchange/internal/websocket.SendMarketData
    /Users/zhanjun/IdeaProjects/cex-exchange/cex-exchange/internal/websocket/manager.go:208

2025-12-02T08:39:27.378+08:00 [ERRO] 获取最新K线失败: sql: no rows in result set 
Stack:
1.  cex-exchange/internal/websocket.GetPriceChangeData
    /Users/zhanjun/IdeaProjects/cex-exchange/cex-exchange/internal/websocket/data.go:132
2.  cex-exchange/internal/websocket.SendMarketData
    /Users/zhanjun/IdeaProjects/cex-exchange/cex-exchange/internal/websocket/manager.go:208

2025-12-02T08:39:28.282+08:00 [ERRO] 获取24小时成交量失败: element of parameter "pointer" for function Scan should type of struct/*struct/[]struct/[]*struct 
Stack:
1.  cex-exchange/internal/websocket.GetPriceChangeData
    /Users/zhanjun/IdeaProjects/cex-exchange/cex-exchange/internal/websocket/data.go:187
2.  cex-exchange/internal/websocket.SendMarketData
    /Users/zhanjun/IdeaProjects/cex-exchange/cex-exchange/internal/websocket/manager.go:208

2025-12-02T08:39:28.302+08:00 [ERRO] 获取昨日K线失败: sql: no rows in result set 
Stack:
1.  cex-exchange/internal/websocket.GetPriceChangeData
    /Users/zhanjun/IdeaProjects/cex-exchange/cex-exchange/internal/websocket/data.go:149
2.  cex-exchange/internal/websocket.SendMarketData
    /Users/zhanjun/IdeaProjects/cex-exchange/cex-exchange/internal/websocket/manager.go:208

2025-12-02T08:39:28.362+08:00 [ERRO] 获取最新K线失败: sql: no rows in result set 
Stack:
1.  cex-exchange/internal/websocket.GetPriceChangeData
    /Users/zhanjun/IdeaProjects/cex-exchange/cex-exchange/internal/websocket/data.go:132
2.  cex-exchange/internal/websocket.SendMarketData
    /Users/zhanjun/IdeaProjects/cex-exchange/cex-exchange/internal/websocket/manager.go:208

2025-12-02T08:39:28.383+08:00 [ERRO] 获取最新K线失败: sql: no rows in result set 
Stack:
1.  cex-exchange/internal/websocket.GetPriceChangeData
    /Users/zhanjun/IdeaProjects/cex-exchange/cex-exchange/internal/websocket/data.go:132
2.  cex-exchange/internal/websocket.SendMarketData
    /Users/zhanjun/IdeaProjects/cex-exchange/cex-exchange/internal/websocket/manager.go:208

2025-12-02T08:39:28.898+08:00 [ERRO] 获取最新K线失败: sql: no rows in result set 
Stack:
1.  cex-exchange/internal/websocket.GetPriceChangeData
    /Users/zhanjun/IdeaProjects/cex-exchange/cex-exchange/internal/websocket/data.go:132
2.  cex-exchange/internal/websocket.SendMarketData
    /Users/zhanjun/IdeaProjects/cex-exchange/cex-exchange/internal/websocket/manager.go:208

2025-12-02T08:39:28.899+08:00 [ERRO] 获取昨日K线失败: sql: no rows in result set 
Stack:
1.  cex-exchange/internal/websocket.GetPriceChangeData
    /Users/zhanjun/IdeaProjects/cex-exchange/cex-exchange/internal/websocket/data.go:149
2.  cex-exchange/internal/websocket.SendMarketData
    /Users/zhanjun/IdeaProjects/cex-exchange/cex-exchange/internal/websocket/manager.go:208

2025-12-02T08:39:29.059+08:00 [ERRO] 获取最新K线失败: sql: no rows in result set 
Stack:
1.  cex-exchange/internal/websocket.GetPriceChangeData
    /Users/zhanjun/IdeaProjects/cex-exchange/cex-exchange/internal/websocket/data.go:132
2.  cex-exchange/internal/websocket.SendMarketData
    /Users/zhanjun/IdeaProjects/cex-exchange/cex-exchange/internal/websocket/manager.go:208

2025-12-02T08:39:29.191+08:00 [ERRO] 获取最新K线失败: sql: no rows in result set 
Stack:
1.  cex-exchange/internal/websocket.GetPriceChangeData
    /Users/zhanjun/IdeaProjects/cex-exchange/cex-exchange/internal/websocket/data.go:132
2.  cex-exchange/internal/websocket.SendMarketData
    /Users/zhanjun/IdeaProjects/cex-exchange/cex-exchange/internal/websocket/manager.go:208

2025-12-02T08:39:29.231+08:00 [ERRO] 获取昨日K线失败: sql: no rows in result set 
Stack:
1.  cex-exchange/internal/websocket.GetPriceChangeData
    /Users/zhanjun/IdeaProjects/cex-exchange/cex-exchange/internal/websocket/data.go:149
2.  cex-exchange/internal/websocket.SendMarketData
    /Users/zhanjun/IdeaProjects/cex-exchange/cex-exchange/internal/websocket/manager.go:208

2025-12-02T08:39:29.231+08:00 [ERRO] 获取最新K线失败: sql: no rows in result set 
Stack:
1.  cex-exchange/internal/websocket.GetPriceChangeData
    /Users/zhanjun/IdeaProjects/cex-exchange/cex-exchange/internal/websocket/data.go:132
2.  cex-exchange/internal/websocket.SendMarketData
    /Users/zhanjun/IdeaProjects/cex-exchange/cex-exchange/internal/websocket/manager.go:208

2025-12-02T08:39:29.244+08:00 [ERRO] 获取24小时成交量失败: element of parameter "pointer" for function Scan should type of struct/*struct/[]struct/[]*struct 
Stack:
1.  cex-exchange/internal/websocket.GetPriceChangeData
    /Users/zhanjun/IdeaProjects/cex-exchange/cex-exchange/internal/websocket/data.go:187
2.  cex-exchange/internal/websocket.SendMarketData
    /Users/zhanjun/IdeaProjects/cex-exchange/cex-exchange/internal/websocket/manager.go:208

2025-12-02T08:39:29.771+08:00 [ERRO] 获取昨日K线失败: sql: no rows in result set 
Stack:
1.  cex-exchange/internal/websocket.GetPriceChangeData
    /Users/zhanjun/IdeaProjects/cex-exchange/cex-exchange/internal/websocket/data.go:149
2.  cex-exchange/internal/websocket.SendMarketData
    /Users/zhanjun/IdeaProjects/cex-exchange/cex-exchange/internal/websocket/manager.go:208

2025-12-02T08:39:29.845+08:00 [ERRO] 获取24小时成交量失败: element of parameter "pointer" for function Scan should type of struct/*struct/[]struct/[]*struct 
Stack:
1.  cex-exchange/internal/websocket.GetPriceChangeData
    /Users/zhanjun/IdeaProjects/cex-exchange/cex-exchange/internal/websocket/data.go:187
2.  cex-exchange/internal/websocket.SendMarketData
    /Users/zhanjun/IdeaProjects/cex-exchange/cex-exchange/internal/websocket/manager.go:208

2025-12-02T08:39:29.904+08:00 [ERRO] 获取最新K线失败: sql: no rows in result set 
Stack:
1.  cex-exchange/internal/websocket.GetPriceChangeData
    /Users/zhanjun/IdeaProjects/cex-exchange/cex-exchange/internal/websocket/data.go:132
2.  cex-exchange/internal/websocket.SendMarketData
    /Users/zhanjun/IdeaProjects/cex-exchange/cex-exchange/internal/websocket/manager.go:208

2025-12-02T08:39:30.078+08:00 [ERRO] 获取最新K线失败: sql: no rows in result set 
Stack:
1.  cex-exchange/internal/websocket.GetPriceChangeData
    /Users/zhanjun/IdeaProjects/cex-exchange/cex-exchange/internal/websocket/data.go:132
2.  cex-exchange/internal/websocket.SendMarketData
    /Users/zhanjun/IdeaProjects/cex-exchange/cex-exchange/internal/websocket/manager.go:208

2025-12-02T08:39:30.148+08:00 [ERRO] 获取24小时成交量失败: element of parameter "pointer" for function Scan should type of struct/*struct/[]struct/[]*struct 
Stack:
1.  cex-exchange/internal/websocket.GetPriceChangeData
    /Users/zhanjun/IdeaProjects/cex-exchange/cex-exchange/internal/websocket/data.go:187
2.  cex-exchange/internal/websocket.SendMarketData
    /Users/zhanjun/IdeaProjects/cex-exchange/cex-exchange/internal/websocket/manager.go:208

2025-12-02T08:39:30.203+08:00 [ERRO] 获取昨日K线失败: sql: no rows in result set 
Stack:
1.  cex-exchange/internal/websocket.GetPriceChangeData
    /Users/zhanjun/IdeaProjects/cex-exchange/cex-exchange/internal/websocket/data.go:149
2.  cex-exchange/internal/websocket.SendMarketData
    /Users/zhanjun/IdeaProjects/cex-exchange/cex-exchange/internal/websocket/manager.go:208

2025-12-02T08:39:30.212+08:00 [ERRO] 获取最新K线失败: sql: no rows in result set 
Stack:
1.  cex-exchange/internal/websocket.GetPriceChangeData
    /Users/zhanjun/IdeaProjects/cex-exchange/cex-exchange/internal/websocket/data.go:132
2.  cex-exchange/internal/websocket.SendMarketData
    /Users/zhanjun/IdeaProjects/cex-exchange/cex-exchange/internal/websocket/manager.go:208

2025-12-02T08:39:30.718+08:00 [ERRO] 获取24小时成交量失败: element of parameter "pointer" for function Scan should type of struct/*struct/[]struct/[]*struct 
Stack:
1.  cex-exchange/internal/websocket.GetPriceChangeData
    /Users/zhanjun/IdeaProjects/cex-exchange/cex-exchange/internal/websocket/data.go:187
2.  cex-exchange/internal/websocket.SendMarketData
    /Users/zhanjun/IdeaProjects/cex-exchange/cex-exchange/internal/websocket/manager.go:208

2025-12-02T08:39:30.897+08:00 [ERRO] 获取最新K线失败: sql: no rows in result set 
Stack:
1.  cex-exchange/internal/websocket.GetPriceChangeData
    /Users/zhanjun/IdeaProjects/cex-exchange/cex-exchange/internal/websocket/data.go:132
2.  cex-exchange/internal/websocket.SendMarketData
    /Users/zhanjun/IdeaProjects/cex-exchange/cex-exchange/internal/websocket/manager.go:208

2025-12-02T08:39:30.952+08:00 [ERRO] 获取最新K线失败: sql: no rows in result set 
Stack:
1.  cex-exchange/internal/websocket.GetPriceChangeData
    /Users/zhanjun/IdeaProjects/cex-exchange/cex-exchange/internal/websocket/data.go:132
2.  cex-exchange/internal/websocket.SendMarketData
    /Users/zhanjun/IdeaProjects/cex-exchange/cex-exchange/internal/websocket/manager.go:208

2025-12-02T08:39:30.985+08:00 [ERRO] 获取昨日K线失败: sql: no rows in result set 
Stack:
1.  cex-exchange/internal/websocket.GetPriceChangeData
    /Users/zhanjun/IdeaProjects/cex-exchange/cex-exchange/internal/websocket/data.go:149
2.  cex-exchange/internal/websocket.SendMarketData
    /Users/zhanjun/IdeaProjects/cex-exchange/cex-exchange/internal/websocket/manager.go:208

2025-12-02T08:39:31.149+08:00 [ERRO] 获取24小时成交量失败: element of parameter "pointer" for function Scan should type of struct/*struct/[]struct/[]*struct 
Stack:
1.  cex-exchange/internal/websocket.GetPriceChangeData
    /Users/zhanjun/IdeaProjects/cex-exchange/cex-exchange/internal/websocket/data.go:187
2.  cex-exchange/internal/websocket.SendMarketData
    /Users/zhanjun/IdeaProjects/cex-exchange/cex-exchange/internal/websocket/manager.go:208

2025-12-02T08:39:31.921+08:00 [ERRO] 获取最新K线失败: sql: no rows in result set 
Stack:
1.  cex-exchange/internal/websocket.GetPriceChangeData
    /Users/zhanjun/IdeaProjects/cex-exchange/cex-exchange/internal/websocket/data.go:132
2.  cex-exchange/internal/websocket.SendMarketData
    /Users/zhanjun/IdeaProjects/cex-exchange/cex-exchange/internal/websocket/manager.go:208

2025-12-02T08:39:31.934+08:00 [ERRO] 获取24小时成交量失败: element of parameter "pointer" for function Scan should type of struct/*struct/[]struct/[]*struct 
Stack:
1.  cex-exchange/internal/websocket.GetPriceChangeData
    /Users/zhanjun/IdeaProjects/cex-exchange/cex-exchange/internal/websocket/data.go:187
2.  cex-exchange/internal/websocket.SendMarketData
    /Users/zhanjun/IdeaProjects/cex-exchange/cex-exchange/internal/websocket/manager.go:208

2025-12-02T08:39:32.068+08:00 [ERRO] 获取昨日K线失败: sql: no rows in result set 
Stack:
1.  cex-exchange/internal/websocket.GetPriceChangeData
    /Users/zhanjun/IdeaProjects/cex-exchange/cex-exchange/internal/websocket/data.go:149
2.  cex-exchange/internal/websocket.SendMarketData
    /Users/zhanjun/IdeaProjects/cex-exchange/cex-exchange/internal/websocket/manager.go:208

2025-12-02T08:39:32.099+08:00 [ERRO] 获取最新K线失败: sql: no rows in result set 
Stack:
1.  cex-exchange/internal/websocket.GetPriceChangeData
    /Users/zhanjun/IdeaProjects/cex-exchange/cex-exchange/internal/websocket/data.go:132
2.  cex-exchange/internal/websocket.SendMarketData
    /Users/zhanjun/IdeaProjects/cex-exchange/cex-exchange/internal/websocket/manager.go:208

2025-12-02T08:39:32.658+08:00 [ERRO] 获取昨日K线失败: sql: no rows in result set 
Stack:
1.  cex-exchange/internal/websocket.GetPriceChangeData
    /Users/zhanjun/IdeaProjects/cex-exchange/cex-exchange/internal/websocket/data.go:149
2.  cex-exchange/internal/websocket.SendMarketData
    /Users/zhanjun/IdeaProjects/cex-exchange/cex-exchange/internal/websocket/manager.go:208

2025-12-02T08:39:32.939+08:00 [ERRO] 获取最新K线失败: sql: no rows in result set 
Stack:
1.  cex-exchange/internal/websocket.GetPriceChangeData
    /Users/zhanjun/IdeaProjects/cex-exchange/cex-exchange/internal/websocket/data.go:132
2.  cex-exchange/internal/websocket.SendMarketData
    /Users/zhanjun/IdeaProjects/cex-exchange/cex-exchange/internal/websocket/manager.go:208

2025-12-02T08:39:32.977+08:00 [ERRO] 获取最新K线失败: sql: no rows in result set 
Stack:
1.  cex-exchange/internal/websocket.GetPriceChangeData
    /Users/zhanjun/IdeaProjects/cex-exchange/cex-exchange/internal/websocket/data.go:132
2.  cex-exchange/internal/websocket.SendMarketData
    /Users/zhanjun/IdeaProjects/cex-exchange/cex-exchange/internal/websocket/manager.go:208

2025-12-02T08:39:33.003+08:00 [ERRO] 获取24小时成交量失败: element of parameter "pointer" for function Scan should type of struct/*struct/[]struct/[]*struct 
Stack:
1.  cex-exchange/internal/websocket.GetPriceChangeData
    /Users/zhanjun/IdeaProjects/cex-exchange/cex-exchange/internal/websocket/data.go:187
2.  cex-exchange/internal/websocket.SendMarketData
    /Users/zhanjun/IdeaProjects/cex-exchange/cex-exchange/internal/websocket/manager.go:208

2025-12-02T08:39:33.571+08:00 [ERRO] 获取24小时成交量失败: element of parameter "pointer" for function Scan should type of struct/*struct/[]struct/[]*struct 
Stack:
1.  cex-exchange/internal/websocket.GetPriceChangeData
    /Users/zhanjun/IdeaProjects/cex-exchange/cex-exchange/internal/websocket/data.go:187
2.  cex-exchange/internal/websocket.SendMarketData
    /Users/zhanjun/IdeaProjects/cex-exchange/cex-exchange/internal/websocket/manager.go:208

2025-12-02T08:39:33.854+08:00 [ERRO] 获取昨日K线失败: sql: no rows in result set 
Stack:
1.  cex-exchange/internal/websocket.GetPriceChangeData
    /Users/zhanjun/IdeaProjects/cex-exchange/cex-exchange/internal/websocket/data.go:149
2.  cex-exchange/internal/websocket.SendMarketData
    /Users/zhanjun/IdeaProjects/cex-exchange/cex-exchange/internal/websocket/manager.go:208

2025-12-02T08:39:33.986+08:00 [ERRO] 获取最新K线失败: sql: no rows in result set 
Stack:
1.  cex-exchange/internal/websocket.GetPriceChangeData
    /Users/zhanjun/IdeaProjects/cex-exchange/cex-exchange/internal/websocket/data.go:132
2.  cex-exchange/internal/websocket.SendMarketData
    /Users/zhanjun/IdeaProjects/cex-exchange/cex-exchange/internal/websocket/manager.go:208

2025-12-02T08:39:34.078+08:00 [ERRO] 获取最新K线失败: sql: no rows in result set 
Stack:
1.  cex-exchange/internal/websocket.GetPriceChangeData
    /Users/zhanjun/IdeaProjects/cex-exchange/cex-exchange/internal/websocket/data.go:132
2.  cex-exchange/internal/websocket.SendMarketData
    /Users/zhanjun/IdeaProjects/cex-exchange/cex-exchange/internal/websocket/manager.go:208

2025-12-02T08:39:34.775+08:00 [ERRO] 获取24小时成交量失败: element of parameter "pointer" for function Scan should type of struct/*struct/[]struct/[]*struct 
Stack:
1.  cex-exchange/internal/websocket.GetPriceChangeData
    /Users/zhanjun/IdeaProjects/cex-exchange/cex-exchange/internal/websocket/data.go:187
2.  cex-exchange/internal/websocket.SendMarketData
    /Users/zhanjun/IdeaProjects/cex-exchange/cex-exchange/internal/websocket/manager.go:208

2025-12-02T08:39:34.821+08:00 [ERRO] 获取昨日K线失败: sql: no rows in result set 
Stack:
1.  cex-exchange/internal/websocket.GetPriceChangeData
    /Users/zhanjun/IdeaProjects/cex-exchange/cex-exchange/internal/websocket/data.go:149
2.  cex-exchange/internal/websocket.SendMarketData
    /Users/zhanjun/IdeaProjects/cex-exchange/cex-exchange/internal/websocket/manager.go:208

2025-12-02T08:39:34.917+08:00 [ERRO] 获取最新K线失败: sql: no rows in result set 
Stack:
1.  cex-exchange/internal/websocket.GetPriceChangeData
    /Users/zhanjun/IdeaProjects/cex-exchange/cex-exchange/internal/websocket/data.go:132
2.  cex-exchange/internal/websocket.SendMarketData
    /Users/zhanjun/IdeaProjects/cex-exchange/cex-exchange/internal/websocket/manager.go:208

2025-12-02T08:39:34.952+08:00 [ERRO] 获取最新K线失败: sql: no rows in result set 
Stack:
1.  cex-exchange/internal/websocket.GetPriceChangeData
    /Users/zhanjun/IdeaProjects/cex-exchange/cex-exchange/internal/websocket/data.go:132
2.  cex-exchange/internal/websocket.SendMarketData
    /Users/zhanjun/IdeaProjects/cex-exchange/cex-exchange/internal/websocket/manager.go:208

2025-12-02T08:39:35.756+08:00 [ERRO] 获取24小时成交量失败: element of parameter "pointer" for function Scan should type of struct/*struct/[]struct/[]*struct 
Stack:
1.  cex-exchange/internal/websocket.GetPriceChangeData
    /Users/zhanjun/IdeaProjects/cex-exchange/cex-exchange/internal/websocket/data.go:187
2.  cex-exchange/internal/websocket.SendMarketData
    /Users/zhanjun/IdeaProjects/cex-exchange/cex-exchange/internal/websocket/manager.go:208

2025-12-02T08:39:35.810+08:00 [ERRO] 获取昨日K线失败: sql: no rows in result set 
Stack:
1.  cex-exchange/internal/websocket.GetPriceChangeData
    /Users/zhanjun/IdeaProjects/cex-exchange/cex-exchange/internal/websocket/data.go:149
2.  cex-exchange/internal/websocket.SendMarketData
    /Users/zhanjun/IdeaProjects/cex-exchange/cex-exchange/internal/websocket/manager.go:208

2025-12-02T08:39:36.017+08:00 [ERRO] 获取最新K线失败: sql: no rows in result set 
Stack:
1.  cex-exchange/internal/websocket.GetPriceChangeData
    /Users/zhanjun/IdeaProjects/cex-exchange/cex-exchange/internal/websocket/data.go:132
2.  cex-exchange/internal/websocket.SendMarketData
    /Users/zhanjun/IdeaProjects/cex-exchange/cex-exchange/internal/websocket/manager.go:208

2025-12-02T08:39:36.022+08:00 [ERRO] 获取最新K线失败: sql: no rows in result set 
Stack:
1.  cex-exchange/internal/websocket.GetPriceChangeData
    /Users/zhanjun/IdeaProjects/cex-exchange/cex-exchange/internal/websocket/data.go:132
2.  cex-exchange/internal/websocket.SendMarketData
    /Users/zhanjun/IdeaProjects/cex-exchange/cex-exchange/internal/websocket/manager.go:208

2025-12-02T08:39:36.735+08:00 [ERRO] 获取24小时成交量失败: element of parameter "pointer" for function Scan should type of struct/*struct/[]struct/[]*struct 
Stack:
1.  cex-exchange/internal/websocket.GetPriceChangeData
    /Users/zhanjun/IdeaProjects/cex-exchange/cex-exchange/internal/websocket/data.go:187
2.  cex-exchange/internal/websocket.SendMarketData
    /Users/zhanjun/IdeaProjects/cex-exchange/cex-exchange/internal/websocket/manager.go:208

2025-12-02T08:39:36.755+08:00 [ERRO] 获取昨日K线失败: sql: no rows in result set 
Stack:
1.  cex-exchange/internal/websocket.GetPriceChangeData
    /Users/zhanjun/IdeaProjects/cex-exchange/cex-exchange/internal/websocket/data.go:149
2.  cex-exchange/internal/websocket.SendMarketData
    /Users/zhanjun/IdeaProjects/cex-exchange/cex-exchange/internal/websocket/manager.go:208

2025-12-02T08:39:36.960+08:00 [ERRO] 获取最新K线失败: sql: no rows in result set 
Stack:
1.  cex-exchange/internal/websocket.GetPriceChangeData
    /Users/zhanjun/IdeaProjects/cex-exchange/cex-exchange/internal/websocket/data.go:132
2.  cex-exchange/internal/websocket.SendMarketData
    /Users/zhanjun/IdeaProjects/cex-exchange/cex-exchange/internal/websocket/manager.go:208

2025-12-02T08:39:36.975+08:00 [ERRO] 获取最新K线失败: sql: no rows in result set 
Stack:
1.  cex-exchange/internal/websocket.GetPriceChangeData
    /Users/zhanjun/IdeaProjects/cex-exchange/cex-exchange/internal/websocket/data.go:132
2.  cex-exchange/internal/websocket.SendMarketData
    /Users/zhanjun/IdeaProjects/cex-exchange/cex-exchange/internal/websocket/manager.go:208

2025-12-02T08:39:37.701+08:00 [ERRO] 获取24小时成交量失败: element of parameter "pointer" for function Scan should type of struct/*struct/[]struct/[]*struct 
Stack:
1.  cex-exchange/internal/websocket.GetPriceChangeData
    /Users/zhanjun/IdeaProjects/cex-exchange/cex-exchange/internal/websocket/data.go:187
2.  cex-exchange/internal/websocket.SendMarketData
    /Users/zhanjun/IdeaProjects/cex-exchange/cex-exchange/internal/websocket/manager.go:208

2025-12-02T08:39:37.825+08:00 [ERRO] 获取最新K线失败: sql: no rows in result set 
Stack:
1.  cex-exchange/internal/websocket.GetPriceChangeData
    /Users/zhanjun/IdeaProjects/cex-exchange/cex-exchange/internal/websocket/data.go:132
2.  cex-exchange/internal/websocket.SendMarketData
    /Users/zhanjun/IdeaProjects/cex-exchange/cex-exchange/internal/websocket/manager.go:208

2025-12-02T08:39:37.919+08:00 [ERRO] 获取昨日K线失败: sql: no rows in result set 
Stack:
1.  cex-exchange/internal/websocket.GetPriceChangeData
    /Users/zhanjun/IdeaProjects/cex-exchange/cex-exchange/internal/websocket/data.go:149
2.  cex-exchange/internal/websocket.SendMarketData
    /Users/zhanjun/IdeaProjects/cex-exchange/cex-exchange/internal/websocket/manager.go:208

2025-12-02T08:39:38.025+08:00 [ERRO] 获取最新K线失败: sql: no rows in result set 
Stack:
1.  cex-exchange/internal/websocket.GetPriceChangeData
    /Users/zhanjun/IdeaProjects/cex-exchange/cex-exchange/internal/websocket/data.go:132
2.  cex-exchange/internal/websocket.SendMarketData
    /Users/zhanjun/IdeaProjects/cex-exchange/cex-exchange/internal/websocket/manager.go:208

2025-12-02T08:39:38.839+08:00 [ERRO] 获取24小时成交量失败: element of parameter "pointer" for function Scan should type of struct/*struct/[]struct/[]*struct 
Stack:
1.  cex-exchange/internal/websocket.GetPriceChangeData
    /Users/zhanjun/IdeaProjects/cex-exchange/cex-exchange/internal/websocket/data.go:187
2.  cex-exchange/internal/websocket.SendMarketData
    /Users/zhanjun/IdeaProjects/cex-exchange/cex-exchange/internal/websocket/manager.go:208

2025-12-02T08:39:38.863+08:00 [ERRO] 获取最新K线失败: sql: no rows in result set 
Stack:
1.  cex-exchange/internal/websocket.GetPriceChangeData
    /Users/zhanjun/IdeaProjects/cex-exchange/cex-exchange/internal/websocket/data.go:132
2.  cex-exchange/internal/websocket.SendMarketData
    /Users/zhanjun/IdeaProjects/cex-exchange/cex-exchange/internal/websocket/manager.go:208

2025-12-02T08:39:38.891+08:00 [ERRO] 获取昨日K线失败: sql: no rows in result set 
Stack:
1.  cex-exchange/internal/websocket.GetPriceChangeData
    /Users/zhanjun/IdeaProjects/cex-exchange/cex-exchange/internal/websocket/data.go:149
2.  cex-exchange/internal/websocket.SendMarketData
    /Users/zhanjun/IdeaProjects/cex-exchange/cex-exchange/internal/websocket/manager.go:208

2025-12-02T08:39:38.944+08:00 [ERRO] 获取最新K线失败: sql: no rows in result set 
Stack:
1.  cex-exchange/internal/websocket.GetPriceChangeData
    /Users/zhanjun/IdeaProjects/cex-exchange/cex-exchange/internal/websocket/data.go:132
2.  cex-exchange/internal/websocket.SendMarketData
    /Users/zhanjun/IdeaProjects/cex-exchange/cex-exchange/internal/websocket/manager.go:208

2025-12-02T08:39:39.838+08:00 [ERRO] 获取24小时成交量失败: element of parameter "pointer" for function Scan should type of struct/*struct/[]struct/[]*struct 
Stack:
1.  cex-exchange/internal/websocket.GetPriceChangeData
    /Users/zhanjun/IdeaProjects/cex-exchange/cex-exchange/internal/websocket/data.go:187
2.  cex-exchange/internal/websocket.SendMarketData
    /Users/zhanjun/IdeaProjects/cex-exchange/cex-exchange/internal/websocket/manager.go:208

2025-12-02T08:39:39.921+08:00 [ERRO] 获取昨日K线失败: sql: no rows in result set 
Stack:
1.  cex-exchange/internal/websocket.GetPriceChangeData
    /Users/zhanjun/IdeaProjects/cex-exchange/cex-exchange/internal/websocket/data.go:149
2.  cex-exchange/internal/websocket.SendMarketData
    /Users/zhanjun/IdeaProjects/cex-exchange/cex-exchange/internal/websocket/manager.go:208

2025-12-02T08:39:39.921+08:00 [ERRO] 获取最新K线失败: sql: no rows in result set 
Stack:
1.  cex-exchange/internal/websocket.GetPriceChangeData
    /Users/zhanjun/IdeaProjects/cex-exchange/cex-exchange/internal/websocket/data.go:132
2.  cex-exchange/internal/websocket.SendMarketData
    /Users/zhanjun/IdeaProjects/cex-exchange/cex-exchange/internal/websocket/manager.go:208

2025-12-02T08:39:39.992+08:00 [ERRO] 获取最新K线失败: sql: no rows in result set 
Stack:
1.  cex-exchange/internal/websocket.GetPriceChangeData
    /Users/zhanjun/IdeaProjects/cex-exchange/cex-exchange/internal/websocket/data.go:132
2.  cex-exchange/internal/websocket.SendMarketData
    /Users/zhanjun/IdeaProjects/cex-exchange/cex-exchange/internal/websocket/manager.go:208

2025-12-02T08:39:40.577+08:00 [ERRO] 获取24小时成交量失败: element of parameter "pointer" for function Scan should type of struct/*struct/[]struct/[]*struct 
Stack:
1.  cex-exchange/internal/websocket.GetPriceChangeData
    /Users/zhanjun/IdeaProjects/cex-exchange/cex-exchange/internal/websocket/data.go:187
2.  cex-exchange/internal/websocket.SendMarketData
    /Users/zhanjun/IdeaProjects/cex-exchange/cex-exchange/internal/websocket/manager.go:208

2025-12-02T08:39:40.879+08:00 [ERRO] 获取昨日K线失败: sql: no rows in result set 
Stack:
1.  cex-exchange/internal/websocket.GetPriceChangeData
    /Users/zhanjun/IdeaProjects/cex-exchange/cex-exchange/internal/websocket/data.go:149
2.  cex-exchange/internal/websocket.SendMarketData
    /Users/zhanjun/IdeaProjects/cex-exchange/cex-exchange/internal/websocket/manager.go:208

2025-12-02T08:39:40.888+08:00 [ERRO] 获取最新K线失败: sql: no rows in result set 
Stack:
1.  cex-exchange/internal/websocket.GetPriceChangeData
    /Users/zhanjun/IdeaProjects/cex-exchange/cex-exchange/internal/websocket/data.go:132
2.  cex-exchange/internal/websocket.SendMarketData
    /Users/zhanjun/IdeaProjects/cex-exchange/cex-exchange/internal/websocket/manager.go:208

2025-12-02T08:39:41.008+08:00 [ERRO] 获取最新K线失败: sql: no rows in result set 
Stack:
1.  cex-exchange/internal/websocket.GetPriceChangeData
    /Users/zhanjun/IdeaProjects/cex-exchange/cex-exchange/internal/websocket/data.go:132
2.  cex-exchange/internal/websocket.SendMarketData
    /Users/zhanjun/IdeaProjects/cex-exchange/cex-exchange/internal/websocket/manager.go:208

2025-12-02T08:39:41.804+08:00 [ERRO] 获取24小时成交量失败: element of parameter "pointer" for function Scan should type of struct/*struct/[]struct/[]*struct 
Stack:
1.  cex-exchange/internal/websocket.GetPriceChangeData
    /Users/zhanjun/IdeaProjects/cex-exchange/cex-exchange/internal/websocket/data.go:187
2.  cex-exchange/internal/websocket.SendMarketData
    /Users/zhanjun/IdeaProjects/cex-exchange/cex-exchange/internal/websocket/manager.go:208

2025-12-02T08:39:41.896+08:00 [ERRO] 获取昨日K线失败: sql: no rows in result set 
Stack:
1.  cex-exchange/internal/websocket.GetPriceChangeData
    /Users/zhanjun/IdeaProjects/cex-exchange/cex-exchange/internal/websocket/data.go:149
2.  cex-exchange/internal/websocket.SendMarketData
    /Users/zhanjun/IdeaProjects/cex-exchange/cex-exchange/internal/websocket/manager.go:208

2025-12-02T08:39:41.966+08:00 [ERRO] 获取最新K线失败: sql: no rows in result set 
Stack:
1.  cex-exchange/internal/websocket.GetPriceChangeData
    /Users/zhanjun/IdeaProjects/cex-exchange/cex-exchange/internal/websocket/data.go:132
2.  cex-exchange/internal/websocket.SendMarketData
    /Users/zhanjun/IdeaProjects/cex-exchange/cex-exchange/internal/websocket/manager.go:208

2025-12-02T08:39:41.997+08:00 [ERRO] 获取最新K线失败: sql: no rows in result set 
Stack:
1.  cex-exchange/internal/websocket.GetPriceChangeData
    /Users/zhanjun/IdeaProjects/cex-exchange/cex-exchange/internal/websocket/data.go:132
2.  cex-exchange/internal/websocket.SendMarketData
    /Users/zhanjun/IdeaProjects/cex-exchange/cex-exchange/internal/websocket/manager.go:208

2025-12-02T08:39:42.838+08:00 [ERRO] 获取24小时成交量失败: element of parameter "pointer" for function Scan should type of struct/*struct/[]struct/[]*struct 
Stack:
1.  cex-exchange/internal/websocket.GetPriceChangeData
    /Users/zhanjun/IdeaProjects/cex-exchange/cex-exchange/internal/websocket/data.go:187
2.  cex-exchange/internal/websocket.SendMarketData
    /Users/zhanjun/IdeaProjects/cex-exchange/cex-exchange/internal/websocket/manager.go:208

2025-12-02T08:39:42.892+08:00 [ERRO] 获取最新K线失败: sql: no rows in result set 
Stack:
1.  cex-exchange/internal/websocket.GetPriceChangeData
    /Users/zhanjun/IdeaProjects/cex-exchange/cex-exchange/internal/websocket/data.go:132
2.  cex-exchange/internal/websocket.SendMarketData
    /Users/zhanjun/IdeaProjects/cex-exchange/cex-exchange/internal/websocket/manager.go:208

2025-12-02T08:39:42.924+08:00 [ERRO] 获取昨日K线失败: sql: no rows in result set 
Stack:
1.  cex-exchange/internal/websocket.GetPriceChangeData
    /Users/zhanjun/IdeaProjects/cex-exchange/cex-exchange/internal/websocket/data.go:149
2.  cex-exchange/internal/websocket.SendMarketData
    /Users/zhanjun/IdeaProjects/cex-exchange/cex-exchange/internal/websocket/manager.go:208

2025-12-02T08:39:43.063+08:00 [ERRO] 获取最新K线失败: sql: no rows in result set 
Stack:
1.  cex-exchange/internal/websocket.GetPriceChangeData
    /Users/zhanjun/IdeaProjects/cex-exchange/cex-exchange/internal/websocket/data.go:132
2.  cex-exchange/internal/websocket.SendMarketData
    /Users/zhanjun/IdeaProjects/cex-exchange/cex-exchange/internal/websocket/manager.go:208

2025-12-02T08:39:43.865+08:00 [ERRO] 获取24小时成交量失败: element of parameter "pointer" for function Scan should type of struct/*struct/[]struct/[]*struct 
Stack:
1.  cex-exchange/internal/websocket.GetPriceChangeData
    /Users/zhanjun/IdeaProjects/cex-exchange/cex-exchange/internal/websocket/data.go:187
2.  cex-exchange/internal/websocket.SendMarketData
    /Users/zhanjun/IdeaProjects/cex-exchange/cex-exchange/internal/websocket/manager.go:208

2025-12-02T08:39:43.958+08:00 [ERRO] 获取昨日K线失败: sql: no rows in result set 
Stack:
1.  cex-exchange/internal/websocket.GetPriceChangeData
    /Users/zhanjun/IdeaProjects/cex-exchange/cex-exchange/internal/websocket/data.go:149
2.  cex-exchange/internal/websocket.SendMarketData
    /Users/zhanjun/IdeaProjects/cex-exchange/cex-exchange/internal/websocket/manager.go:208

2025-12-02T08:39:43.964+08:00 [ERRO] 获取最新K线失败: sql: no rows in result set 
Stack:
1.  cex-exchange/internal/websocket.GetPriceChangeData
    /Users/zhanjun/IdeaProjects/cex-exchange/cex-exchange/internal/websocket/data.go:132
2.  cex-exchange/internal/websocket.SendMarketData
    /Users/zhanjun/IdeaProjects/cex-exchange/cex-exchange/internal/websocket/manager.go:208

2025-12-02T08:39:43.979+08:00 [ERRO] 获取最新K线失败: sql: no rows in result set 
Stack:
1.  cex-exchange/internal/websocket.GetPriceChangeData
    /Users/zhanjun/IdeaProjects/cex-exchange/cex-exchange/internal/websocket/data.go:132
2.  cex-exchange/internal/websocket.SendMarketData
    /Users/zhanjun/IdeaProjects/cex-exchange/cex-exchange/internal/websocket/manager.go:208

2025-12-02T08:39:44.888+08:00 [ERRO] 获取最新K线失败: sql: no rows in result set 
Stack:
1.  cex-exchange/internal/websocket.GetPriceChangeData
    /Users/zhanjun/IdeaProjects/cex-exchange/cex-exchange/internal/websocket/data.go:132
2.  cex-exchange/internal/websocket.SendMarketData
    /Users/zhanjun/IdeaProjects/cex-exchange/cex-exchange/internal/websocket/manager.go:208

2025-12-02T08:39:44.911+08:00 [ERRO] 获取24小时成交量失败: element of parameter "pointer" for function Scan should type of struct/*struct/[]struct/[]*struct 
Stack:
1.  cex-exchange/internal/websocket.GetPriceChangeData
    /Users/zhanjun/IdeaProjects/cex-exchange/cex-exchange/internal/websocket/data.go:187
2.  cex-exchange/internal/websocket.SendMarketData
    /Users/zhanjun/IdeaProjects/cex-exchange/cex-exchange/internal/websocket/manager.go:208

2025-12-02T08:39:44.917+08:00 [ERRO] 获取昨日K线失败: sql: no rows in result set 
Stack:
1.  cex-exchange/internal/websocket.GetPriceChangeData
    /Users/zhanjun/IdeaProjects/cex-exchange/cex-exchange/internal/websocket/data.go:149
2.  cex-exchange/internal/websocket.SendMarketData
    /Users/zhanjun/IdeaProjects/cex-exchange/cex-exchange/internal/websocket/manager.go:208

2025-12-02T08:39:45.057+08:00 [ERRO] 获取最新K线失败: sql: no rows in result set 
Stack:
1.  cex-exchange/internal/websocket.GetPriceChangeData
    /Users/zhanjun/IdeaProjects/cex-exchange/cex-exchange/internal/websocket/data.go:132
2.  cex-exchange/internal/websocket.SendMarketData
    /Users/zhanjun/IdeaProjects/cex-exchange/cex-exchange/internal/websocket/manager.go:208

2025-12-02T08:39:45.865+08:00 [ERRO] 获取24小时成交量失败: element of parameter "pointer" for function Scan should type of struct/*struct/[]struct/[]*struct 
Stack:
1.  cex-exchange/internal/websocket.GetPriceChangeData
    /Users/zhanjun/IdeaProjects/cex-exchange/cex-exchange/internal/websocket/data.go:187
2.  cex-exchange/internal/websocket.SendMarketData
    /Users/zhanjun/IdeaProjects/cex-exchange/cex-exchange/internal/websocket/manager.go:208

2025-12-02T08:39:45.947+08:00 [ERRO] 获取最新K线失败: sql: no rows in result set 
Stack:
1.  cex-exchange/internal/websocket.GetPriceChangeData
    /Users/zhanjun/IdeaProjects/cex-exchange/cex-exchange/internal/websocket/data.go:132
2.  cex-exchange/internal/websocket.SendMarketData
    /Users/zhanjun/IdeaProjects/cex-exchange/cex-exchange/internal/websocket/manager.go:208

2025-12-02T08:39:45.955+08:00 [ERRO] 获取最新K线失败: sql: no rows in result set 
Stack:
1.  cex-exchange/internal/websocket.GetPriceChangeData
    /Users/zhanjun/IdeaProjects/cex-exchange/cex-exchange/internal/websocket/data.go:132
2.  cex-exchange/internal/websocket.SendMarketData
    /Users/zhanjun/IdeaProjects/cex-exchange/cex-exchange/internal/websocket/manager.go:208

2025-12-02T08:39:45.974+08:00 [ERRO] 获取昨日K线失败: sql: no rows in result set 
Stack:
1.  cex-exchange/internal/websocket.GetPriceChangeData
    /Users/zhanjun/IdeaProjects/cex-exchange/cex-exchange/internal/websocket/data.go:149
2.  cex-exchange/internal/websocket.SendMarketData
    /Users/zhanjun/IdeaProjects/cex-exchange/cex-exchange/internal/websocket/manager.go:208

2025-12-02T08:39:46.886+08:00 [ERRO] 获取昨日K线失败: sql: no rows in result set 
Stack:
1.  cex-exchange/internal/websocket.GetPriceChangeData
    /Users/zhanjun/IdeaProjects/cex-exchange/cex-exchange/internal/websocket/data.go:149
2.  cex-exchange/internal/websocket.SendMarketData
    /Users/zhanjun/IdeaProjects/cex-exchange/cex-exchange/internal/websocket/manager.go:208

2025-12-02T08:39:46.936+08:00 [ERRO] 获取24小时成交量失败: element of parameter "pointer" for function Scan should type of struct/*struct/[]struct/[]*struct 
Stack:
1.  cex-exchange/internal/websocket.GetPriceChangeData
    /Users/zhanjun/IdeaProjects/cex-exchange/cex-exchange/internal/websocket/data.go:187
2.  cex-exchange/internal/websocket.SendMarketData
    /Users/zhanjun/IdeaProjects/cex-exchange/cex-exchange/internal/websocket/manager.go:208

2025-12-02T08:39:46.962+08:00 [ERRO] 获取最新K线失败: sql: no rows in result set 
Stack:
1.  cex-exchange/internal/websocket.GetPriceChangeData
    /Users/zhanjun/IdeaProjects/cex-exchange/cex-exchange/internal/websocket/data.go:132
2.  cex-exchange/internal/websocket.SendMarketData
    /Users/zhanjun/IdeaProjects/cex-exchange/cex-exchange/internal/websocket/manager.go:208

2025-12-02T08:39:47.081+08:00 [ERRO] 获取最新K线失败: sql: no rows in result set 
Stack:
1.  cex-exchange/internal/websocket.GetPriceChangeData
    /Users/zhanjun/IdeaProjects/cex-exchange/cex-exchange/internal/websocket/data.go:132
2.  cex-exchange/internal/websocket.SendMarketData
    /Users/zhanjun/IdeaProjects/cex-exchange/cex-exchange/internal/websocket/manager.go:208

2025-12-02T08:39:47.821+08:00 [ERRO] 获取24小时成交量失败: element of parameter "pointer" for function Scan should type of struct/*struct/[]struct/[]*struct 
Stack:
1.  cex-exchange/internal/websocket.GetPriceChangeData
    /Users/zhanjun/IdeaProjects/cex-exchange/cex-exchange/internal/websocket/data.go:187
2.  cex-exchange/internal/websocket.SendMarketData
    /Users/zhanjun/IdeaProjects/cex-exchange/cex-exchange/internal/websocket/manager.go:208

2025-12-02T08:39:47.924+08:00 [ERRO] 获取昨日K线失败: sql: no rows in result set 
Stack:
1.  cex-exchange/internal/websocket.GetPriceChangeData
    /Users/zhanjun/IdeaProjects/cex-exchange/cex-exchange/internal/websocket/data.go:149
2.  cex-exchange/internal/websocket.SendMarketData
    /Users/zhanjun/IdeaProjects/cex-exchange/cex-exchange/internal/websocket/manager.go:208

2025-12-02T08:39:47.989+08:00 [ERRO] 获取最新K线失败: sql: no rows in result set 
Stack:
1.  cex-exchange/internal/websocket.GetPriceChangeData
    /Users/zhanjun/IdeaProjects/cex-exchange/cex-exchange/internal/websocket/data.go:132
2.  cex-exchange/internal/websocket.SendMarketData
    /Users/zhanjun/IdeaProjects/cex-exchange/cex-exchange/internal/websocket/manager.go:208

2025-12-02T08:39:48.018+08:00 [ERRO] 获取最新K线失败: sql: no rows in result set 
Stack:
1.  cex-exchange/internal/websocket.GetPriceChangeData
    /Users/zhanjun/IdeaProjects/cex-exchange/cex-exchange/internal/websocket/data.go:132
2.  cex-exchange/internal/websocket.SendMarketData
    /Users/zhanjun/IdeaProjects/cex-exchange/cex-exchange/internal/websocket/manager.go:208

2025-12-02T08:39:48.729+08:00 [ERRO] 获取最新K线失败: sql: no rows in result set 
Stack:
1.  cex-exchange/internal/websocket.GetPriceChangeData
    /Users/zhanjun/IdeaProjects/cex-exchange/cex-exchange/internal/websocket/data.go:132
2.  cex-exchange/internal/websocket.SendMarketData
    /Users/zhanjun/IdeaProjects/cex-exchange/cex-exchange/internal/websocket/manager.go:208

2025-12-02T08:39:48.865+08:00 [ERRO] 获取24小时成交量失败: element of parameter "pointer" for function Scan should type of struct/*struct/[]struct/[]*struct 
Stack:
1.  cex-exchange/internal/websocket.GetPriceChangeData
    /Users/zhanjun/IdeaProjects/cex-exchange/cex-exchange/internal/websocket/data.go:187
2.  cex-exchange/internal/websocket.SendMarketData
    /Users/zhanjun/IdeaProjects/cex-exchange/cex-exchange/internal/websocket/manager.go:208

2025-12-02T08:39:48.908+08:00 [ERRO] 获取昨日K线失败: sql: no rows in result set 
Stack:
1.  cex-exchange/internal/websocket.GetPriceChangeData
    /Users/zhanjun/IdeaProjects/cex-exchange/cex-exchange/internal/websocket/data.go:149
2.  cex-exchange/internal/websocket.SendMarketData
    /Users/zhanjun/IdeaProjects/cex-exchange/cex-exchange/internal/websocket/manager.go:208

2025-12-02T08:39:49.046+08:00 [ERRO] 获取最新K线失败: sql: no rows in result set 
Stack:
1.  cex-exchange/internal/websocket.GetPriceChangeData
    /Users/zhanjun/IdeaProjects/cex-exchange/cex-exchange/internal/websocket/data.go:132
2.  cex-exchange/internal/websocket.SendMarketData
    /Users/zhanjun/IdeaProjects/cex-exchange/cex-exchange/internal/websocket/manager.go:208

2025-12-02T08:39:49.842+08:00 [ERRO] 获取24小时成交量失败: element of parameter "pointer" for function Scan should type of struct/*struct/[]struct/[]*struct 
Stack:
1.  cex-exchange/internal/websocket.GetPriceChangeData
    /Users/zhanjun/IdeaProjects/cex-exchange/cex-exchange/internal/websocket/data.go:187
2.  cex-exchange/internal/websocket.SendMarketData
    /Users/zhanjun/IdeaProjects/cex-exchange/cex-exchange/internal/websocket/manager.go:208

2025-12-02T08:39:49.857+08:00 [ERRO] 获取昨日K线失败: sql: no rows in result set 
Stack:
1.  cex-exchange/internal/websocket.GetPriceChangeData
    /Users/zhanjun/IdeaProjects/cex-exchange/cex-exchange/internal/websocket/data.go:149
2.  cex-exchange/internal/websocket.SendMarketData
    /Users/zhanjun/IdeaProjects/cex-exchange/cex-exchange/internal/websocket/manager.go:208

2025-12-02T08:39:49.936+08:00 [ERRO] 获取最新K线失败: sql: no rows in result set 
Stack:
1.  cex-exchange/internal/websocket.GetPriceChangeData
    /Users/zhanjun/IdeaProjects/cex-exchange/cex-exchange/internal/websocket/data.go:132
2.  cex-exchange/internal/websocket.SendMarketData
    /Users/zhanjun/IdeaProjects/cex-exchange/cex-exchange/internal/websocket/manager.go:208

2025-12-02T08:39:50.011+08:00 [ERRO] 获取最新K线失败: sql: no rows in result set 
Stack:
1.  cex-exchange/internal/websocket.GetPriceChangeData
    /Users/zhanjun/IdeaProjects/cex-exchange/cex-exchange/internal/websocket/data.go:132
2.  cex-exchange/internal/websocket.SendMarketData
    /Users/zhanjun/IdeaProjects/cex-exchange/cex-exchange/internal/websocket/manager.go:208

2025-12-02T08:39:50.773+08:00 [ERRO] 获取24小时成交量失败: element of parameter "pointer" for function Scan should type of struct/*struct/[]struct/[]*struct 
Stack:
1.  cex-exchange/internal/websocket.GetPriceChangeData
    /Users/zhanjun/IdeaProjects/cex-exchange/cex-exchange/internal/websocket/data.go:187
2.  cex-exchange/internal/websocket.SendMarketData
    /Users/zhanjun/IdeaProjects/cex-exchange/cex-exchange/internal/websocket/manager.go:208

2025-12-02T08:39:50.867+08:00 [ERRO] 获取最新K线失败: sql: no rows in result set 
Stack:
1.  cex-exchange/internal/websocket.GetPriceChangeData
    /Users/zhanjun/IdeaProjects/cex-exchange/cex-exchange/internal/websocket/data.go:132
2.  cex-exchange/internal/websocket.SendMarketData
    /Users/zhanjun/IdeaProjects/cex-exchange/cex-exchange/internal/websocket/manager.go:208

2025-12-02T08:39:50.943+08:00 [ERRO] 获取昨日K线失败: sql: no rows in result set 
Stack:
1.  cex-exchange/internal/websocket.GetPriceChangeData
    /Users/zhanjun/IdeaProjects/cex-exchange/cex-exchange/internal/websocket/data.go:149
2.  cex-exchange/internal/websocket.SendMarketData
    /Users/zhanjun/IdeaProjects/cex-exchange/cex-exchange/internal/websocket/manager.go:208

2025-12-02T08:39:51.067+08:00 [ERRO] 获取最新K线失败: sql: no rows in result set 
Stack:
1.  cex-exchange/internal/websocket.GetPriceChangeData
    /Users/zhanjun/IdeaProjects/cex-exchange/cex-exchange/internal/websocket/data.go:132
2.  cex-exchange/internal/websocket.SendMarketData
    /Users/zhanjun/IdeaProjects/cex-exchange/cex-exchange/internal/websocket/manager.go:208

2025-12-02T08:39:51.663+08:00 [ERRO] 获取昨日K线失败: sql: no rows in result set 
Stack:
1.  cex-exchange/internal/websocket.GetPriceChangeData
    /Users/zhanjun/IdeaProjects/cex-exchange/cex-exchange/internal/websocket/data.go:149
2.  cex-exchange/internal/websocket.SendMarketData
    /Users/zhanjun/IdeaProjects/cex-exchange/cex-exchange/internal/websocket/manager.go:208

2025-12-02T08:39:51.806+08:00 [ERRO] 获取最新K线失败: sql: no rows in result set 
Stack:
1.  cex-exchange/internal/websocket.GetPriceChangeData
    /Users/zhanjun/IdeaProjects/cex-exchange/cex-exchange/internal/websocket/data.go:132
2.  cex-exchange/internal/websocket.SendMarketData
    /Users/zhanjun/IdeaProjects/cex-exchange/cex-exchange/internal/websocket/manager.go:208

2025-12-02T08:39:51.881+08:00 [ERRO] 获取24小时成交量失败: element of parameter "pointer" for function Scan should type of struct/*struct/[]struct/[]*struct 
Stack:
1.  cex-exchange/internal/websocket.GetPriceChangeData
    /Users/zhanjun/IdeaProjects/cex-exchange/cex-exchange/internal/websocket/data.go:187
2.  cex-exchange/internal/websocket.SendMarketData
    /Users/zhanjun/IdeaProjects/cex-exchange/cex-exchange/internal/websocket/manager.go:208

2025-12-02T08:39:51.934+08:00 [ERRO] 获取最新K线失败: sql: no rows in result set 
Stack:
1.  cex-exchange/internal/websocket.GetPriceChangeData
    /Users/zhanjun/IdeaProjects/cex-exchange/cex-exchange/internal/websocket/data.go:132
2.  cex-exchange/internal/websocket.SendMarketData
    /Users/zhanjun/IdeaProjects/cex-exchange/cex-exchange/internal/websocket/manager.go:208

2025-12-02T08:39:52.594+08:00 [ERRO] 获取24小时成交量失败: element of parameter "pointer" for function Scan should type of struct/*struct/[]struct/[]*struct 
Stack:
1.  cex-exchange/internal/websocket.GetPriceChangeData
    /Users/zhanjun/IdeaProjects/cex-exchange/cex-exchange/internal/websocket/data.go:187
2.  cex-exchange/internal/websocket.SendMarketData
    /Users/zhanjun/IdeaProjects/cex-exchange/cex-exchange/internal/websocket/manager.go:208

2025-12-02T08:39:52.900+08:00 [ERRO] 获取昨日K线失败: sql: no rows in result set 
Stack:
1.  cex-exchange/internal/websocket.GetPriceChangeData
    /Users/zhanjun/IdeaProjects/cex-exchange/cex-exchange/internal/websocket/data.go:149
2.  cex-exchange/internal/websocket.SendMarketData
    /Users/zhanjun/IdeaProjects/cex-exchange/cex-exchange/internal/websocket/manager.go:208

2025-12-02T08:39:52.969+08:00 [ERRO] 获取最新K线失败: sql: no rows in result set 
Stack:
1.  cex-exchange/internal/websocket.GetPriceChangeData
    /Users/zhanjun/IdeaProjects/cex-exchange/cex-exchange/internal/websocket/data.go:132
2.  cex-exchange/internal/websocket.SendMarketData
    /Users/zhanjun/IdeaProjects/cex-exchange/cex-exchange/internal/websocket/manager.go:208

2025-12-02T08:39:53.537+08:00 [ERRO] 获取昨日K线失败: sql: no rows in result set 
Stack:
1.  cex-exchange/internal/websocket.GetPriceChangeData
    /Users/zhanjun/IdeaProjects/cex-exchange/cex-exchange/internal/websocket/data.go:149
2.  cex-exchange/internal/websocket.SendMarketData
    /Users/zhanjun/IdeaProjects/cex-exchange/cex-exchange/internal/websocket/manager.go:208

2025-12-02T08:39:53.842+08:00 [ERRO] 获取24小时成交量失败: element of parameter "pointer" for function Scan should type of struct/*struct/[]struct/[]*struct 
Stack:
1.  cex-exchange/internal/websocket.GetPriceChangeData
    /Users/zhanjun/IdeaProjects/cex-exchange/cex-exchange/internal/websocket/data.go:187
2.  cex-exchange/internal/websocket.SendMarketData
    /Users/zhanjun/IdeaProjects/cex-exchange/cex-exchange/internal/websocket/manager.go:208

2025-12-02T08:39:54.471+08:00 [ERRO] 获取24小时成交量失败: element of parameter "pointer" for function Scan should type of struct/*struct/[]struct/[]*struct 
Stack:
1.  cex-exchange/internal/websocket.GetPriceChangeData
    /Users/zhanjun/IdeaProjects/cex-exchange/cex-exchange/internal/websocket/data.go:187
2.  cex-exchange/internal/websocket.SendMarketData
    /Users/zhanjun/IdeaProjects/cex-exchange/cex-exchange/internal/websocket/manager.go:208

2025-12-02T08:39:54.987+08:00 [ERRO] 获取昨日K线失败: sql: no rows in result set 
Stack:
1.  cex-exchange/internal/websocket.GetPriceChangeData
    /Users/zhanjun/IdeaProjects/cex-exchange/cex-exchange/internal/websocket/data.go:149
2.  cex-exchange/internal/websocket.SendMarketData
    /Users/zhanjun/IdeaProjects/cex-exchange/cex-exchange/internal/websocket/manager.go:208

2025-12-02T08:39:55.536+08:00 [ERRO] 获取最新K线失败: sql: no rows in result set 
Stack:
1.  cex-exchange/internal/websocket.GetPriceChangeData
    /Users/zhanjun/IdeaProjects/cex-exchange/cex-exchange/internal/websocket/data.go:132
2.  cex-exchange/internal/websocket.SendMarketData
    /Users/zhanjun/IdeaProjects/cex-exchange/cex-exchange/internal/websocket/manager.go:208

2025-12-02T08:39:55.934+08:00 [ERRO] 获取24小时成交量失败: element of parameter "pointer" for function Scan should type of struct/*struct/[]struct/[]*struct 
Stack:
1.  cex-exchange/internal/websocket.GetPriceChangeData
    /Users/zhanjun/IdeaProjects/cex-exchange/cex-exchange/internal/websocket/data.go:187
2.  cex-exchange/internal/websocket.SendMarketData
    /Users/zhanjun/IdeaProjects/cex-exchange/cex-exchange/internal/websocket/manager.go:208

2025-12-02T08:39:55.979+08:00 [ERRO] 获取最新K线失败: sql: no rows in result set 
Stack:
1.  cex-exchange/internal/websocket.GetPriceChangeData
    /Users/zhanjun/IdeaProjects/cex-exchange/cex-exchange/internal/websocket/data.go:132
2.  cex-exchange/internal/websocket.SendMarketData
    /Users/zhanjun/IdeaProjects/cex-exchange/cex-exchange/internal/websocket/manager.go:208

2025-12-02T08:39:56.222+08:00 [ERRO] 获取最新K线失败: sql: no rows in result set 
Stack:
1.  cex-exchange/internal/websocket.GetPriceChangeData
    /Users/zhanjun/IdeaProjects/cex-exchange/cex-exchange/internal/websocket/data.go:132
2.  cex-exchange/internal/websocket.SendMarketData
    /Users/zhanjun/IdeaProjects/cex-exchange/cex-exchange/internal/websocket/manager.go:208

2025-12-02T08:39:56.558+08:00 [ERRO] 获取最新K线失败: sql: no rows in result set 
Stack:
1.  cex-exchange/internal/websocket.GetPriceChangeData
    /Users/zhanjun/IdeaProjects/cex-exchange/cex-exchange/internal/websocket/data.go:132
2.  cex-exchange/internal/websocket.SendMarketData
    /Users/zhanjun/IdeaProjects/cex-exchange/cex-exchange/internal/websocket/manager.go:208

2025-12-02T08:39:57.511+08:00 [ERRO] 获取最新K线失败: sql: no rows in result set 
Stack:
1.  cex-exchange/internal/websocket.GetPriceChangeData
    /Users/zhanjun/IdeaProjects/cex-exchange/cex-exchange/internal/websocket/data.go:132
2.  cex-exchange/internal/websocket.SendMarketData
    /Users/zhanjun/IdeaProjects/cex-exchange/cex-exchange/internal/websocket/manager.go:208

2025-12-02T08:39:57.657+08:00 [ERRO] 获取最新K线失败: sql: no rows in result set 
Stack:
1.  cex-exchange/internal/websocket.GetPriceChangeData
    /Users/zhanjun/IdeaProjects/cex-exchange/cex-exchange/internal/websocket/data.go:132
2.  cex-exchange/internal/websocket.SendMarketData
    /Users/zhanjun/IdeaProjects/cex-exchange/cex-exchange/internal/websocket/manager.go:208

2025-12-02T08:39:58.400+08:00 [ERRO] 获取昨日K线失败: sql: no rows in result set 
Stack:
1.  cex-exchange/internal/websocket.GetPriceChangeData
    /Users/zhanjun/IdeaProjects/cex-exchange/cex-exchange/internal/websocket/data.go:149
2.  cex-exchange/internal/websocket.SendMarketData
    /Users/zhanjun/IdeaProjects/cex-exchange/cex-exchange/internal/websocket/manager.go:208

2025-12-02T08:39:58.532+08:00 [ERRO] 获取最新K线失败: sql: no rows in result set 
Stack:
1.  cex-exchange/internal/websocket.GetPriceChangeData
    /Users/zhanjun/IdeaProjects/cex-exchange/cex-exchange/internal/websocket/data.go:132
2.  cex-exchange/internal/websocket.SendMarketData
    /Users/zhanjun/IdeaProjects/cex-exchange/cex-exchange/internal/websocket/manager.go:208

2025-12-02T08:39:59.316+08:00 [ERRO] 获取昨日K线失败: sql: no rows in result set 
Stack:
1.  cex-exchange/internal/websocket.GetPriceChangeData
    /Users/zhanjun/IdeaProjects/cex-exchange/cex-exchange/internal/websocket/data.go:149
2.  cex-exchange/internal/websocket.SendMarketData
    /Users/zhanjun/IdeaProjects/cex-exchange/cex-exchange/internal/websocket/manager.go:208

2025-12-02T08:39:59.356+08:00 [ERRO] 获取24小时成交量失败: element of parameter "pointer" for function Scan should type of struct/*struct/[]struct/[]*struct 
Stack:
1.  cex-exchange/internal/websocket.GetPriceChangeData
    /Users/zhanjun/IdeaProjects/cex-exchange/cex-exchange/internal/websocket/data.go:187
2.  cex-exchange/internal/websocket.SendMarketData
    /Users/zhanjun/IdeaProjects/cex-exchange/cex-exchange/internal/websocket/manager.go:208

2025-12-02T08:39:59.383+08:00 [ERRO] 获取最新K线失败: sql: no rows in result set 
Stack:
1.  cex-exchange/internal/websocket.GetPriceChangeData
    /Users/zhanjun/IdeaProjects/cex-exchange/cex-exchange/internal/websocket/data.go:132
2.  cex-exchange/internal/websocket.SendMarketData
    /Users/zhanjun/IdeaProjects/cex-exchange/cex-exchange/internal/websocket/manager.go:208

2025-12-02T08:39:59.484+08:00 [ERRO] 获取最新K线失败: sql: no rows in result set 
Stack:
1.  cex-exchange/internal/websocket.GetPriceChangeData
    /Users/zhanjun/IdeaProjects/cex-exchange/cex-exchange/internal/websocket/data.go:132
2.  cex-exchange/internal/websocket.SendMarketData
    /Users/zhanjun/IdeaProjects/cex-exchange/cex-exchange/internal/websocket/manager.go:208

2025-12-02T08:40:00.099+08:00 [ERRO] 获取最新K线失败: sql: no rows in result set 
Stack:
1.  cex-exchange/internal/websocket.GetPriceChangeData
    /Users/zhanjun/IdeaProjects/cex-exchange/cex-exchange/internal/websocket/data.go:132
2.  cex-exchange/internal/websocket.SendMarketData
    /Users/zhanjun/IdeaProjects/cex-exchange/cex-exchange/internal/websocket/manager.go:208

2025-12-02T08:40:00.196+08:00 [ERRO] 获取最新K线失败: sql: no rows in result set 
Stack:
1.  cex-exchange/internal/websocket.GetPriceChangeData
    /Users/zhanjun/IdeaProjects/cex-exchange/cex-exchange/internal/websocket/data.go:132
2.  cex-exchange/internal/websocket.SendMarketData
    /Users/zhanjun/IdeaProjects/cex-exchange/cex-exchange/internal/websocket/manager.go:208

2025-12-02T08:40:00.235+08:00 [ERRO] 获取24小时成交量失败: element of parameter "pointer" for function Scan should type of struct/*struct/[]struct/[]*struct 
Stack:
1.  cex-exchange/internal/websocket.GetPriceChangeData
    /Users/zhanjun/IdeaProjects/cex-exchange/cex-exchange/internal/websocket/data.go:187
2.  cex-exchange/internal/websocket.SendMarketData
    /Users/zhanjun/IdeaProjects/cex-exchange/cex-exchange/internal/websocket/manager.go:208

2025-12-02T08:40:00.476+08:00 [ERRO] 获取最新K线失败: sql: no rows in result set 
Stack:
1.  cex-exchange/internal/websocket.GetPriceChangeData
    /Users/zhanjun/IdeaProjects/cex-exchange/cex-exchange/internal/websocket/data.go:132
2.  cex-exchange/internal/websocket.SendMarketData
    /Users/zhanjun/IdeaProjects/cex-exchange/cex-exchange/internal/websocket/manager.go:208

2025-12-02T08:40:00.535+08:00 [ERRO] 获取昨日K线失败: sql: no rows in result set 
Stack:
1.  cex-exchange/internal/websocket.GetPriceChangeData
    /Users/zhanjun/IdeaProjects/cex-exchange/cex-exchange/internal/websocket/data.go:149
2.  cex-exchange/internal/websocket.SendMarketData
    /Users/zhanjun/IdeaProjects/cex-exchange/cex-exchange/internal/websocket/manager.go:208

2025-12-02T08:40:00.987+08:00 [ERRO] 获取昨日K线失败: sql: no rows in result set 
Stack:
1.  cex-exchange/internal/websocket.GetPriceChangeData
    /Users/zhanjun/IdeaProjects/cex-exchange/cex-exchange/internal/websocket/data.go:149
2.  cex-exchange/internal/websocket.SendMarketData
    /Users/zhanjun/IdeaProjects/cex-exchange/cex-exchange/internal/websocket/manager.go:208

2025-12-02T08:40:01.068+08:00 [ERRO] 获取最新K线失败: sql: no rows in result set 
Stack:
1.  cex-exchange/internal/websocket.GetPriceChangeData
    /Users/zhanjun/IdeaProjects/cex-exchange/cex-exchange/internal/websocket/data.go:132
2.  cex-exchange/internal/websocket.SendMarketData
    /Users/zhanjun/IdeaProjects/cex-exchange/cex-exchange/internal/websocket/manager.go:208

2025-12-02T08:40:01.475+08:00 [ERRO] 获取24小时成交量失败: element of parameter "pointer" for function Scan should type of struct/*struct/[]struct/[]*struct 
Stack:
1.  cex-exchange/internal/websocket.GetPriceChangeData
    /Users/zhanjun/IdeaProjects/cex-exchange/cex-exchange/internal/websocket/data.go:187
2.  cex-exchange/internal/websocket.SendMarketData
    /Users/zhanjun/IdeaProjects/cex-exchange/cex-exchange/internal/websocket/manager.go:208

2025-12-02T08:40:01.515+08:00 [ERRO] 获取最新K线失败: sql: no rows in result set 
Stack:
1.  cex-exchange/internal/websocket.GetPriceChangeData
    /Users/zhanjun/IdeaProjects/cex-exchange/cex-exchange/internal/websocket/data.go:132
2.  cex-exchange/internal/websocket.SendMarketData
    /Users/zhanjun/IdeaProjects/cex-exchange/cex-exchange/internal/websocket/manager.go:208

2025-12-02T08:40:01.522+08:00 [ERRO] 获取昨日K线失败: sql: no rows in result set 
Stack:
1.  cex-exchange/internal/websocket.GetPriceChangeData
    /Users/zhanjun/IdeaProjects/cex-exchange/cex-exchange/internal/websocket/data.go:149
2.  cex-exchange/internal/websocket.SendMarketData
    /Users/zhanjun/IdeaProjects/cex-exchange/cex-exchange/internal/websocket/manager.go:208

2025-12-02T08:40:01.550+08:00 [ERRO] 获取最新K线失败: sql: no rows in result set 
Stack:
1.  cex-exchange/internal/websocket.GetPriceChangeData
    /Users/zhanjun/IdeaProjects/cex-exchange/cex-exchange/internal/websocket/data.go:132
2.  cex-exchange/internal/websocket.SendMarketData
    /Users/zhanjun/IdeaProjects/cex-exchange/cex-exchange/internal/websocket/manager.go:208

2025-12-02T08:40:01.944+08:00 [ERRO] 获取24小时成交量失败: element of parameter "pointer" for function Scan should type of struct/*struct/[]struct/[]*struct 
Stack:
1.  cex-exchange/internal/websocket.GetPriceChangeData
    /Users/zhanjun/IdeaProjects/cex-exchange/cex-exchange/internal/websocket/data.go:187
2.  cex-exchange/internal/websocket.SendMarketData
    /Users/zhanjun/IdeaProjects/cex-exchange/cex-exchange/internal/websocket/manager.go:208

2025-12-02T08:40:01.992+08:00 [ERRO] 获取最新K线失败: sql: no rows in result set 
Stack:
1.  cex-exchange/internal/websocket.GetPriceChangeData
    /Users/zhanjun/IdeaProjects/cex-exchange/cex-exchange/internal/websocket/data.go:132
2.  cex-exchange/internal/websocket.SendMarketData
    /Users/zhanjun/IdeaProjects/cex-exchange/cex-exchange/internal/websocket/manager.go:208

2025-12-02T08:40:02.466+08:00 [ERRO] 获取昨日K线失败: sql: no rows in result set 
Stack:
1.  cex-exchange/internal/websocket.GetPriceChangeData
    /Users/zhanjun/IdeaProjects/cex-exchange/cex-exchange/internal/websocket/data.go:149
2.  cex-exchange/internal/websocket.SendMarketData
    /Users/zhanjun/IdeaProjects/cex-exchange/cex-exchange/internal/websocket/manager.go:208

2025-12-02T08:40:02.481+08:00 [ERRO] 获取24小时成交量失败: element of parameter "pointer" for function Scan should type of struct/*struct/[]struct/[]*struct 
Stack:
1.  cex-exchange/internal/websocket.GetPriceChangeData
    /Users/zhanjun/IdeaProjects/cex-exchange/cex-exchange/internal/websocket/data.go:187
2.  cex-exchange/internal/websocket.SendMarketData
    /Users/zhanjun/IdeaProjects/cex-exchange/cex-exchange/internal/websocket/manager.go:208

2025-12-02T08:40:02.505+08:00 [ERRO] 获取最新K线失败: sql: no rows in result set 
Stack:
1.  cex-exchange/internal/websocket.GetPriceChangeData
    /Users/zhanjun/IdeaProjects/cex-exchange/cex-exchange/internal/websocket/data.go:132
2.  cex-exchange/internal/websocket.SendMarketData
    /Users/zhanjun/IdeaProjects/cex-exchange/cex-exchange/internal/websocket/manager.go:208

2025-12-02T08:40:02.769+08:00 [ERRO] 获取最新K线失败: sql: no rows in result set 
Stack:
1.  cex-exchange/internal/websocket.GetPriceChangeData
    /Users/zhanjun/IdeaProjects/cex-exchange/cex-exchange/internal/websocket/data.go:132
2.  cex-exchange/internal/websocket.SendMarketData
    /Users/zhanjun/IdeaProjects/cex-exchange/cex-exchange/internal/websocket/manager.go:208

2025-12-02T08:40:03.061+08:00 [ERRO] 获取最新K线失败: sql: no rows in result set 
Stack:
1.  cex-exchange/internal/websocket.GetPriceChangeData
    /Users/zhanjun/IdeaProjects/cex-exchange/cex-exchange/internal/websocket/data.go:132
2.  cex-exchange/internal/websocket.SendMarketData
    /Users/zhanjun/IdeaProjects/cex-exchange/cex-exchange/internal/websocket/manager.go:208

2025-12-02T08:40:03.079+08:00 [ERRO] 获取昨日K线失败: sql: no rows in result set 
Stack:
1.  cex-exchange/internal/websocket.GetPriceChangeData
    /Users/zhanjun/IdeaProjects/cex-exchange/cex-exchange/internal/websocket/data.go:149
2.  cex-exchange/internal/websocket.SendMarketData
    /Users/zhanjun/IdeaProjects/cex-exchange/cex-exchange/internal/websocket/manager.go:208

2025-12-02T08:40:03.403+08:00 [ERRO] 获取24小时成交量失败: element of parameter "pointer" for function Scan should type of struct/*struct/[]struct/[]*struct 
Stack:
1.  cex-exchange/internal/websocket.GetPriceChangeData
    /Users/zhanjun/IdeaProjects/cex-exchange/cex-exchange/internal/websocket/data.go:187
2.  cex-exchange/internal/websocket.SendMarketData
    /Users/zhanjun/IdeaProjects/cex-exchange/cex-exchange/internal/websocket/manager.go:208

2025-12-02T08:40:03.447+08:00 [ERRO] 获取最新K线失败: sql: no rows in result set 
Stack:
1.  cex-exchange/internal/websocket.GetPriceChangeData
    /Users/zhanjun/IdeaProjects/cex-exchange/cex-exchange/internal/websocket/data.go:132
2.  cex-exchange/internal/websocket.SendMarketData
    /Users/zhanjun/IdeaProjects/cex-exchange/cex-exchange/internal/websocket/manager.go:208

2025-12-02T08:40:03.905+08:00 [ERRO] 获取最新K线失败: sql: no rows in result set 
Stack:
1.  cex-exchange/internal/websocket.GetPriceChangeData
    /Users/zhanjun/IdeaProjects/cex-exchange/cex-exchange/internal/websocket/data.go:132
2.  cex-exchange/internal/websocket.SendMarketData
    /Users/zhanjun/IdeaProjects/cex-exchange/cex-exchange/internal/websocket/manager.go:208

2025-12-02T08:40:03.916+08:00 [ERRO] 获取最新K线失败: sql: no rows in result set 
Stack:
1.  cex-exchange/internal/websocket.GetPriceChangeData
    /Users/zhanjun/IdeaProjects/cex-exchange/cex-exchange/internal/websocket/data.go:132
2.  cex-exchange/internal/websocket.SendMarketData
    /Users/zhanjun/IdeaProjects/cex-exchange/cex-exchange/internal/websocket/manager.go:208

2025-12-02T08:40:03.996+08:00 [ERRO] 获取昨日K线失败: sql: no rows in result set 
Stack:
1.  cex-exchange/internal/websocket.GetPriceChangeData
    /Users/zhanjun/IdeaProjects/cex-exchange/cex-exchange/internal/websocket/data.go:149
2.  cex-exchange/internal/websocket.SendMarketData
    /Users/zhanjun/IdeaProjects/cex-exchange/cex-exchange/internal/websocket/manager.go:208

2025-12-02T08:40:04.046+08:00 [ERRO] 获取24小时成交量失败: element of parameter "pointer" for function Scan should type of struct/*struct/[]struct/[]*struct 
Stack:
1.  cex-exchange/internal/websocket.GetPriceChangeData
    /Users/zhanjun/IdeaProjects/cex-exchange/cex-exchange/internal/websocket/data.go:187
2.  cex-exchange/internal/websocket.SendMarketData
    /Users/zhanjun/IdeaProjects/cex-exchange/cex-exchange/internal/websocket/manager.go:208

2025-12-02T08:40:04.523+08:00 [ERRO] 获取最新K线失败: sql: no rows in result set 
Stack:
1.  cex-exchange/internal/websocket.GetPriceChangeData
    /Users/zhanjun/IdeaProjects/cex-exchange/cex-exchange/internal/websocket/data.go:132
2.  cex-exchange/internal/websocket.SendMarketData
    /Users/zhanjun/IdeaProjects/cex-exchange/cex-exchange/internal/websocket/manager.go:208

2025-12-02T08:40:04.607+08:00 [ERRO] 获取昨日K线失败: sql: no rows in result set 
Stack:
1.  cex-exchange/internal/websocket.GetPriceChangeData
    /Users/zhanjun/IdeaProjects/cex-exchange/cex-exchange/internal/websocket/data.go:149
2.  cex-exchange/internal/websocket.SendMarketData
    /Users/zhanjun/IdeaProjects/cex-exchange/cex-exchange/internal/websocket/manager.go:208

2025-12-02T08:40:04.917+08:00 [ERRO] 获取24小时成交量失败: element of parameter "pointer" for function Scan should type of struct/*struct/[]struct/[]*struct 
Stack:
1.  cex-exchange/internal/websocket.GetPriceChangeData
    /Users/zhanjun/IdeaProjects/cex-exchange/cex-exchange/internal/websocket/data.go:187
2.  cex-exchange/internal/websocket.SendMarketData
    /Users/zhanjun/IdeaProjects/cex-exchange/cex-exchange/internal/websocket/manager.go:208

2025-12-02T08:40:05.057+08:00 [ERRO] 获取最新K线失败: sql: no rows in result set 
Stack:
1.  cex-exchange/internal/websocket.GetPriceChangeData
    /Users/zhanjun/IdeaProjects/cex-exchange/cex-exchange/internal/websocket/data.go:132
2.  cex-exchange/internal/websocket.SendMarketData
    /Users/zhanjun/IdeaProjects/cex-exchange/cex-exchange/internal/websocket/manager.go:208

2025-12-02T08:40:05.098+08:00 [ERRO] 获取昨日K线失败: sql: no rows in result set 
Stack:
1.  cex-exchange/internal/websocket.GetPriceChangeData
    /Users/zhanjun/IdeaProjects/cex-exchange/cex-exchange/internal/websocket/data.go:149
2.  cex-exchange/internal/websocket.SendMarketData
    /Users/zhanjun/IdeaProjects/cex-exchange/cex-exchange/internal/websocket/manager.go:208

2025-12-02T08:40:05.241+08:00 [ERRO] 获取最新K线失败: sql: no rows in result set 
Stack:
1.  cex-exchange/internal/websocket.GetPriceChangeData
    /Users/zhanjun/IdeaProjects/cex-exchange/cex-exchange/internal/websocket/data.go:132
2.  cex-exchange/internal/websocket.SendMarketData
    /Users/zhanjun/IdeaProjects/cex-exchange/cex-exchange/internal/websocket/manager.go:208

2025-12-02T08:40:05.579+08:00 [ERRO] 获取24小时成交量失败: element of parameter "pointer" for function Scan should type of struct/*struct/[]struct/[]*struct 
Stack:
1.  cex-exchange/internal/websocket.GetPriceChangeData
    /Users/zhanjun/IdeaProjects/cex-exchange/cex-exchange/internal/websocket/data.go:187
2.  cex-exchange/internal/websocket.SendMarketData
    /Users/zhanjun/IdeaProjects/cex-exchange/cex-exchange/internal/websocket/manager.go:208

2025-12-02T08:40:05.978+08:00 [ERRO] 获取昨日K线失败: sql: no rows in result set 
Stack:
1.  cex-exchange/internal/websocket.GetPriceChangeData
    /Users/zhanjun/IdeaProjects/cex-exchange/cex-exchange/internal/websocket/data.go:149
2.  cex-exchange/internal/websocket.SendMarketData
    /Users/zhanjun/IdeaProjects/cex-exchange/cex-exchange/internal/websocket/manager.go:208

2025-12-02T08:40:05.980+08:00 [ERRO] 获取最新K线失败: sql: no rows in result set 
Stack:
1.  cex-exchange/internal/websocket.GetPriceChangeData
    /Users/zhanjun/IdeaProjects/cex-exchange/cex-exchange/internal/websocket/data.go:132
2.  cex-exchange/internal/websocket.SendMarketData
    /Users/zhanjun/IdeaProjects/cex-exchange/cex-exchange/internal/websocket/manager.go:208

2025-12-02T08:40:06.025+08:00 [ERRO] 获取24小时成交量失败: element of parameter "pointer" for function Scan should type of struct/*struct/[]struct/[]*struct 
Stack:
1.  cex-exchange/internal/websocket.GetPriceChangeData
    /Users/zhanjun/IdeaProjects/cex-exchange/cex-exchange/internal/websocket/data.go:187
2.  cex-exchange/internal/websocket.SendMarketData
    /Users/zhanjun/IdeaProjects/cex-exchange/cex-exchange/internal/websocket/manager.go:208

2025-12-02T08:40:06.035+08:00 [ERRO] 获取最新K线失败: sql: no rows in result set 
Stack:
1.  cex-exchange/internal/websocket.GetPriceChangeData
    /Users/zhanjun/IdeaProjects/cex-exchange/cex-exchange/internal/websocket/data.go:132
2.  cex-exchange/internal/websocket.SendMarketData
    /Users/zhanjun/IdeaProjects/cex-exchange/cex-exchange/internal/websocket/manager.go:208

2025-12-02T08:40:06.895+08:00 [ERRO] 获取最新K线失败: sql: no rows in result set 
Stack:
1.  cex-exchange/internal/websocket.GetPriceChangeData
    /Users/zhanjun/IdeaProjects/cex-exchange/cex-exchange/internal/websocket/data.go:132
2.  cex-exchange/internal/websocket.SendMarketData
    /Users/zhanjun/IdeaProjects/cex-exchange/cex-exchange/internal/websocket/manager.go:208

2025-12-02T08:40:06.923+08:00 [ERRO] 获取昨日K线失败: sql: no rows in result set 
Stack:
1.  cex-exchange/internal/websocket.GetPriceChangeData
    /Users/zhanjun/IdeaProjects/cex-exchange/cex-exchange/internal/websocket/data.go:149
2.  cex-exchange/internal/websocket.SendMarketData
    /Users/zhanjun/IdeaProjects/cex-exchange/cex-exchange/internal/websocket/manager.go:208

2025-12-02T08:40:06.931+08:00 [ERRO] 获取24小时成交量失败: element of parameter "pointer" for function Scan should type of struct/*struct/[]struct/[]*struct 
Stack:
1.  cex-exchange/internal/websocket.GetPriceChangeData
    /Users/zhanjun/IdeaProjects/cex-exchange/cex-exchange/internal/websocket/data.go:187
2.  cex-exchange/internal/websocket.SendMarketData
    /Users/zhanjun/IdeaProjects/cex-exchange/cex-exchange/internal/websocket/manager.go:208

2025-12-02T08:40:07.191+08:00 [ERRO] 获取最新K线失败: sql: no rows in result set 
Stack:
1.  cex-exchange/internal/websocket.GetPriceChangeData
    /Users/zhanjun/IdeaProjects/cex-exchange/cex-exchange/internal/websocket/data.go:132
2.  cex-exchange/internal/websocket.SendMarketData
    /Users/zhanjun/IdeaProjects/cex-exchange/cex-exchange/internal/websocket/manager.go:208

2025-12-02T08:40:07.872+08:00 [ERRO] 获取24小时成交量失败: element of parameter "pointer" for function Scan should type of struct/*struct/[]struct/[]*struct 
Stack:
1.  cex-exchange/internal/websocket.GetPriceChangeData
    /Users/zhanjun/IdeaProjects/cex-exchange/cex-exchange/internal/websocket/data.go:187
2.  cex-exchange/internal/websocket.SendMarketData
    /Users/zhanjun/IdeaProjects/cex-exchange/cex-exchange/internal/websocket/manager.go:208

2025-12-02T08:40:07.961+08:00 [ERRO] 获取最新K线失败: sql: no rows in result set 
Stack:
1.  cex-exchange/internal/websocket.GetPriceChangeData
    /Users/zhanjun/IdeaProjects/cex-exchange/cex-exchange/internal/websocket/data.go:132
2.  cex-exchange/internal/websocket.SendMarketData
    /Users/zhanjun/IdeaProjects/cex-exchange/cex-exchange/internal/websocket/manager.go:208

2025-12-02T08:40:08.097+08:00 [ERRO] 获取最新K线失败: sql: no rows in result set 
Stack:
1.  cex-exchange/internal/websocket.GetPriceChangeData
    /Users/zhanjun/IdeaProjects/cex-exchange/cex-exchange/internal/websocket/data.go:132
2.  cex-exchange/internal/websocket.SendMarketData
    /Users/zhanjun/IdeaProjects/cex-exchange/cex-exchange/internal/websocket/manager.go:208

2025-12-02T08:40:08.113+08:00 [ERRO] 获取昨日K线失败: sql: no rows in result set 
Stack:
1.  cex-exchange/internal/websocket.GetPriceChangeData
    /Users/zhanjun/IdeaProjects/cex-exchange/cex-exchange/internal/websocket/data.go:149
2.  cex-exchange/internal/websocket.SendMarketData
    /Users/zhanjun/IdeaProjects/cex-exchange/cex-exchange/internal/websocket/manager.go:208

2025-12-02T08:40:08.834+08:00 [ERRO] 获取最新K线失败: sql: no rows in result set 
Stack:
1.  cex-exchange/internal/websocket.GetPriceChangeData
    /Users/zhanjun/IdeaProjects/cex-exchange/cex-exchange/internal/websocket/data.go:132
2.  cex-exchange/internal/websocket.SendMarketData
    /Users/zhanjun/IdeaProjects/cex-exchange/cex-exchange/internal/websocket/manager.go:208

2025-12-02T08:40:08.900+08:00 [ERRO] 获取昨日K线失败: sql: no rows in result set 
Stack:
1.  cex-exchange/internal/websocket.GetPriceChangeData
    /Users/zhanjun/IdeaProjects/cex-exchange/cex-exchange/internal/websocket/data.go:149
2.  cex-exchange/internal/websocket.SendMarketData
    /Users/zhanjun/IdeaProjects/cex-exchange/cex-exchange/internal/websocket/manager.go:208

2025-12-02T08:40:09.030+08:00 [ERRO] 获取最新K线失败: sql: no rows in result set 
Stack:
1.  cex-exchange/internal/websocket.GetPriceChangeData
    /Users/zhanjun/IdeaProjects/cex-exchange/cex-exchange/internal/websocket/data.go:132
2.  cex-exchange/internal/websocket.SendMarketData
    /Users/zhanjun/IdeaProjects/cex-exchange/cex-exchange/internal/websocket/manager.go:208

2025-12-02T08:40:09.053+08:00 [ERRO] 获取24小时成交量失败: element of parameter "pointer" for function Scan should type of struct/*struct/[]struct/[]*struct 
Stack:
1.  cex-exchange/internal/websocket.GetPriceChangeData
    /Users/zhanjun/IdeaProjects/cex-exchange/cex-exchange/internal/websocket/data.go:187
2.  cex-exchange/internal/websocket.SendMarketData
    /Users/zhanjun/IdeaProjects/cex-exchange/cex-exchange/internal/websocket/manager.go:208

2025-12-02T08:40:09.846+08:00 [ERRO] 获取24小时成交量失败: element of parameter "pointer" for function Scan should type of struct/*struct/[]struct/[]*struct 
Stack:
1.  cex-exchange/internal/websocket.GetPriceChangeData
    /Users/zhanjun/IdeaProjects/cex-exchange/cex-exchange/internal/websocket/data.go:187
2.  cex-exchange/internal/websocket.SendMarketData
    /Users/zhanjun/IdeaProjects/cex-exchange/cex-exchange/internal/websocket/manager.go:208

2025-12-02T08:40:09.861+08:00 [ERRO] 获取昨日K线失败: sql: no rows in result set 
Stack:
1.  cex-exchange/internal/websocket.GetPriceChangeData
    /Users/zhanjun/IdeaProjects/cex-exchange/cex-exchange/internal/websocket/data.go:149
2.  cex-exchange/internal/websocket.SendMarketData
    /Users/zhanjun/IdeaProjects/cex-exchange/cex-exchange/internal/websocket/manager.go:208

2025-12-02T08:40:09.931+08:00 [ERRO] 获取最新K线失败: sql: no rows in result set 
Stack:
1.  cex-exchange/internal/websocket.GetPriceChangeData
    /Users/zhanjun/IdeaProjects/cex-exchange/cex-exchange/internal/websocket/data.go:132
2.  cex-exchange/internal/websocket.SendMarketData
    /Users/zhanjun/IdeaProjects/cex-exchange/cex-exchange/internal/websocket/manager.go:208

2025-12-02T08:40:10.087+08:00 [ERRO] 获取最新K线失败: sql: no rows in result set 
Stack:
1.  cex-exchange/internal/websocket.GetPriceChangeData
    /Users/zhanjun/IdeaProjects/cex-exchange/cex-exchange/internal/websocket/data.go:132
2.  cex-exchange/internal/websocket.SendMarketData
    /Users/zhanjun/IdeaProjects/cex-exchange/cex-exchange/internal/websocket/manager.go:208

2025-12-02T08:40:10.786+08:00 [ERRO] 获取24小时成交量失败: element of parameter "pointer" for function Scan should type of struct/*struct/[]struct/[]*struct 
Stack:
1.  cex-exchange/internal/websocket.GetPriceChangeData
    /Users/zhanjun/IdeaProjects/cex-exchange/cex-exchange/internal/websocket/data.go:187
2.  cex-exchange/internal/websocket.SendMarketData
    /Users/zhanjun/IdeaProjects/cex-exchange/cex-exchange/internal/websocket/manager.go:208

2025-12-02T08:40:10.958+08:00 [ERRO] 获取最新K线失败: sql: no rows in result set 
Stack:
1.  cex-exchange/internal/websocket.GetPriceChangeData
    /Users/zhanjun/IdeaProjects/cex-exchange/cex-exchange/internal/websocket/data.go:132
2.  cex-exchange/internal/websocket.SendMarketData
    /Users/zhanjun/IdeaProjects/cex-exchange/cex-exchange/internal/websocket/manager.go:208

2025-12-02T08:40:11.013+08:00 [ERRO] 获取昨日K线失败: sql: no rows in result set 
Stack:
1.  cex-exchange/internal/websocket.GetPriceChangeData
    /Users/zhanjun/IdeaProjects/cex-exchange/cex-exchange/internal/websocket/data.go:149
2.  cex-exchange/internal/websocket.SendMarketData
    /Users/zhanjun/IdeaProjects/cex-exchange/cex-exchange/internal/websocket/manager.go:208

2025-12-02T08:40:11.014+08:00 [ERRO] 获取最新K线失败: sql: no rows in result set 
Stack:
1.  cex-exchange/internal/websocket.GetPriceChangeData
    /Users/zhanjun/IdeaProjects/cex-exchange/cex-exchange/internal/websocket/data.go:132
2.  cex-exchange/internal/websocket.SendMarketData
    /Users/zhanjun/IdeaProjects/cex-exchange/cex-exchange/internal/websocket/manager.go:208

2025-12-02T08:40:11.832+08:00 [ERRO] 获取昨日K线失败: sql: no rows in result set 
Stack:
1.  cex-exchange/internal/websocket.GetPriceChangeData
    /Users/zhanjun/IdeaProjects/cex-exchange/cex-exchange/internal/websocket/data.go:149
2.  cex-exchange/internal/websocket.SendMarketData
    /Users/zhanjun/IdeaProjects/cex-exchange/cex-exchange/internal/websocket/manager.go:208

2025-12-02T08:40:11.917+08:00 [ERRO] 获取最新K线失败: sql: no rows in result set 
Stack:
1.  cex-exchange/internal/websocket.GetPriceChangeData
    /Users/zhanjun/IdeaProjects/cex-exchange/cex-exchange/internal/websocket/data.go:132
2.  cex-exchange/internal/websocket.SendMarketData
    /Users/zhanjun/IdeaProjects/cex-exchange/cex-exchange/internal/websocket/manager.go:208

2025-12-02T08:40:11.970+08:00 [ERRO] 获取最新K线失败: sql: no rows in result set 
Stack:
1.  cex-exchange/internal/websocket.GetPriceChangeData
    /Users/zhanjun/IdeaProjects/cex-exchange/cex-exchange/internal/websocket/data.go:132
2.  cex-exchange/internal/websocket.SendMarketData
    /Users/zhanjun/IdeaProjects/cex-exchange/cex-exchange/internal/websocket/manager.go:208

2025-12-02T08:40:11.980+08:00 [ERRO] 获取24小时成交量失败: element of parameter "pointer" for function Scan should type of struct/*struct/[]struct/[]*struct 
Stack:
1.  cex-exchange/internal/websocket.GetPriceChangeData
    /Users/zhanjun/IdeaProjects/cex-exchange/cex-exchange/internal/websocket/data.go:187
2.  cex-exchange/internal/websocket.SendMarketData
    /Users/zhanjun/IdeaProjects/cex-exchange/cex-exchange/internal/websocket/manager.go:208

2025-12-02T08:40:12.746+08:00 [ERRO] 获取24小时成交量失败: element of parameter "pointer" for function Scan should type of struct/*struct/[]struct/[]*struct 
Stack:
1.  cex-exchange/internal/websocket.GetPriceChangeData
    /Users/zhanjun/IdeaProjects/cex-exchange/cex-exchange/internal/websocket/data.go:187
2.  cex-exchange/internal/websocket.SendMarketData
    /Users/zhanjun/IdeaProjects/cex-exchange/cex-exchange/internal/websocket/manager.go:208

2025-12-02T08:40:12.931+08:00 [ERRO] 获取昨日K线失败: sql: no rows in result set 
Stack:
1.  cex-exchange/internal/websocket.GetPriceChangeData
    /Users/zhanjun/IdeaProjects/cex-exchange/cex-exchange/internal/websocket/data.go:149
2.  cex-exchange/internal/websocket.SendMarketData
    /Users/zhanjun/IdeaProjects/cex-exchange/cex-exchange/internal/websocket/manager.go:208

2025-12-02T08:40:12.964+08:00 [ERRO] 获取最新K线失败: sql: no rows in result set 
Stack:
1.  cex-exchange/internal/websocket.GetPriceChangeData
    /Users/zhanjun/IdeaProjects/cex-exchange/cex-exchange/internal/websocket/data.go:132
2.  cex-exchange/internal/websocket.SendMarketData
    /Users/zhanjun/IdeaProjects/cex-exchange/cex-exchange/internal/websocket/manager.go:208

2025-12-02T08:40:13.049+08:00 [ERRO] 获取最新K线失败: sql: no rows in result set 
Stack:
1.  cex-exchange/internal/websocket.GetPriceChangeData
    /Users/zhanjun/IdeaProjects/cex-exchange/cex-exchange/internal/websocket/data.go:132
2.  cex-exchange/internal/websocket.SendMarketData
    /Users/zhanjun/IdeaProjects/cex-exchange/cex-exchange/internal/websocket/manager.go:208

2025-12-02T08:40:13.882+08:00 [ERRO] 获取24小时成交量失败: element of parameter "pointer" for function Scan should type of struct/*struct/[]struct/[]*struct 
Stack:
1.  cex-exchange/internal/websocket.GetPriceChangeData
    /Users/zhanjun/IdeaProjects/cex-exchange/cex-exchange/internal/websocket/data.go:187
2.  cex-exchange/internal/websocket.SendMarketData
    /Users/zhanjun/IdeaProjects/cex-exchange/cex-exchange/internal/websocket/manager.go:208

2025-12-02T08:40:13.897+08:00 [ERRO] 获取最新K线失败: sql: no rows in result set 
Stack:
1.  cex-exchange/internal/websocket.GetPriceChangeData
    /Users/zhanjun/IdeaProjects/cex-exchange/cex-exchange/internal/websocket/data.go:132
2.  cex-exchange/internal/websocket.SendMarketData
    /Users/zhanjun/IdeaProjects/cex-exchange/cex-exchange/internal/websocket/manager.go:208

2025-12-02T08:40:13.939+08:00 [ERRO] 获取昨日K线失败: sql: no rows in result set 
Stack:
1.  cex-exchange/internal/websocket.GetPriceChangeData
    /Users/zhanjun/IdeaProjects/cex-exchange/cex-exchange/internal/websocket/data.go:149
2.  cex-exchange/internal/websocket.SendMarketData
    /Users/zhanjun/IdeaProjects/cex-exchange/cex-exchange/internal/websocket/manager.go:208

2025-12-02T08:40:14.083+08:00 [ERRO] 获取最新K线失败: sql: no rows in result set 
Stack:
1.  cex-exchange/internal/websocket.GetPriceChangeData
    /Users/zhanjun/IdeaProjects/cex-exchange/cex-exchange/internal/websocket/data.go:132
2.  cex-exchange/internal/websocket.SendMarketData
    /Users/zhanjun/IdeaProjects/cex-exchange/cex-exchange/internal/websocket/manager.go:208

2025-12-02T08:40:14.895+08:00 [ERRO] 获取24小时成交量失败: element of parameter "pointer" for function Scan should type of struct/*struct/[]struct/[]*struct 
Stack:
1.  cex-exchange/internal/websocket.GetPriceChangeData
    /Users/zhanjun/IdeaProjects/cex-exchange/cex-exchange/internal/websocket/data.go:187
2.  cex-exchange/internal/websocket.SendMarketData
    /Users/zhanjun/IdeaProjects/cex-exchange/cex-exchange/internal/websocket/manager.go:208

2025-12-02T08:40:14.914+08:00 [ERRO] 获取最新K线失败: sql: no rows in result set 
Stack:
1.  cex-exchange/internal/websocket.GetPriceChangeData
    /Users/zhanjun/IdeaProjects/cex-exchange/cex-exchange/internal/websocket/data.go:132
2.  cex-exchange/internal/websocket.SendMarketData
    /Users/zhanjun/IdeaProjects/cex-exchange/cex-exchange/internal/websocket/manager.go:208

2025-12-02T08:40:14.977+08:00 [ERRO] 获取昨日K线失败: sql: no rows in result set 
Stack:
1.  cex-exchange/internal/websocket.GetPriceChangeData
    /Users/zhanjun/IdeaProjects/cex-exchange/cex-exchange/internal/websocket/data.go:149
2.  cex-exchange/internal/websocket.SendMarketData
    /Users/zhanjun/IdeaProjects/cex-exchange/cex-exchange/internal/websocket/manager.go:208

2025-12-02T08:40:15.024+08:00 [ERRO] 获取最新K线失败: sql: no rows in result set 
Stack:
1.  cex-exchange/internal/websocket.GetPriceChangeData
    /Users/zhanjun/IdeaProjects/cex-exchange/cex-exchange/internal/websocket/data.go:132
2.  cex-exchange/internal/websocket.SendMarketData
    /Users/zhanjun/IdeaProjects/cex-exchange/cex-exchange/internal/websocket/manager.go:208

2025-12-02T08:40:15.813+08:00 [ERRO] 获取最新K线失败: sql: no rows in result set 
Stack:
1.  cex-exchange/internal/websocket.GetPriceChangeData
    /Users/zhanjun/IdeaProjects/cex-exchange/cex-exchange/internal/websocket/data.go:132
2.  cex-exchange/internal/websocket.SendMarketData
    /Users/zhanjun/IdeaProjects/cex-exchange/cex-exchange/internal/websocket/manager.go:208

2025-12-02T08:40:15.894+08:00 [ERRO] 获取昨日K线失败: sql: no rows in result set 
Stack:
1.  cex-exchange/internal/websocket.GetPriceChangeData
    /Users/zhanjun/IdeaProjects/cex-exchange/cex-exchange/internal/websocket/data.go:149
2.  cex-exchange/internal/websocket.SendMarketData
    /Users/zhanjun/IdeaProjects/cex-exchange/cex-exchange/internal/websocket/manager.go:208

2025-12-02T08:40:15.925+08:00 [ERRO] 获取最新K线失败: sql: no rows in result set 
Stack:
1.  cex-exchange/internal/websocket.GetPriceChangeData
    /Users/zhanjun/IdeaProjects/cex-exchange/cex-exchange/internal/websocket/data.go:132
2.  cex-exchange/internal/websocket.SendMarketData
    /Users/zhanjun/IdeaProjects/cex-exchange/cex-exchange/internal/websocket/manager.go:208

2025-12-02T08:40:15.934+08:00 [ERRO] 获取24小时成交量失败: element of parameter "pointer" for function Scan should type of struct/*struct/[]struct/[]*struct 
Stack:
1.  cex-exchange/internal/websocket.GetPriceChangeData
    /Users/zhanjun/IdeaProjects/cex-exchange/cex-exchange/internal/websocket/data.go:187
2.  cex-exchange/internal/websocket.SendMarketData
    /Users/zhanjun/IdeaProjects/cex-exchange/cex-exchange/internal/websocket/manager.go:208

2025-12-02T08:40:16.838+08:00 [ERRO] 获取24小时成交量失败: element of parameter "pointer" for function Scan should type of struct/*struct/[]struct/[]*struct 
Stack:
1.  cex-exchange/internal/websocket.GetPriceChangeData
    /Users/zhanjun/IdeaProjects/cex-exchange/cex-exchange/internal/websocket/data.go:187
2.  cex-exchange/internal/websocket.SendMarketData
    /Users/zhanjun/IdeaProjects/cex-exchange/cex-exchange/internal/websocket/manager.go:208

2025-12-02T08:40:16.926+08:00 [ERRO] 获取昨日K线失败: sql: no rows in result set 
Stack:
1.  cex-exchange/internal/websocket.GetPriceChangeData
    /Users/zhanjun/IdeaProjects/cex-exchange/cex-exchange/internal/websocket/data.go:149
2.  cex-exchange/internal/websocket.SendMarketData
    /Users/zhanjun/IdeaProjects/cex-exchange/cex-exchange/internal/websocket/manager.go:208

2025-12-02T08:40:16.983+08:00 [ERRO] 获取最新K线失败: sql: no rows in result set 
Stack:
1.  cex-exchange/internal/websocket.GetPriceChangeData
    /Users/zhanjun/IdeaProjects/cex-exchange/cex-exchange/internal/websocket/data.go:132
2.  cex-exchange/internal/websocket.SendMarketData
    /Users/zhanjun/IdeaProjects/cex-exchange/cex-exchange/internal/websocket/manager.go:208

2025-12-02T08:40:17.090+08:00 [ERRO] 获取最新K线失败: sql: no rows in result set 
Stack:
1.  cex-exchange/internal/websocket.GetPriceChangeData
    /Users/zhanjun/IdeaProjects/cex-exchange/cex-exchange/internal/websocket/data.go:132
2.  cex-exchange/internal/websocket.SendMarketData
    /Users/zhanjun/IdeaProjects/cex-exchange/cex-exchange/internal/websocket/manager.go:208

2025-12-02T08:40:17.881+08:00 [ERRO] 获取24小时成交量失败: element of parameter "pointer" for function Scan should type of struct/*struct/[]struct/[]*struct 
Stack:
1.  cex-exchange/internal/websocket.GetPriceChangeData
    /Users/zhanjun/IdeaProjects/cex-exchange/cex-exchange/internal/websocket/data.go:187
2.  cex-exchange/internal/websocket.SendMarketData
    /Users/zhanjun/IdeaProjects/cex-exchange/cex-exchange/internal/websocket/manager.go:208

2025-12-02T08:40:17.953+08:00 [ERRO] 获取最新K线失败: sql: no rows in result set 
Stack:
1.  cex-exchange/internal/websocket.GetPriceChangeData
    /Users/zhanjun/IdeaProjects/cex-exchange/cex-exchange/internal/websocket/data.go:132
2.  cex-exchange/internal/websocket.SendMarketData
    /Users/zhanjun/IdeaProjects/cex-exchange/cex-exchange/internal/websocket/manager.go:208

2025-12-02T08:40:17.954+08:00 [ERRO] 获取昨日K线失败: sql: no rows in result set 
Stack:
1.  cex-exchange/internal/websocket.GetPriceChangeData
    /Users/zhanjun/IdeaProjects/cex-exchange/cex-exchange/internal/websocket/data.go:149
2.  cex-exchange/internal/websocket.SendMarketData
    /Users/zhanjun/IdeaProjects/cex-exchange/cex-exchange/internal/websocket/manager.go:208

2025-12-02T08:40:18.079+08:00 [ERRO] 获取最新K线失败: sql: no rows in result set 
Stack:
1.  cex-exchange/internal/websocket.GetPriceChangeData
    /Users/zhanjun/IdeaProjects/cex-exchange/cex-exchange/internal/websocket/data.go:132
2.  cex-exchange/internal/websocket.SendMarketData
    /Users/zhanjun/IdeaProjects/cex-exchange/cex-exchange/internal/websocket/manager.go:208

2025-12-02T08:40:18.914+08:00 [ERRO] 获取24小时成交量失败: element of parameter "pointer" for function Scan should type of struct/*struct/[]struct/[]*struct 
Stack:
1.  cex-exchange/internal/websocket.GetPriceChangeData
    /Users/zhanjun/IdeaProjects/cex-exchange/cex-exchange/internal/websocket/data.go:187
2.  cex-exchange/internal/websocket.SendMarketData
    /Users/zhanjun/IdeaProjects/cex-exchange/cex-exchange/internal/websocket/manager.go:208

2025-12-02T08:40:18.987+08:00 [ERRO] 获取最新K线失败: sql: no rows in result set 
Stack:
1.  cex-exchange/internal/websocket.GetPriceChangeData
    /Users/zhanjun/IdeaProjects/cex-exchange/cex-exchange/internal/websocket/data.go:132
2.  cex-exchange/internal/websocket.SendMarketData
    /Users/zhanjun/IdeaProjects/cex-exchange/cex-exchange/internal/websocket/manager.go:208

2025-12-02T08:40:19.019+08:00 [ERRO] 获取最新K线失败: sql: no rows in result set 
Stack:
1.  cex-exchange/internal/websocket.GetPriceChangeData
    /Users/zhanjun/IdeaProjects/cex-exchange/cex-exchange/internal/websocket/data.go:132
2.  cex-exchange/internal/websocket.SendMarketData
    /Users/zhanjun/IdeaProjects/cex-exchange/cex-exchange/internal/websocket/manager.go:208

2025-12-02T08:40:19.033+08:00 [ERRO] 获取昨日K线失败: sql: no rows in result set 
Stack:
1.  cex-exchange/internal/websocket.GetPriceChangeData
    /Users/zhanjun/IdeaProjects/cex-exchange/cex-exchange/internal/websocket/data.go:149
2.  cex-exchange/internal/websocket.SendMarketData
    /Users/zhanjun/IdeaProjects/cex-exchange/cex-exchange/internal/websocket/manager.go:208

2025-12-02T08:40:19.808+08:00 [ERRO] 获取最新K线失败: sql: no rows in result set 
Stack:
1.  cex-exchange/internal/websocket.GetPriceChangeData
    /Users/zhanjun/IdeaProjects/cex-exchange/cex-exchange/internal/websocket/data.go:132
2.  cex-exchange/internal/websocket.SendMarketData
    /Users/zhanjun/IdeaProjects/cex-exchange/cex-exchange/internal/websocket/manager.go:208

2025-12-02T08:40:19.904+08:00 [ERRO] 获取昨日K线失败: sql: no rows in result set 
Stack:
1.  cex-exchange/internal/websocket.GetPriceChangeData
    /Users/zhanjun/IdeaProjects/cex-exchange/cex-exchange/internal/websocket/data.go:149
2.  cex-exchange/internal/websocket.SendMarketData
    /Users/zhanjun/IdeaProjects/cex-exchange/cex-exchange/internal/websocket/manager.go:208

2025-12-02T08:40:19.996+08:00 [ERRO] 获取24小时成交量失败: element of parameter "pointer" for function Scan should type of struct/*struct/[]struct/[]*struct 
Stack:
1.  cex-exchange/internal/websocket.GetPriceChangeData
    /Users/zhanjun/IdeaProjects/cex-exchange/cex-exchange/internal/websocket/data.go:187
2.  cex-exchange/internal/websocket.SendMarketData
    /Users/zhanjun/IdeaProjects/cex-exchange/cex-exchange/internal/websocket/manager.go:208

2025-12-02T08:40:20.027+08:00 [ERRO] 获取昨日K线失败: sql: no rows in result set 
Stack:
1.  cex-exchange/internal/websocket.GetPriceChangeData
    /Users/zhanjun/IdeaProjects/cex-exchange/cex-exchange/internal/websocket/data.go:149
2.  cex-exchange/internal/websocket.SendMarketData
    /Users/zhanjun/IdeaProjects/cex-exchange/cex-exchange/internal/websocket/manager.go:208

2025-12-02T08:40:20.158+08:00 [ERRO] 获取最新K线失败: sql: no rows in result set 
Stack:
1.  cex-exchange/internal/websocket.GetPriceChangeData
    /Users/zhanjun/IdeaProjects/cex-exchange/cex-exchange/internal/websocket/data.go:132
2.  cex-exchange/internal/websocket.SendMarketData
    /Users/zhanjun/IdeaProjects/cex-exchange/cex-exchange/internal/websocket/manager.go:208

2025-12-02T08:40:20.710+08:00 [ERRO] 获取24小时成交量失败: element of parameter "pointer" for function Scan should type of struct/*struct/[]struct/[]*struct 
Stack:
1.  cex-exchange/internal/websocket.GetPriceChangeData
    /Users/zhanjun/IdeaProjects/cex-exchange/cex-exchange/internal/websocket/data.go:187
2.  cex-exchange/internal/websocket.SendMarketData
    /Users/zhanjun/IdeaProjects/cex-exchange/cex-exchange/internal/websocket/manager.go:208

2025-12-02T08:40:20.861+08:00 [ERRO] 获取24小时成交量失败: element of parameter "pointer" for function Scan should type of struct/*struct/[]struct/[]*struct 
Stack:
1.  cex-exchange/internal/websocket.GetPriceChangeData
    /Users/zhanjun/IdeaProjects/cex-exchange/cex-exchange/internal/websocket/data.go:187
2.  cex-exchange/internal/websocket.SendMarketData
    /Users/zhanjun/IdeaProjects/cex-exchange/cex-exchange/internal/websocket/manager.go:208

2025-12-02T08:40:20.930+08:00 [ERRO] 获取最新K线失败: sql: no rows in result set 
Stack:
1.  cex-exchange/internal/websocket.GetPriceChangeData
    /Users/zhanjun/IdeaProjects/cex-exchange/cex-exchange/internal/websocket/data.go:132
2.  cex-exchange/internal/websocket.SendMarketData
    /Users/zhanjun/IdeaProjects/cex-exchange/cex-exchange/internal/websocket/manager.go:208

2025-12-02T08:40:20.968+08:00 [ERRO] 获取最新K线失败: sql: no rows in result set 
Stack:
1.  cex-exchange/internal/websocket.GetPriceChangeData
    /Users/zhanjun/IdeaProjects/cex-exchange/cex-exchange/internal/websocket/data.go:132
2.  cex-exchange/internal/websocket.SendMarketData
    /Users/zhanjun/IdeaProjects/cex-exchange/cex-exchange/internal/websocket/manager.go:208

2025-12-02T08:40:21.049+08:00 [ERRO] 获取昨日K线失败: sql: no rows in result set 
Stack:
1.  cex-exchange/internal/websocket.GetPriceChangeData
    /Users/zhanjun/IdeaProjects/cex-exchange/cex-exchange/internal/websocket/data.go:149
2.  cex-exchange/internal/websocket.SendMarketData
    /Users/zhanjun/IdeaProjects/cex-exchange/cex-exchange/internal/websocket/manager.go:208

2025-12-02T08:40:21.649+08:00 [ERRO] 获取昨日K线失败: sql: no rows in result set 
Stack:
1.  cex-exchange/internal/websocket.GetPriceChangeData
    /Users/zhanjun/IdeaProjects/cex-exchange/cex-exchange/internal/websocket/data.go:149
2.  cex-exchange/internal/websocket.SendMarketData
    /Users/zhanjun/IdeaProjects/cex-exchange/cex-exchange/internal/websocket/manager.go:208

2025-12-02T08:40:21.928+08:00 [ERRO] 获取最新K线失败: sql: no rows in result set 
Stack:
1.  cex-exchange/internal/websocket.GetPriceChangeData
    /Users/zhanjun/IdeaProjects/cex-exchange/cex-exchange/internal/websocket/data.go:132
2.  cex-exchange/internal/websocket.SendMarketData
    /Users/zhanjun/IdeaProjects/cex-exchange/cex-exchange/internal/websocket/manager.go:208

2025-12-02T08:40:22.010+08:00 [ERRO] 获取最新K线失败: sql: no rows in result set 
Stack:
1.  cex-exchange/internal/websocket.GetPriceChangeData
    /Users/zhanjun/IdeaProjects/cex-exchange/cex-exchange/internal/websocket/data.go:132
2.  cex-exchange/internal/websocket.SendMarketData
    /Users/zhanjun/IdeaProjects/cex-exchange/cex-exchange/internal/websocket/manager.go:208

2025-12-02T08:40:22.021+08:00 [ERRO] 获取24小时成交量失败: element of parameter "pointer" for function Scan should type of struct/*struct/[]struct/[]*struct 
Stack:
1.  cex-exchange/internal/websocket.GetPriceChangeData
    /Users/zhanjun/IdeaProjects/cex-exchange/cex-exchange/internal/websocket/data.go:187
2.  cex-exchange/internal/websocket.SendMarketData
    /Users/zhanjun/IdeaProjects/cex-exchange/cex-exchange/internal/websocket/manager.go:208

2025-12-02T08:40:22.053+08:00 [ERRO] 获取昨日K线失败: sql: no rows in result set 
Stack:
1.  cex-exchange/internal/websocket.GetPriceChangeData
    /Users/zhanjun/IdeaProjects/cex-exchange/cex-exchange/internal/websocket/data.go:149
2.  cex-exchange/internal/websocket.SendMarketData
    /Users/zhanjun/IdeaProjects/cex-exchange/cex-exchange/internal/websocket/manager.go:208

2025-12-02T08:40:22.604+08:00 [ERRO] 获取24小时成交量失败: element of parameter "pointer" for function Scan should type of struct/*struct/[]struct/[]*struct 
Stack:
1.  cex-exchange/internal/websocket.GetPriceChangeData
    /Users/zhanjun/IdeaProjects/cex-exchange/cex-exchange/internal/websocket/data.go:187
2.  cex-exchange/internal/websocket.SendMarketData
    /Users/zhanjun/IdeaProjects/cex-exchange/cex-exchange/internal/websocket/manager.go:208

2025-12-02T08:40:22.861+08:00 [ERRO] 获取昨日K线失败: sql: no rows in result set 
Stack:
1.  cex-exchange/internal/websocket.GetPriceChangeData
    /Users/zhanjun/IdeaProjects/cex-exchange/cex-exchange/internal/websocket/data.go:149
2.  cex-exchange/internal/websocket.SendMarketData
    /Users/zhanjun/IdeaProjects/cex-exchange/cex-exchange/internal/websocket/manager.go:208

2025-12-02T08:40:22.975+08:00 [ERRO] 获取最新K线失败: sql: no rows in result set 
Stack:
1.  cex-exchange/internal/websocket.GetPriceChangeData
    /Users/zhanjun/IdeaProjects/cex-exchange/cex-exchange/internal/websocket/data.go:132
2.  cex-exchange/internal/websocket.SendMarketData
    /Users/zhanjun/IdeaProjects/cex-exchange/cex-exchange/internal/websocket/manager.go:208

2025-12-02T08:40:22.979+08:00 [ERRO] 获取最新K线失败: sql: no rows in result set 
Stack:
1.  cex-exchange/internal/websocket.GetPriceChangeData
    /Users/zhanjun/IdeaProjects/cex-exchange/cex-exchange/internal/websocket/data.go:132
2.  cex-exchange/internal/websocket.SendMarketData
    /Users/zhanjun/IdeaProjects/cex-exchange/cex-exchange/internal/websocket/manager.go:208

2025-12-02T08:40:23.015+08:00 [ERRO] 获取24小时成交量失败: element of parameter "pointer" for function Scan should type of struct/*struct/[]struct/[]*struct 
Stack:
1.  cex-exchange/internal/websocket.GetPriceChangeData
    /Users/zhanjun/IdeaProjects/cex-exchange/cex-exchange/internal/websocket/data.go:187
2.  cex-exchange/internal/websocket.SendMarketData
    /Users/zhanjun/IdeaProjects/cex-exchange/cex-exchange/internal/websocket/manager.go:208

2025-12-02T08:40:23.783+08:00 [ERRO] 获取24小时成交量失败: element of parameter "pointer" for function Scan should type of struct/*struct/[]struct/[]*struct 
Stack:
1.  cex-exchange/internal/websocket.GetPriceChangeData
    /Users/zhanjun/IdeaProjects/cex-exchange/cex-exchange/internal/websocket/data.go:187
2.  cex-exchange/internal/websocket.SendMarketData
    /Users/zhanjun/IdeaProjects/cex-exchange/cex-exchange/internal/websocket/manager.go:208

2025-12-02T08:40:23.925+08:00 [ERRO] 获取昨日K线失败: sql: no rows in result set 
Stack:
1.  cex-exchange/internal/websocket.GetPriceChangeData
    /Users/zhanjun/IdeaProjects/cex-exchange/cex-exchange/internal/websocket/data.go:149
2.  cex-exchange/internal/websocket.SendMarketData
    /Users/zhanjun/IdeaProjects/cex-exchange/cex-exchange/internal/websocket/manager.go:208

2025-12-02T08:40:23.971+08:00 [ERRO] 获取最新K线失败: sql: no rows in result set 
Stack:
1.  cex-exchange/internal/websocket.GetPriceChangeData
    /Users/zhanjun/IdeaProjects/cex-exchange/cex-exchange/internal/websocket/data.go:132
2.  cex-exchange/internal/websocket.SendMarketData
    /Users/zhanjun/IdeaProjects/cex-exchange/cex-exchange/internal/websocket/manager.go:208

2025-12-02T08:40:24.092+08:00 [ERRO] 获取最新K线失败: sql: no rows in result set 
Stack:
1.  cex-exchange/internal/websocket.GetPriceChangeData
    /Users/zhanjun/IdeaProjects/cex-exchange/cex-exchange/internal/websocket/data.go:132
2.  cex-exchange/internal/websocket.SendMarketData
    /Users/zhanjun/IdeaProjects/cex-exchange/cex-exchange/internal/websocket/manager.go:208

2025-12-02T08:40:24.865+08:00 [ERRO] 获取24小时成交量失败: element of parameter "pointer" for function Scan should type of struct/*struct/[]struct/[]*struct 
Stack:
1.  cex-exchange/internal/websocket.GetPriceChangeData
    /Users/zhanjun/IdeaProjects/cex-exchange/cex-exchange/internal/websocket/data.go:187
2.  cex-exchange/internal/websocket.SendMarketData
    /Users/zhanjun/IdeaProjects/cex-exchange/cex-exchange/internal/websocket/manager.go:208

2025-12-02T08:40:24.935+08:00 [ERRO] 获取最新K线失败: sql: no rows in result set 
Stack:
1.  cex-exchange/internal/websocket.GetPriceChangeData
    /Users/zhanjun/IdeaProjects/cex-exchange/cex-exchange/internal/websocket/data.go:132
2.  cex-exchange/internal/websocket.SendMarketData
    /Users/zhanjun/IdeaProjects/cex-exchange/cex-exchange/internal/websocket/manager.go:208

2025-12-02T08:40:24.939+08:00 [ERRO] 获取最新K线失败: sql: no rows in result set 
Stack:
1.  cex-exchange/internal/websocket.GetPriceChangeData
    /Users/zhanjun/IdeaProjects/cex-exchange/cex-exchange/internal/websocket/data.go:132
2.  cex-exchange/internal/websocket.SendMarketData
    /Users/zhanjun/IdeaProjects/cex-exchange/cex-exchange/internal/websocket/manager.go:208

2025-12-02T08:40:25.023+08:00 [ERRO] 获取昨日K线失败: sql: no rows in result set 
Stack:
1.  cex-exchange/internal/websocket.GetPriceChangeData
    /Users/zhanjun/IdeaProjects/cex-exchange/cex-exchange/internal/websocket/data.go:149
2.  cex-exchange/internal/websocket.SendMarketData
    /Users/zhanjun/IdeaProjects/cex-exchange/cex-exchange/internal/websocket/manager.go:208

2025-12-02T08:40:25.699+08:00 [ERRO] 获取最新K线失败: sql: no rows in result set 
Stack:
1.  cex-exchange/internal/websocket.GetPriceChangeData
    /Users/zhanjun/IdeaProjects/cex-exchange/cex-exchange/internal/websocket/data.go:132
2.  cex-exchange/internal/websocket.SendMarketData
    /Users/zhanjun/IdeaProjects/cex-exchange/cex-exchange/internal/websocket/manager.go:208

2025-12-02T08:40:25.830+08:00 [ERRO] 获取昨日K线失败: sql: no rows in result set 
Stack:
1.  cex-exchange/internal/websocket.GetPriceChangeData
    /Users/zhanjun/IdeaProjects/cex-exchange/cex-exchange/internal/websocket/data.go:149
2.  cex-exchange/internal/websocket.SendMarketData
    /Users/zhanjun/IdeaProjects/cex-exchange/cex-exchange/internal/websocket/manager.go:208

2025-12-02T08:40:25.919+08:00 [ERRO] 获取最新K线失败: sql: no rows in result set 
Stack:
1.  cex-exchange/internal/websocket.GetPriceChangeData
    /Users/zhanjun/IdeaProjects/cex-exchange/cex-exchange/internal/websocket/data.go:132
2.  cex-exchange/internal/websocket.SendMarketData
    /Users/zhanjun/IdeaProjects/cex-exchange/cex-exchange/internal/websocket/manager.go:208

2025-12-02T08:40:25.985+08:00 [ERRO] 获取24小时成交量失败: element of parameter "pointer" for function Scan should type of struct/*struct/[]struct/[]*struct 
Stack:
1.  cex-exchange/internal/websocket.GetPriceChangeData
    /Users/zhanjun/IdeaProjects/cex-exchange/cex-exchange/internal/websocket/data.go:187
2.  cex-exchange/internal/websocket.SendMarketData
    /Users/zhanjun/IdeaProjects/cex-exchange/cex-exchange/internal/websocket/manager.go:208

2025-12-02T08:40:26.753+08:00 [ERRO] 获取24小时成交量失败: element of parameter "pointer" for function Scan should type of struct/*struct/[]struct/[]*struct 
Stack:
1.  cex-exchange/internal/websocket.GetPriceChangeData
    /Users/zhanjun/IdeaProjects/cex-exchange/cex-exchange/internal/websocket/data.go:187
2.  cex-exchange/internal/websocket.SendMarketData
    /Users/zhanjun/IdeaProjects/cex-exchange/cex-exchange/internal/websocket/manager.go:208

2025-12-02T08:40:26.808+08:00 [ERRO] 获取最新K线失败: sql: no rows in result set 
Stack:
1.  cex-exchange/internal/websocket.GetPriceChangeData
    /Users/zhanjun/IdeaProjects/cex-exchange/cex-exchange/internal/websocket/data.go:132
2.  cex-exchange/internal/websocket.SendMarketData
    /Users/zhanjun/IdeaProjects/cex-exchange/cex-exchange/internal/websocket/manager.go:208

2025-12-02T08:40:26.846+08:00 [ERRO] 获取昨日K线失败: sql: no rows in result set 
Stack:
1.  cex-exchange/internal/websocket.GetPriceChangeData
    /Users/zhanjun/IdeaProjects/cex-exchange/cex-exchange/internal/websocket/data.go:149
2.  cex-exchange/internal/websocket.SendMarketData
    /Users/zhanjun/IdeaProjects/cex-exchange/cex-exchange/internal/websocket/manager.go:208

2025-12-02T08:40:26.993+08:00 [ERRO] 获取最新K线失败: sql: no rows in result set 
Stack:
1.  cex-exchange/internal/websocket.GetPriceChangeData
    /Users/zhanjun/IdeaProjects/cex-exchange/cex-exchange/internal/websocket/data.go:132
2.  cex-exchange/internal/websocket.SendMarketData
    /Users/zhanjun/IdeaProjects/cex-exchange/cex-exchange/internal/websocket/manager.go:208

2025-12-02T08:40:27.646+08:00 [ERRO] 获取昨日K线失败: sql: no rows in result set 
Stack:
1.  cex-exchange/internal/websocket.GetPriceChangeData
    /Users/zhanjun/IdeaProjects/cex-exchange/cex-exchange/internal/websocket/data.go:149
2.  cex-exchange/internal/websocket.SendMarketData
    /Users/zhanjun/IdeaProjects/cex-exchange/cex-exchange/internal/websocket/manager.go:208

2025-12-02T08:40:27.780+08:00 [ERRO] 获取24小时成交量失败: element of parameter "pointer" for function Scan should type of struct/*struct/[]struct/[]*struct 
Stack:
1.  cex-exchange/internal/websocket.GetPriceChangeData
    /Users/zhanjun/IdeaProjects/cex-exchange/cex-exchange/internal/websocket/data.go:187
2.  cex-exchange/internal/websocket.SendMarketData
    /Users/zhanjun/IdeaProjects/cex-exchange/cex-exchange/internal/websocket/manager.go:208

2025-12-02T08:40:27.889+08:00 [ERRO] 获取最新K线失败: sql: no rows in result set 
Stack:
1.  cex-exchange/internal/websocket.GetPriceChangeData
    /Users/zhanjun/IdeaProjects/cex-exchange/cex-exchange/internal/websocket/data.go:132
2.  cex-exchange/internal/websocket.SendMarketData
    /Users/zhanjun/IdeaProjects/cex-exchange/cex-exchange/internal/websocket/manager.go:208

2025-12-02T08:40:27.943+08:00 [ERRO] 获取最新K线失败: sql: no rows in result set 
Stack:
1.  cex-exchange/internal/websocket.GetPriceChangeData
    /Users/zhanjun/IdeaProjects/cex-exchange/cex-exchange/internal/websocket/data.go:132
2.  cex-exchange/internal/websocket.SendMarketData
    /Users/zhanjun/IdeaProjects/cex-exchange/cex-exchange/internal/websocket/manager.go:208

2025-12-02T08:40:28.592+08:00 [ERRO] 获取24小时成交量失败: element of parameter "pointer" for function Scan should type of struct/*struct/[]struct/[]*struct 
Stack:
1.  cex-exchange/internal/websocket.GetPriceChangeData
    /Users/zhanjun/IdeaProjects/cex-exchange/cex-exchange/internal/websocket/data.go:187
2.  cex-exchange/internal/websocket.SendMarketData
    /Users/zhanjun/IdeaProjects/cex-exchange/cex-exchange/internal/websocket/manager.go:208

2025-12-02T08:40:28.932+08:00 [ERRO] 获取昨日K线失败: sql: no rows in result set 
Stack:
1.  cex-exchange/internal/websocket.GetPriceChangeData
    /Users/zhanjun/IdeaProjects/cex-exchange/cex-exchange/internal/websocket/data.go:149
2.  cex-exchange/internal/websocket.SendMarketData
    /Users/zhanjun/IdeaProjects/cex-exchange/cex-exchange/internal/websocket/manager.go:208

2025-12-02T08:40:29.084+08:00 [ERRO] 获取最新K线失败: sql: no rows in result set 
Stack:
1.  cex-exchange/internal/websocket.GetPriceChangeData
    /Users/zhanjun/IdeaProjects/cex-exchange/cex-exchange/internal/websocket/data.go:132
2.  cex-exchange/internal/websocket.SendMarketData
    /Users/zhanjun/IdeaProjects/cex-exchange/cex-exchange/internal/websocket/manager.go:208

2025-12-02T08:40:29.601+08:00 [ERRO] 获取24小时成交量失败: element of parameter "pointer" for function Scan should type of struct/*struct/[]struct/[]*struct 
Stack:
1.  cex-exchange/internal/websocket.GetPriceChangeData
    /Users/zhanjun/IdeaProjects/cex-exchange/cex-exchange/internal/websocket/data.go:187
2.  cex-exchange/internal/websocket.SendMarketData
    /Users/zhanjun/IdeaProjects/cex-exchange/cex-exchange/internal/websocket/manager.go:208

2025-12-02T08:40:30.881+08:00 [ERRO] 获取最新K线失败: sql: no rows in result set 
Stack:
1.  cex-exchange/internal/websocket.GetPriceChangeData
    /Users/zhanjun/IdeaProjects/cex-exchange/cex-exchange/internal/websocket/data.go:132
2.  cex-exchange/internal/websocket.SendMarketData
    /Users/zhanjun/IdeaProjects/cex-exchange/cex-exchange/internal/websocket/manager.go:208

2025-12-02T08:40:31.814+08:00 [ERRO] 获取最新K线失败: sql: no rows in result set 
Stack:
1.  cex-exchange/internal/websocket.GetPriceChangeData
    /Users/zhanjun/IdeaProjects/cex-exchange/cex-exchange/internal/websocket/data.go:132
2.  cex-exchange/internal/websocket.SendMarketData
    /Users/zhanjun/IdeaProjects/cex-exchange/cex-exchange/internal/websocket/manager.go:208

2025-12-02T08:40:32.388+08:00 [ERRO] 获取昨日K线失败: sql: no rows in result set 
Stack:
1.  cex-exchange/internal/websocket.GetPriceChangeData
    /Users/zhanjun/IdeaProjects/cex-exchange/cex-exchange/internal/websocket/data.go:149
2.  cex-exchange/internal/websocket.SendMarketData
    /Users/zhanjun/IdeaProjects/cex-exchange/cex-exchange/internal/websocket/manager.go:208

2025-12-02T08:40:32.438+08:00 [ERRO] 获取最新K线失败: sql: no rows in result set 
Stack:
1.  cex-exchange/internal/websocket.GetPriceChangeData
    /Users/zhanjun/IdeaProjects/cex-exchange/cex-exchange/internal/websocket/data.go:132
2.  cex-exchange/internal/websocket.SendMarketData
    /Users/zhanjun/IdeaProjects/cex-exchange/cex-exchange/internal/websocket/manager.go:208

2025-12-02T08:40:32.463+08:00 [ERRO] 获取最新K线失败: sql: no rows in result set 
Stack:
1.  cex-exchange/internal/websocket.GetPriceChangeData
    /Users/zhanjun/IdeaProjects/cex-exchange/cex-exchange/internal/websocket/data.go:132
2.  cex-exchange/internal/websocket.SendMarketData
    /Users/zhanjun/IdeaProjects/cex-exchange/cex-exchange/internal/websocket/manager.go:208

2025-12-02T08:40:33.195+08:00 [ERRO] 获取最新K线失败: sql: no rows in result set 
Stack:
1.  cex-exchange/internal/websocket.GetPriceChangeData
    /Users/zhanjun/IdeaProjects/cex-exchange/cex-exchange/internal/websocket/data.go:132
2.  cex-exchange/internal/websocket.SendMarketData
    /Users/zhanjun/IdeaProjects/cex-exchange/cex-exchange/internal/websocket/manager.go:208

2025-12-02T08:40:33.314+08:00 [ERRO] 获取24小时成交量失败: element of parameter "pointer" for function Scan should type of struct/*struct/[]struct/[]*struct 
Stack:
1.  cex-exchange/internal/websocket.GetPriceChangeData
    /Users/zhanjun/IdeaProjects/cex-exchange/cex-exchange/internal/websocket/data.go:187
2.  cex-exchange/internal/websocket.SendMarketData
    /Users/zhanjun/IdeaProjects/cex-exchange/cex-exchange/internal/websocket/manager.go:208

2025-12-02T08:40:33.429+08:00 [ERRO] 获取最新K线失败: sql: no rows in result set 
Stack:
1.  cex-exchange/internal/websocket.GetPriceChangeData
    /Users/zhanjun/IdeaProjects/cex-exchange/cex-exchange/internal/websocket/data.go:132
2.  cex-exchange/internal/websocket.SendMarketData
    /Users/zhanjun/IdeaProjects/cex-exchange/cex-exchange/internal/websocket/manager.go:208

2025-12-02T08:40:33.548+08:00 [ERRO] 获取昨日K线失败: sql: no rows in result set 
Stack:
1.  cex-exchange/internal/websocket.GetPriceChangeData
    /Users/zhanjun/IdeaProjects/cex-exchange/cex-exchange/internal/websocket/data.go:149
2.  cex-exchange/internal/websocket.SendMarketData
    /Users/zhanjun/IdeaProjects/cex-exchange/cex-exchange/internal/websocket/manager.go:208

2025-12-02T08:40:34.513+08:00 [ERRO] 获取24小时成交量失败: element of parameter "pointer" for function Scan should type of struct/*struct/[]struct/[]*struct 
Stack:
1.  cex-exchange/internal/websocket.GetPriceChangeData
    /Users/zhanjun/IdeaProjects/cex-exchange/cex-exchange/internal/websocket/data.go:187
2.  cex-exchange/internal/websocket.SendMarketData
    /Users/zhanjun/IdeaProjects/cex-exchange/cex-exchange/internal/websocket/manager.go:208

2025-12-02T08:40:34.545+08:00 [ERRO] 获取昨日K线失败: sql: no rows in result set 
Stack:
1.  cex-exchange/internal/websocket.GetPriceChangeData
    /Users/zhanjun/IdeaProjects/cex-exchange/cex-exchange/internal/websocket/data.go:149
2.  cex-exchange/internal/websocket.SendMarketData
    /Users/zhanjun/IdeaProjects/cex-exchange/cex-exchange/internal/websocket/manager.go:208

2025-12-02T08:40:34.571+08:00 [ERRO] 获取最新K线失败: sql: no rows in result set 
Stack:
1.  cex-exchange/internal/websocket.GetPriceChangeData
    /Users/zhanjun/IdeaProjects/cex-exchange/cex-exchange/internal/websocket/data.go:132
2.  cex-exchange/internal/websocket.SendMarketData
    /Users/zhanjun/IdeaProjects/cex-exchange/cex-exchange/internal/websocket/manager.go:208

2025-12-02T08:40:35.231+08:00 [ERRO] 获取最新K线失败: sql: no rows in result set 
Stack:
1.  cex-exchange/internal/websocket.GetPriceChangeData
    /Users/zhanjun/IdeaProjects/cex-exchange/cex-exchange/internal/websocket/data.go:132
2.  cex-exchange/internal/websocket.SendMarketData
    /Users/zhanjun/IdeaProjects/cex-exchange/cex-exchange/internal/websocket/manager.go:208

2025-12-02T08:40:35.363+08:00 [ERRO] 获取昨日K线失败: sql: no rows in result set 
Stack:
1.  cex-exchange/internal/websocket.GetPriceChangeData
    /Users/zhanjun/IdeaProjects/cex-exchange/cex-exchange/internal/websocket/data.go:149
2.  cex-exchange/internal/websocket.SendMarketData
    /Users/zhanjun/IdeaProjects/cex-exchange/cex-exchange/internal/websocket/manager.go:208

2025-12-02T08:40:35.411+08:00 [ERRO] 获取最新K线失败: sql: no rows in result set 
Stack:
1.  cex-exchange/internal/websocket.GetPriceChangeData
    /Users/zhanjun/IdeaProjects/cex-exchange/cex-exchange/internal/websocket/data.go:132
2.  cex-exchange/internal/websocket.SendMarketData
    /Users/zhanjun/IdeaProjects/cex-exchange/cex-exchange/internal/websocket/manager.go:208

2025-12-02T08:40:35.507+08:00 [ERRO] 获取24小时成交量失败: element of parameter "pointer" for function Scan should type of struct/*struct/[]struct/[]*struct 
Stack:
1.  cex-exchange/internal/websocket.GetPriceChangeData
    /Users/zhanjun/IdeaProjects/cex-exchange/cex-exchange/internal/websocket/data.go:187
2.  cex-exchange/internal/websocket.SendMarketData
    /Users/zhanjun/IdeaProjects/cex-exchange/cex-exchange/internal/websocket/manager.go:208

2025-12-02T08:40:36.173+08:00 [ERRO] 获取最新K线失败: sql: no rows in result set 
Stack:
1.  cex-exchange/internal/websocket.GetPriceChangeData
    /Users/zhanjun/IdeaProjects/cex-exchange/cex-exchange/internal/websocket/data.go:132
2.  cex-exchange/internal/websocket.SendMarketData
    /Users/zhanjun/IdeaProjects/cex-exchange/cex-exchange/internal/websocket/manager.go:208

2025-12-02T08:40:36.183+08:00 [ERRO] 获取最新K线失败: sql: no rows in result set 
Stack:
1.  cex-exchange/internal/websocket.GetPriceChangeData
    /Users/zhanjun/IdeaProjects/cex-exchange/cex-exchange/internal/websocket/data.go:132
2.  cex-exchange/internal/websocket.SendMarketData
    /Users/zhanjun/IdeaProjects/cex-exchange/cex-exchange/internal/websocket/manager.go:208

2025-12-02T08:40:36.298+08:00 [ERRO] 获取24小时成交量失败: element of parameter "pointer" for function Scan should type of struct/*struct/[]struct/[]*struct 
Stack:
1.  cex-exchange/internal/websocket.GetPriceChangeData
    /Users/zhanjun/IdeaProjects/cex-exchange/cex-exchange/internal/websocket/data.go:187
2.  cex-exchange/internal/websocket.SendMarketData
    /Users/zhanjun/IdeaProjects/cex-exchange/cex-exchange/internal/websocket/manager.go:208

2025-12-02T08:40:36.451+08:00 [ERRO] 获取最新K线失败: sql: no rows in result set 
Stack:
1.  cex-exchange/internal/websocket.GetPriceChangeData
    /Users/zhanjun/IdeaProjects/cex-exchange/cex-exchange/internal/websocket/data.go:132
2.  cex-exchange/internal/websocket.SendMarketData
    /Users/zhanjun/IdeaProjects/cex-exchange/cex-exchange/internal/websocket/manager.go:208

2025-12-02T08:40:36.490+08:00 [ERRO] 获取昨日K线失败: sql: no rows in result set 
Stack:
1.  cex-exchange/internal/websocket.GetPriceChangeData
    /Users/zhanjun/IdeaProjects/cex-exchange/cex-exchange/internal/websocket/data.go:149
2.  cex-exchange/internal/websocket.SendMarketData
    /Users/zhanjun/IdeaProjects/cex-exchange/cex-exchange/internal/websocket/manager.go:208

2025-12-02T08:40:36.570+08:00 [ERRO] 获取最新K线失败: sql: no rows in result set 
Stack:
1.  cex-exchange/internal/websocket.GetPriceChangeData
    /Users/zhanjun/IdeaProjects/cex-exchange/cex-exchange/internal/websocket/data.go:132
2.  cex-exchange/internal/websocket.SendMarketData
    /Users/zhanjun/IdeaProjects/cex-exchange/cex-exchange/internal/websocket/manager.go:208

2025-12-02T08:40:36.848+08:00 [ERRO] 获取昨日K线失败: sql: no rows in result set 
Stack:
1.  cex-exchange/internal/websocket.GetPriceChangeData
    /Users/zhanjun/IdeaProjects/cex-exchange/cex-exchange/internal/websocket/data.go:149
2.  cex-exchange/internal/websocket.SendMarketData
    /Users/zhanjun/IdeaProjects/cex-exchange/cex-exchange/internal/websocket/manager.go:208

2025-12-02T08:40:37.028+08:00 [ERRO] 获取最新K线失败: sql: no rows in result set 
Stack:
1.  cex-exchange/internal/websocket.GetPriceChangeData
    /Users/zhanjun/IdeaProjects/cex-exchange/cex-exchange/internal/websocket/data.go:132
2.  cex-exchange/internal/websocket.SendMarketData
    /Users/zhanjun/IdeaProjects/cex-exchange/cex-exchange/internal/websocket/manager.go:208

2025-12-02T08:40:37.040+08:00 [ERRO] 获取最新K线失败: sql: no rows in result set 
Stack:
1.  cex-exchange/internal/websocket.GetPriceChangeData
    /Users/zhanjun/IdeaProjects/cex-exchange/cex-exchange/internal/websocket/data.go:132
2.  cex-exchange/internal/websocket.SendMarketData
    /Users/zhanjun/IdeaProjects/cex-exchange/cex-exchange/internal/websocket/manager.go:208

2025-12-02T08:40:37.380+08:00 [ERRO] 获取昨日K线失败: sql: no rows in result set 
Stack:
1.  cex-exchange/internal/websocket.GetPriceChangeData
    /Users/zhanjun/IdeaProjects/cex-exchange/cex-exchange/internal/websocket/data.go:149
2.  cex-exchange/internal/websocket.SendMarketData
    /Users/zhanjun/IdeaProjects/cex-exchange/cex-exchange/internal/websocket/manager.go:208

2025-12-02T08:40:37.411+08:00 [ERRO] 获取最新K线失败: sql: no rows in result set 
Stack:
1.  cex-exchange/internal/websocket.GetPriceChangeData
    /Users/zhanjun/IdeaProjects/cex-exchange/cex-exchange/internal/websocket/data.go:132
2.  cex-exchange/internal/websocket.SendMarketData
    /Users/zhanjun/IdeaProjects/cex-exchange/cex-exchange/internal/websocket/manager.go:208

2025-12-02T08:40:37.435+08:00 [ERRO] 获取最新K线失败: sql: no rows in result set 
Stack:
1.  cex-exchange/internal/websocket.GetPriceChangeData
    /Users/zhanjun/IdeaProjects/cex-exchange/cex-exchange/internal/websocket/data.go:132
2.  cex-exchange/internal/websocket.SendMarketData
    /Users/zhanjun/IdeaProjects/cex-exchange/cex-exchange/internal/websocket/manager.go:208

2025-12-02T08:40:37.444+08:00 [ERRO] 获取24小时成交量失败: element of parameter "pointer" for function Scan should type of struct/*struct/[]struct/[]*struct 
Stack:
1.  cex-exchange/internal/websocket.GetPriceChangeData
    /Users/zhanjun/IdeaProjects/cex-exchange/cex-exchange/internal/websocket/data.go:187
2.  cex-exchange/internal/websocket.SendMarketData
    /Users/zhanjun/IdeaProjects/cex-exchange/cex-exchange/internal/websocket/manager.go:208

2025-12-02T08:40:37.771+08:00 [ERRO] 获取24小时成交量失败: element of parameter "pointer" for function Scan should type of struct/*struct/[]struct/[]*struct 
Stack:
1.  cex-exchange/internal/websocket.GetPriceChangeData
    /Users/zhanjun/IdeaProjects/cex-exchange/cex-exchange/internal/websocket/data.go:187
2.  cex-exchange/internal/websocket.SendMarketData
    /Users/zhanjun/IdeaProjects/cex-exchange/cex-exchange/internal/websocket/manager.go:208

2025-12-02T08:40:38.115+08:00 [ERRO] 获取昨日K线失败: sql: no rows in result set 
Stack:
1.  cex-exchange/internal/websocket.GetPriceChangeData
    /Users/zhanjun/IdeaProjects/cex-exchange/cex-exchange/internal/websocket/data.go:149
2.  cex-exchange/internal/websocket.SendMarketData
    /Users/zhanjun/IdeaProjects/cex-exchange/cex-exchange/internal/websocket/manager.go:208

2025-12-02T08:40:38.315+08:00 [ERRO] 获取24小时成交量失败: element of parameter "pointer" for function Scan should type of struct/*struct/[]struct/[]*struct 
Stack:
1.  cex-exchange/internal/websocket.GetPriceChangeData
    /Users/zhanjun/IdeaProjects/cex-exchange/cex-exchange/internal/websocket/data.go:187
2.  cex-exchange/internal/websocket.SendMarketData
    /Users/zhanjun/IdeaProjects/cex-exchange/cex-exchange/internal/websocket/manager.go:208

2025-12-02T08:40:38.502+08:00 [ERRO] 获取昨日K线失败: sql: no rows in result set 
Stack:
1.  cex-exchange/internal/websocket.GetPriceChangeData
    /Users/zhanjun/IdeaProjects/cex-exchange/cex-exchange/internal/websocket/data.go:149
2.  cex-exchange/internal/websocket.SendMarketData
    /Users/zhanjun/IdeaProjects/cex-exchange/cex-exchange/internal/websocket/manager.go:208

2025-12-02T08:40:39.035+08:00 [ERRO] 获取最新K线失败: sql: no rows in result set 
Stack:
1.  cex-exchange/internal/websocket.GetPriceChangeData
    /Users/zhanjun/IdeaProjects/cex-exchange/cex-exchange/internal/websocket/data.go:132
2.  cex-exchange/internal/websocket.SendMarketData
    /Users/zhanjun/IdeaProjects/cex-exchange/cex-exchange/internal/websocket/manager.go:208

2025-12-02T08:40:39.069+08:00 [ERRO] 获取24小时成交量失败: element of parameter "pointer" for function Scan should type of struct/*struct/[]struct/[]*struct 
Stack:
1.  cex-exchange/internal/websocket.GetPriceChangeData
    /Users/zhanjun/IdeaProjects/cex-exchange/cex-exchange/internal/websocket/data.go:187
2.  cex-exchange/internal/websocket.SendMarketData
    /Users/zhanjun/IdeaProjects/cex-exchange/cex-exchange/internal/websocket/manager.go:208

2025-12-02T08:40:39.164+08:00 [ERRO] 获取最新K线失败: sql: no rows in result set 
Stack:
1.  cex-exchange/internal/websocket.GetPriceChangeData
    /Users/zhanjun/IdeaProjects/cex-exchange/cex-exchange/internal/websocket/data.go:132
2.  cex-exchange/internal/websocket.SendMarketData
    /Users/zhanjun/IdeaProjects/cex-exchange/cex-exchange/internal/websocket/manager.go:208

2025-12-02T08:40:39.459+08:00 [ERRO] 获取24小时成交量失败: element of parameter "pointer" for function Scan should type of struct/*struct/[]struct/[]*struct 
Stack:
1.  cex-exchange/internal/websocket.GetPriceChangeData
    /Users/zhanjun/IdeaProjects/cex-exchange/cex-exchange/internal/websocket/data.go:187
2.  cex-exchange/internal/websocket.SendMarketData
    /Users/zhanjun/IdeaProjects/cex-exchange/cex-exchange/internal/websocket/manager.go:208

2025-12-02T08:40:39.709+08:00 [ERRO] 获取昨日K线失败: sql: no rows in result set 
Stack:
1.  cex-exchange/internal/websocket.GetPriceChangeData
    /Users/zhanjun/IdeaProjects/cex-exchange/cex-exchange/internal/websocket/data.go:149
2.  cex-exchange/internal/websocket.SendMarketData
    /Users/zhanjun/IdeaProjects/cex-exchange/cex-exchange/internal/websocket/manager.go:208

2025-12-02T08:40:40.051+08:00 [ERRO] 获取最新K线失败: sql: no rows in result set 
Stack:
1.  cex-exchange/internal/websocket.GetPriceChangeData
    /Users/zhanjun/IdeaProjects/cex-exchange/cex-exchange/internal/websocket/data.go:132
2.  cex-exchange/internal/websocket.SendMarketData
    /Users/zhanjun/IdeaProjects/cex-exchange/cex-exchange/internal/websocket/manager.go:208

2025-12-02T08:40:40.053+08:00 [ERRO] 获取最新K线失败: sql: no rows in result set 
Stack:
1.  cex-exchange/internal/websocket.GetPriceChangeData
    /Users/zhanjun/IdeaProjects/cex-exchange/cex-exchange/internal/websocket/data.go:132
2.  cex-exchange/internal/websocket.SendMarketData
    /Users/zhanjun/IdeaProjects/cex-exchange/cex-exchange/internal/websocket/manager.go:208

2025-12-02T08:40:40.433+08:00 [ERRO] 获取最新K线失败: sql: no rows in result set 
Stack:
1.  cex-exchange/internal/websocket.GetPriceChangeData
    /Users/zhanjun/IdeaProjects/cex-exchange/cex-exchange/internal/websocket/data.go:132
2.  cex-exchange/internal/websocket.SendMarketData
    /Users/zhanjun/IdeaProjects/cex-exchange/cex-exchange/internal/websocket/manager.go:208

2025-12-02T08:40:40.491+08:00 [ERRO] 获取最新K线失败: sql: no rows in result set 
Stack:
1.  cex-exchange/internal/websocket.GetPriceChangeData
    /Users/zhanjun/IdeaProjects/cex-exchange/cex-exchange/internal/websocket/data.go:132
2.  cex-exchange/internal/websocket.SendMarketData
    /Users/zhanjun/IdeaProjects/cex-exchange/cex-exchange/internal/websocket/manager.go:208

2025-12-02T08:40:40.656+08:00 [ERRO] 获取24小时成交量失败: element of parameter "pointer" for function Scan should type of struct/*struct/[]struct/[]*struct 
Stack:
1.  cex-exchange/internal/websocket.GetPriceChangeData
    /Users/zhanjun/IdeaProjects/cex-exchange/cex-exchange/internal/websocket/data.go:187
2.  cex-exchange/internal/websocket.SendMarketData
    /Users/zhanjun/IdeaProjects/cex-exchange/cex-exchange/internal/websocket/manager.go:208

2025-12-02T08:40:40.889+08:00 [ERRO] 获取昨日K线失败: sql: no rows in result set 
Stack:
1.  cex-exchange/internal/websocket.GetPriceChangeData
    /Users/zhanjun/IdeaProjects/cex-exchange/cex-exchange/internal/websocket/data.go:149
2.  cex-exchange/internal/websocket.SendMarketData
    /Users/zhanjun/IdeaProjects/cex-exchange/cex-exchange/internal/websocket/manager.go:208

2025-12-02T08:40:41.134+08:00 [ERRO] 获取最新K线失败: sql: no rows in result set 
Stack:
1.  cex-exchange/internal/websocket.GetPriceChangeData
    /Users/zhanjun/IdeaProjects/cex-exchange/cex-exchange/internal/websocket/data.go:132
2.  cex-exchange/internal/websocket.SendMarketData
    /Users/zhanjun/IdeaProjects/cex-exchange/cex-exchange/internal/websocket/manager.go:208

2025-12-02T08:40:41.166+08:00 [ERRO] 获取最新K线失败: sql: no rows in result set 
Stack:
1.  cex-exchange/internal/websocket.GetPriceChangeData
    /Users/zhanjun/IdeaProjects/cex-exchange/cex-exchange/internal/websocket/data.go:132
2.  cex-exchange/internal/websocket.SendMarketData
    /Users/zhanjun/IdeaProjects/cex-exchange/cex-exchange/internal/websocket/manager.go:208

2025-12-02T08:40:41.315+08:00 [ERRO] 获取昨日K线失败: sql: no rows in result set 
Stack:
1.  cex-exchange/internal/websocket.GetPriceChangeData
    /Users/zhanjun/IdeaProjects/cex-exchange/cex-exchange/internal/websocket/data.go:149
2.  cex-exchange/internal/websocket.SendMarketData
    /Users/zhanjun/IdeaProjects/cex-exchange/cex-exchange/internal/websocket/manager.go:208

2025-12-02T08:40:41.814+08:00 [ERRO] 获取24小时成交量失败: element of parameter "pointer" for function Scan should type of struct/*struct/[]struct/[]*struct 
Stack:
1.  cex-exchange/internal/websocket.GetPriceChangeData
    /Users/zhanjun/IdeaProjects/cex-exchange/cex-exchange/internal/websocket/data.go:187
2.  cex-exchange/internal/websocket.SendMarketData
    /Users/zhanjun/IdeaProjects/cex-exchange/cex-exchange/internal/websocket/manager.go:208

2025-12-02T08:40:41.897+08:00 [ERRO] 获取最新K线失败: sql: no rows in result set 
Stack:
1.  cex-exchange/internal/websocket.GetPriceChangeData
    /Users/zhanjun/IdeaProjects/cex-exchange/cex-exchange/internal/websocket/data.go:132
2.  cex-exchange/internal/websocket.SendMarketData
    /Users/zhanjun/IdeaProjects/cex-exchange/cex-exchange/internal/websocket/manager.go:208

2025-12-02T08:40:41.951+08:00 [ERRO] 获取最新K线失败: sql: no rows in result set 
Stack:
1.  cex-exchange/internal/websocket.GetPriceChangeData
    /Users/zhanjun/IdeaProjects/cex-exchange/cex-exchange/internal/websocket/data.go:132
2.  cex-exchange/internal/websocket.SendMarketData
    /Users/zhanjun/IdeaProjects/cex-exchange/cex-exchange/internal/websocket/manager.go:208

2025-12-02T08:40:42.093+08:00 [ERRO] 获取昨日K线失败: sql: no rows in result set 
Stack:
1.  cex-exchange/internal/websocket.GetPriceChangeData
    /Users/zhanjun/IdeaProjects/cex-exchange/cex-exchange/internal/websocket/data.go:149
2.  cex-exchange/internal/websocket.SendMarketData
    /Users/zhanjun/IdeaProjects/cex-exchange/cex-exchange/internal/websocket/manager.go:208

2025-12-02T08:40:42.232+08:00 [ERRO] 获取24小时成交量失败: element of parameter "pointer" for function Scan should type of struct/*struct/[]struct/[]*struct 
Stack:
1.  cex-exchange/internal/websocket.GetPriceChangeData
    /Users/zhanjun/IdeaProjects/cex-exchange/cex-exchange/internal/websocket/data.go:187
2.  cex-exchange/internal/websocket.SendMarketData
    /Users/zhanjun/IdeaProjects/cex-exchange/cex-exchange/internal/websocket/manager.go:208

2025-12-02T08:40:42.877+08:00 [ERRO] 获取昨日K线失败: sql: no rows in result set 
Stack:
1.  cex-exchange/internal/websocket.GetPriceChangeData
    /Users/zhanjun/IdeaProjects/cex-exchange/cex-exchange/internal/websocket/data.go:149
2.  cex-exchange/internal/websocket.SendMarketData
    /Users/zhanjun/IdeaProjects/cex-exchange/cex-exchange/internal/websocket/manager.go:208

2025-12-02T08:40:42.973+08:00 [ERRO] 获取最新K线失败: sql: no rows in result set 
Stack:
1.  cex-exchange/internal/websocket.GetPriceChangeData
    /Users/zhanjun/IdeaProjects/cex-exchange/cex-exchange/internal/websocket/data.go:132
2.  cex-exchange/internal/websocket.SendMarketData
    /Users/zhanjun/IdeaProjects/cex-exchange/cex-exchange/internal/websocket/manager.go:208

2025-12-02T08:40:43.021+08:00 [ERRO] 获取24小时成交量失败: element of parameter "pointer" for function Scan should type of struct/*struct/[]struct/[]*struct 
Stack:
1.  cex-exchange/internal/websocket.GetPriceChangeData
    /Users/zhanjun/IdeaProjects/cex-exchange/cex-exchange/internal/websocket/data.go:187
2.  cex-exchange/internal/websocket.SendMarketData
    /Users/zhanjun/IdeaProjects/cex-exchange/cex-exchange/internal/websocket/manager.go:208

2025-12-02T08:40:43.297+08:00 [ERRO] 获取最新K线失败: sql: no rows in result set 
Stack:
1.  cex-exchange/internal/websocket.GetPriceChangeData
    /Users/zhanjun/IdeaProjects/cex-exchange/cex-exchange/internal/websocket/data.go:132
2.  cex-exchange/internal/websocket.SendMarketData
    /Users/zhanjun/IdeaProjects/cex-exchange/cex-exchange/internal/websocket/manager.go:208

2025-12-02T08:40:43.813+08:00 [ERRO] 获取24小时成交量失败: element of parameter "pointer" for function Scan should type of struct/*struct/[]struct/[]*struct 
Stack:
1.  cex-exchange/internal/websocket.GetPriceChangeData
    /Users/zhanjun/IdeaProjects/cex-exchange/cex-exchange/internal/websocket/data.go:187
2.  cex-exchange/internal/websocket.SendMarketData
    /Users/zhanjun/IdeaProjects/cex-exchange/cex-exchange/internal/websocket/manager.go:208

2025-12-02T08:40:43.841+08:00 [ERRO] 获取昨日K线失败: sql: no rows in result set 
Stack:
1.  cex-exchange/internal/websocket.GetPriceChangeData
    /Users/zhanjun/IdeaProjects/cex-exchange/cex-exchange/internal/websocket/data.go:149
2.  cex-exchange/internal/websocket.SendMarketData
    /Users/zhanjun/IdeaProjects/cex-exchange/cex-exchange/internal/websocket/manager.go:208

2025-12-02T08:40:43.928+08:00 [ERRO] 获取最新K线失败: sql: no rows in result set 
Stack:
1.  cex-exchange/internal/websocket.GetPriceChangeData
    /Users/zhanjun/IdeaProjects/cex-exchange/cex-exchange/internal/websocket/data.go:132
2.  cex-exchange/internal/websocket.SendMarketData
    /Users/zhanjun/IdeaProjects/cex-exchange/cex-exchange/internal/websocket/manager.go:208

2025-12-02T08:40:44.037+08:00 [ERRO] 获取最新K线失败: sql: no rows in result set 
Stack:
1.  cex-exchange/internal/websocket.GetPriceChangeData
    /Users/zhanjun/IdeaProjects/cex-exchange/cex-exchange/internal/websocket/data.go:132
2.  cex-exchange/internal/websocket.SendMarketData
    /Users/zhanjun/IdeaProjects/cex-exchange/cex-exchange/internal/websocket/manager.go:208

2025-12-02T08:40:44.767+08:00 [ERRO] 获取24小时成交量失败: element of parameter "pointer" for function Scan should type of struct/*struct/[]struct/[]*struct 
Stack:
1.  cex-exchange/internal/websocket.GetPriceChangeData
    /Users/zhanjun/IdeaProjects/cex-exchange/cex-exchange/internal/websocket/data.go:187
2.  cex-exchange/internal/websocket.SendMarketData
    /Users/zhanjun/IdeaProjects/cex-exchange/cex-exchange/internal/websocket/manager.go:208

2025-12-02T08:40:44.950+08:00 [ERRO] 获取最新K线失败: sql: no rows in result set 
Stack:
1.  cex-exchange/internal/websocket.GetPriceChangeData
    /Users/zhanjun/IdeaProjects/cex-exchange/cex-exchange/internal/websocket/data.go:132
2.  cex-exchange/internal/websocket.SendMarketData
    /Users/zhanjun/IdeaProjects/cex-exchange/cex-exchange/internal/websocket/manager.go:208

2025-12-02T08:40:44.950+08:00 [ERRO] 获取最新K线失败: sql: no rows in result set 
Stack:
1.  cex-exchange/internal/websocket.GetPriceChangeData
    /Users/zhanjun/IdeaProjects/cex-exchange/cex-exchange/internal/websocket/data.go:132
2.  cex-exchange/internal/websocket.SendMarketData
    /Users/zhanjun/IdeaProjects/cex-exchange/cex-exchange/internal/websocket/manager.go:208

2025-12-02T08:40:45.107+08:00 [ERRO] 获取昨日K线失败: sql: no rows in result set 
Stack:
1.  cex-exchange/internal/websocket.GetPriceChangeData
    /Users/zhanjun/IdeaProjects/cex-exchange/cex-exchange/internal/websocket/data.go:149
2.  cex-exchange/internal/websocket.SendMarketData
    /Users/zhanjun/IdeaProjects/cex-exchange/cex-exchange/internal/websocket/manager.go:208

2025-12-02T08:40:45.851+08:00 [ERRO] 获取昨日K线失败: sql: no rows in result set 
Stack:
1.  cex-exchange/internal/websocket.GetPriceChangeData
    /Users/zhanjun/IdeaProjects/cex-exchange/cex-exchange/internal/websocket/data.go:149
2.  cex-exchange/internal/websocket.SendMarketData
    /Users/zhanjun/IdeaProjects/cex-exchange/cex-exchange/internal/websocket/manager.go:208

2025-12-02T08:40:45.885+08:00 [ERRO] 获取最新K线失败: sql: no rows in result set 
Stack:
1.  cex-exchange/internal/websocket.GetPriceChangeData
    /Users/zhanjun/IdeaProjects/cex-exchange/cex-exchange/internal/websocket/data.go:132
2.  cex-exchange/internal/websocket.SendMarketData
    /Users/zhanjun/IdeaProjects/cex-exchange/cex-exchange/internal/websocket/manager.go:208

2025-12-02T08:40:45.965+08:00 [ERRO] 获取最新K线失败: sql: no rows in result set 
Stack:
1.  cex-exchange/internal/websocket.GetPriceChangeData
    /Users/zhanjun/IdeaProjects/cex-exchange/cex-exchange/internal/websocket/data.go:132
2.  cex-exchange/internal/websocket.SendMarketData
    /Users/zhanjun/IdeaProjects/cex-exchange/cex-exchange/internal/websocket/manager.go:208

2025-12-02T08:40:46.040+08:00 [ERRO] 获取24小时成交量失败: element of parameter "pointer" for function Scan should type of struct/*struct/[]struct/[]*struct 
Stack:
1.  cex-exchange/internal/websocket.GetPriceChangeData
    /Users/zhanjun/IdeaProjects/cex-exchange/cex-exchange/internal/websocket/data.go:187
2.  cex-exchange/internal/websocket.SendMarketData
    /Users/zhanjun/IdeaProjects/cex-exchange/cex-exchange/internal/websocket/manager.go:208

2025-12-02T08:40:46.797+08:00 [ERRO] 获取24小时成交量失败: element of parameter "pointer" for function Scan should type of struct/*struct/[]struct/[]*struct 
Stack:
1.  cex-exchange/internal/websocket.GetPriceChangeData
    /Users/zhanjun/IdeaProjects/cex-exchange/cex-exchange/internal/websocket/data.go:187
2.  cex-exchange/internal/websocket.SendMarketData
    /Users/zhanjun/IdeaProjects/cex-exchange/cex-exchange/internal/websocket/manager.go:208

2025-12-02T08:40:46.969+08:00 [ERRO] 获取最新K线失败: sql: no rows in result set 
Stack:
1.  cex-exchange/internal/websocket.GetPriceChangeData
    /Users/zhanjun/IdeaProjects/cex-exchange/cex-exchange/internal/websocket/data.go:132
2.  cex-exchange/internal/websocket.SendMarketData
    /Users/zhanjun/IdeaProjects/cex-exchange/cex-exchange/internal/websocket/manager.go:208

2025-12-02T08:40:46.993+08:00 [ERRO] 获取昨日K线失败: sql: no rows in result set 
Stack:
1.  cex-exchange/internal/websocket.GetPriceChangeData
    /Users/zhanjun/IdeaProjects/cex-exchange/cex-exchange/internal/websocket/data.go:149
2.  cex-exchange/internal/websocket.SendMarketData
    /Users/zhanjun/IdeaProjects/cex-exchange/cex-exchange/internal/websocket/manager.go:208

2025-12-02T08:40:47.158+08:00 [ERRO] 获取最新K线失败: sql: no rows in result set 
Stack:
1.  cex-exchange/internal/websocket.GetPriceChangeData
    /Users/zhanjun/IdeaProjects/cex-exchange/cex-exchange/internal/websocket/data.go:132
2.  cex-exchange/internal/websocket.SendMarketData
    /Users/zhanjun/IdeaProjects/cex-exchange/cex-exchange/internal/websocket/manager.go:208

2025-12-02T08:40:47.916+08:00 [ERRO] 获取昨日K线失败: sql: no rows in result set 
Stack:
1.  cex-exchange/internal/websocket.GetPriceChangeData
    /Users/zhanjun/IdeaProjects/cex-exchange/cex-exchange/internal/websocket/data.go:149
2.  cex-exchange/internal/websocket.SendMarketData
    /Users/zhanjun/IdeaProjects/cex-exchange/cex-exchange/internal/websocket/manager.go:208

2025-12-02T08:40:47.955+08:00 [ERRO] 获取24小时成交量失败: element of parameter "pointer" for function Scan should type of struct/*struct/[]struct/[]*struct 
Stack:
1.  cex-exchange/internal/websocket.GetPriceChangeData
    /Users/zhanjun/IdeaProjects/cex-exchange/cex-exchange/internal/websocket/data.go:187
2.  cex-exchange/internal/websocket.SendMarketData
    /Users/zhanjun/IdeaProjects/cex-exchange/cex-exchange/internal/websocket/manager.go:208

2025-12-02T08:40:47.960+08:00 [ERRO] 获取最新K线失败: sql: no rows in result set 
Stack:
1.  cex-exchange/internal/websocket.GetPriceChangeData
    /Users/zhanjun/IdeaProjects/cex-exchange/cex-exchange/internal/websocket/data.go:132
2.  cex-exchange/internal/websocket.SendMarketData
    /Users/zhanjun/IdeaProjects/cex-exchange/cex-exchange/internal/websocket/manager.go:208

2025-12-02T08:40:47.971+08:00 [ERRO] 获取最新K线失败: sql: no rows in result set 
Stack:
1.  cex-exchange/internal/websocket.GetPriceChangeData
    /Users/zhanjun/IdeaProjects/cex-exchange/cex-exchange/internal/websocket/data.go:132
2.  cex-exchange/internal/websocket.SendMarketData
    /Users/zhanjun/IdeaProjects/cex-exchange/cex-exchange/internal/websocket/manager.go:208

2025-12-02T08:40:48.860+08:00 [ERRO] 获取24小时成交量失败: element of parameter "pointer" for function Scan should type of struct/*struct/[]struct/[]*struct 
Stack:
1.  cex-exchange/internal/websocket.GetPriceChangeData
    /Users/zhanjun/IdeaProjects/cex-exchange/cex-exchange/internal/websocket/data.go:187
2.  cex-exchange/internal/websocket.SendMarketData
    /Users/zhanjun/IdeaProjects/cex-exchange/cex-exchange/internal/websocket/manager.go:208

2025-12-02T08:40:48.923+08:00 [ERRO] 获取昨日K线失败: sql: no rows in result set 
Stack:
1.  cex-exchange/internal/websocket.GetPriceChangeData
    /Users/zhanjun/IdeaProjects/cex-exchange/cex-exchange/internal/websocket/data.go:149
2.  cex-exchange/internal/websocket.SendMarketData
    /Users/zhanjun/IdeaProjects/cex-exchange/cex-exchange/internal/websocket/manager.go:208

2025-12-02T08:40:48.942+08:00 [ERRO] 获取最新K线失败: sql: no rows in result set 
Stack:
1.  cex-exchange/internal/websocket.GetPriceChangeData
    /Users/zhanjun/IdeaProjects/cex-exchange/cex-exchange/internal/websocket/data.go:132
2.  cex-exchange/internal/websocket.SendMarketData
    /Users/zhanjun/IdeaProjects/cex-exchange/cex-exchange/internal/websocket/manager.go:208

2025-12-02T08:40:49.010+08:00 [ERRO] 获取最新K线失败: sql: no rows in result set 
Stack:
1.  cex-exchange/internal/websocket.GetPriceChangeData
    /Users/zhanjun/IdeaProjects/cex-exchange/cex-exchange/internal/websocket/data.go:132
2.  cex-exchange/internal/websocket.SendMarketData
    /Users/zhanjun/IdeaProjects/cex-exchange/cex-exchange/internal/websocket/manager.go:208

2025-12-02T08:40:49.847+08:00 [ERRO] 获取24小时成交量失败: element of parameter "pointer" for function Scan should type of struct/*struct/[]struct/[]*struct 
Stack:
1.  cex-exchange/internal/websocket.GetPriceChangeData
    /Users/zhanjun/IdeaProjects/cex-exchange/cex-exchange/internal/websocket/data.go:187
2.  cex-exchange/internal/websocket.SendMarketData
    /Users/zhanjun/IdeaProjects/cex-exchange/cex-exchange/internal/websocket/manager.go:208

2025-12-02T08:40:49.916+08:00 [ERRO] 获取最新K线失败: sql: no rows in result set 
Stack:
1.  cex-exchange/internal/websocket.GetPriceChangeData
    /Users/zhanjun/IdeaProjects/cex-exchange/cex-exchange/internal/websocket/data.go:132
2.  cex-exchange/internal/websocket.SendMarketData
    /Users/zhanjun/IdeaProjects/cex-exchange/cex-exchange/internal/websocket/manager.go:208

2025-12-02T08:40:49.937+08:00 [ERRO] 获取昨日K线失败: sql: no rows in result set 
Stack:
1.  cex-exchange/internal/websocket.GetPriceChangeData
    /Users/zhanjun/IdeaProjects/cex-exchange/cex-exchange/internal/websocket/data.go:149
2.  cex-exchange/internal/websocket.SendMarketData
    /Users/zhanjun/IdeaProjects/cex-exchange/cex-exchange/internal/websocket/manager.go:208

2025-12-02T08:40:49.953+08:00 [ERRO] 获取最新K线失败: sql: no rows in result set 
Stack:
1.  cex-exchange/internal/websocket.GetPriceChangeData
    /Users/zhanjun/IdeaProjects/cex-exchange/cex-exchange/internal/websocket/data.go:132
2.  cex-exchange/internal/websocket.SendMarketData
    /Users/zhanjun/IdeaProjects/cex-exchange/cex-exchange/internal/websocket/manager.go:208

2025-12-02T08:40:50.870+08:00 [ERRO] 获取24小时成交量失败: element of parameter "pointer" for function Scan should type of struct/*struct/[]struct/[]*struct 
Stack:
1.  cex-exchange/internal/websocket.GetPriceChangeData
    /Users/zhanjun/IdeaProjects/cex-exchange/cex-exchange/internal/websocket/data.go:187
2.  cex-exchange/internal/websocket.SendMarketData
    /Users/zhanjun/IdeaProjects/cex-exchange/cex-exchange/internal/websocket/manager.go:208

2025-12-02T08:40:50.880+08:00 [ERRO] 获取昨日K线失败: sql: no rows in result set 
Stack:
1.  cex-exchange/internal/websocket.GetPriceChangeData
    /Users/zhanjun/IdeaProjects/cex-exchange/cex-exchange/internal/websocket/data.go:149
2.  cex-exchange/internal/websocket.SendMarketData
    /Users/zhanjun/IdeaProjects/cex-exchange/cex-exchange/internal/websocket/manager.go:208

2025-12-02T08:40:50.925+08:00 [ERRO] 获取最新K线失败: sql: no rows in result set 
Stack:
1.  cex-exchange/internal/websocket.GetPriceChangeData
    /Users/zhanjun/IdeaProjects/cex-exchange/cex-exchange/internal/websocket/data.go:132
2.  cex-exchange/internal/websocket.SendMarketData
    /Users/zhanjun/IdeaProjects/cex-exchange/cex-exchange/internal/websocket/manager.go:208

2025-12-02T08:40:50.945+08:00 [ERRO] 获取最新K线失败: sql: no rows in result set 
Stack:
1.  cex-exchange/internal/websocket.GetPriceChangeData
    /Users/zhanjun/IdeaProjects/cex-exchange/cex-exchange/internal/websocket/data.go:132
2.  cex-exchange/internal/websocket.SendMarketData
    /Users/zhanjun/IdeaProjects/cex-exchange/cex-exchange/internal/websocket/manager.go:208

2025-12-02T08:40:51.544+08:00 [ERRO] 获取24小时成交量失败: element of parameter "pointer" for function Scan should type of struct/*struct/[]struct/[]*struct 
Stack:
1.  cex-exchange/internal/websocket.GetPriceChangeData
    /Users/zhanjun/IdeaProjects/cex-exchange/cex-exchange/internal/websocket/data.go:187
2.  cex-exchange/internal/websocket.SendMarketData
    /Users/zhanjun/IdeaProjects/cex-exchange/cex-exchange/internal/websocket/manager.go:208

2025-12-02T08:40:51.943+08:00 [ERRO] 获取最新K线失败: sql: no rows in result set 
Stack:
1.  cex-exchange/internal/websocket.GetPriceChangeData
    /Users/zhanjun/IdeaProjects/cex-exchange/cex-exchange/internal/websocket/data.go:132
2.  cex-exchange/internal/websocket.SendMarketData
    /Users/zhanjun/IdeaProjects/cex-exchange/cex-exchange/internal/websocket/manager.go:208

2025-12-02T08:40:52.024+08:00 [ERRO] 获取最新K线失败: sql: no rows in result set 
Stack:
1.  cex-exchange/internal/websocket.GetPriceChangeData
    /Users/zhanjun/IdeaProjects/cex-exchange/cex-exchange/internal/websocket/data.go:132
2.  cex-exchange/internal/websocket.SendMarketData
    /Users/zhanjun/IdeaProjects/cex-exchange/cex-exchange/internal/websocket/manager.go:208

2025-12-02T08:40:52.045+08:00 [ERRO] 获取昨日K线失败: sql: no rows in result set 
Stack:
1.  cex-exchange/internal/websocket.GetPriceChangeData
    /Users/zhanjun/IdeaProjects/cex-exchange/cex-exchange/internal/websocket/data.go:149
2.  cex-exchange/internal/websocket.SendMarketData
    /Users/zhanjun/IdeaProjects/cex-exchange/cex-exchange/internal/websocket/manager.go:208

2025-12-02T08:40:52.910+08:00 [ERRO] 获取最新K线失败: sql: no rows in result set 
Stack:
1.  cex-exchange/internal/websocket.GetPriceChangeData
    /Users/zhanjun/IdeaProjects/cex-exchange/cex-exchange/internal/websocket/data.go:132
2.  cex-exchange/internal/websocket.SendMarketData
    /Users/zhanjun/IdeaProjects/cex-exchange/cex-exchange/internal/websocket/manager.go:208

2025-12-02T08:40:52.955+08:00 [ERRO] 获取最新K线失败: sql: no rows in result set 
Stack:
1.  cex-exchange/internal/websocket.GetPriceChangeData
    /Users/zhanjun/IdeaProjects/cex-exchange/cex-exchange/internal/websocket/data.go:132
2.  cex-exchange/internal/websocket.SendMarketData
    /Users/zhanjun/IdeaProjects/cex-exchange/cex-exchange/internal/websocket/manager.go:208

2025-12-02T08:40:53.004+08:00 [ERRO] 获取24小时成交量失败: element of parameter "pointer" for function Scan should type of struct/*struct/[]struct/[]*struct 
Stack:
1.  cex-exchange/internal/websocket.GetPriceChangeData
    /Users/zhanjun/IdeaProjects/cex-exchange/cex-exchange/internal/websocket/data.go:187
2.  cex-exchange/internal/websocket.SendMarketData
    /Users/zhanjun/IdeaProjects/cex-exchange/cex-exchange/internal/websocket/manager.go:208

2025-12-02T08:40:53.034+08:00 [ERRO] 获取昨日K线失败: sql: no rows in result set 
Stack:
1.  cex-exchange/internal/websocket.GetPriceChangeData
    /Users/zhanjun/IdeaProjects/cex-exchange/cex-exchange/internal/websocket/data.go:149
2.  cex-exchange/internal/websocket.SendMarketData
    /Users/zhanjun/IdeaProjects/cex-exchange/cex-exchange/internal/websocket/manager.go:208

2025-12-02T08:40:53.881+08:00 [ERRO] 获取最新K线失败: sql: no rows in result set 
Stack:
1.  cex-exchange/internal/websocket.GetPriceChangeData
    /Users/zhanjun/IdeaProjects/cex-exchange/cex-exchange/internal/websocket/data.go:132
2.  cex-exchange/internal/websocket.SendMarketData
    /Users/zhanjun/IdeaProjects/cex-exchange/cex-exchange/internal/websocket/manager.go:208

2025-12-02T08:40:53.907+08:00 [ERRO] 获取昨日K线失败: sql: no rows in result set 
Stack:
1.  cex-exchange/internal/websocket.GetPriceChangeData
    /Users/zhanjun/IdeaProjects/cex-exchange/cex-exchange/internal/websocket/data.go:149
2.  cex-exchange/internal/websocket.SendMarketData
    /Users/zhanjun/IdeaProjects/cex-exchange/cex-exchange/internal/websocket/manager.go:208

2025-12-02T08:40:53.915+08:00 [ERRO] 获取最新K线失败: sql: no rows in result set 
Stack:
1.  cex-exchange/internal/websocket.GetPriceChangeData
    /Users/zhanjun/IdeaProjects/cex-exchange/cex-exchange/internal/websocket/data.go:132
2.  cex-exchange/internal/websocket.SendMarketData
    /Users/zhanjun/IdeaProjects/cex-exchange/cex-exchange/internal/websocket/manager.go:208

2025-12-02T08:40:53.990+08:00 [ERRO] 获取24小时成交量失败: element of parameter "pointer" for function Scan should type of struct/*struct/[]struct/[]*struct 
Stack:
1.  cex-exchange/internal/websocket.GetPriceChangeData
    /Users/zhanjun/IdeaProjects/cex-exchange/cex-exchange/internal/websocket/data.go:187
2.  cex-exchange/internal/websocket.SendMarketData
    /Users/zhanjun/IdeaProjects/cex-exchange/cex-exchange/internal/websocket/manager.go:208

2025-12-02T08:40:54.832+08:00 [ERRO] 获取昨日K线失败: sql: no rows in result set 
Stack:
1.  cex-exchange/internal/websocket.GetPriceChangeData
    /Users/zhanjun/IdeaProjects/cex-exchange/cex-exchange/internal/websocket/data.go:149
2.  cex-exchange/internal/websocket.SendMarketData
    /Users/zhanjun/IdeaProjects/cex-exchange/cex-exchange/internal/websocket/manager.go:208

2025-12-02T08:40:54.846+08:00 [ERRO] 获取24小时成交量失败: element of parameter "pointer" for function Scan should type of struct/*struct/[]struct/[]*struct 
Stack:
1.  cex-exchange/internal/websocket.GetPriceChangeData
    /Users/zhanjun/IdeaProjects/cex-exchange/cex-exchange/internal/websocket/data.go:187
2.  cex-exchange/internal/websocket.SendMarketData
    /Users/zhanjun/IdeaProjects/cex-exchange/cex-exchange/internal/websocket/manager.go:208

2025-12-02T08:40:54.928+08:00 [ERRO] 获取最新K线失败: sql: no rows in result set 
Stack:
1.  cex-exchange/internal/websocket.GetPriceChangeData
    /Users/zhanjun/IdeaProjects/cex-exchange/cex-exchange/internal/websocket/data.go:132
2.  cex-exchange/internal/websocket.SendMarketData
    /Users/zhanjun/IdeaProjects/cex-exchange/cex-exchange/internal/websocket/manager.go:208

2025-12-02T08:40:54.941+08:00 [ERRO] 获取最新K线失败: sql: no rows in result set 
Stack:
1.  cex-exchange/internal/websocket.GetPriceChangeData
    /Users/zhanjun/IdeaProjects/cex-exchange/cex-exchange/internal/websocket/data.go:132
2.  cex-exchange/internal/websocket.SendMarketData
    /Users/zhanjun/IdeaProjects/cex-exchange/cex-exchange/internal/websocket/manager.go:208

2025-12-02T08:40:55.784+08:00 [ERRO] 获取24小时成交量失败: element of parameter "pointer" for function Scan should type of struct/*struct/[]struct/[]*struct 
Stack:
1.  cex-exchange/internal/websocket.GetPriceChangeData
    /Users/zhanjun/IdeaProjects/cex-exchange/cex-exchange/internal/websocket/data.go:187
2.  cex-exchange/internal/websocket.SendMarketData
    /Users/zhanjun/IdeaProjects/cex-exchange/cex-exchange/internal/websocket/manager.go:208

2025-12-02T08:40:55.930+08:00 [ERRO] 获取昨日K线失败: sql: no rows in result set 
Stack:
1.  cex-exchange/internal/websocket.GetPriceChangeData
    /Users/zhanjun/IdeaProjects/cex-exchange/cex-exchange/internal/websocket/data.go:149
2.  cex-exchange/internal/websocket.SendMarketData
    /Users/zhanjun/IdeaProjects/cex-exchange/cex-exchange/internal/websocket/manager.go:208

2025-12-02T08:40:55.939+08:00 [ERRO] 获取最新K线失败: sql: no rows in result set 
Stack:
1.  cex-exchange/internal/websocket.GetPriceChangeData
    /Users/zhanjun/IdeaProjects/cex-exchange/cex-exchange/internal/websocket/data.go:132
2.  cex-exchange/internal/websocket.SendMarketData
    /Users/zhanjun/IdeaProjects/cex-exchange/cex-exchange/internal/websocket/manager.go:208

2025-12-02T08:40:55.940+08:00 [ERRO] 获取最新K线失败: sql: no rows in result set 
Stack:
1.  cex-exchange/internal/websocket.GetPriceChangeData
    /Users/zhanjun/IdeaProjects/cex-exchange/cex-exchange/internal/websocket/data.go:132
2.  cex-exchange/internal/websocket.SendMarketData
    /Users/zhanjun/IdeaProjects/cex-exchange/cex-exchange/internal/websocket/manager.go:208

2025-12-02T08:40:56.881+08:00 [ERRO] 获取24小时成交量失败: element of parameter "pointer" for function Scan should type of struct/*struct/[]struct/[]*struct 
Stack:
1.  cex-exchange/internal/websocket.GetPriceChangeData
    /Users/zhanjun/IdeaProjects/cex-exchange/cex-exchange/internal/websocket/data.go:187
2.  cex-exchange/internal/websocket.SendMarketData
    /Users/zhanjun/IdeaProjects/cex-exchange/cex-exchange/internal/websocket/manager.go:208

2025-12-02T08:40:56.887+08:00 [ERRO] 获取昨日K线失败: sql: no rows in result set 
Stack:
1.  cex-exchange/internal/websocket.GetPriceChangeData
    /Users/zhanjun/IdeaProjects/cex-exchange/cex-exchange/internal/websocket/data.go:149
2.  cex-exchange/internal/websocket.SendMarketData
    /Users/zhanjun/IdeaProjects/cex-exchange/cex-exchange/internal/websocket/manager.go:208

2025-12-02T08:40:56.933+08:00 [ERRO] 获取最新K线失败: sql: no rows in result set 
Stack:
1.  cex-exchange/internal/websocket.GetPriceChangeData
    /Users/zhanjun/IdeaProjects/cex-exchange/cex-exchange/internal/websocket/data.go:132
2.  cex-exchange/internal/websocket.SendMarketData
    /Users/zhanjun/IdeaProjects/cex-exchange/cex-exchange/internal/websocket/manager.go:208

2025-12-02T08:40:57.076+08:00 [ERRO] 获取最新K线失败: sql: no rows in result set 
Stack:
1.  cex-exchange/internal/websocket.GetPriceChangeData
    /Users/zhanjun/IdeaProjects/cex-exchange/cex-exchange/internal/websocket/data.go:132
2.  cex-exchange/internal/websocket.SendMarketData
    /Users/zhanjun/IdeaProjects/cex-exchange/cex-exchange/internal/websocket/manager.go:208

2025-12-02T08:40:57.826+08:00 [ERRO] 获取24小时成交量失败: element of parameter "pointer" for function Scan should type of struct/*struct/[]struct/[]*struct 
Stack:
1.  cex-exchange/internal/websocket.GetPriceChangeData
    /Users/zhanjun/IdeaProjects/cex-exchange/cex-exchange/internal/websocket/data.go:187
2.  cex-exchange/internal/websocket.SendMarketData
    /Users/zhanjun/IdeaProjects/cex-exchange/cex-exchange/internal/websocket/manager.go:208

2025-12-02T08:40:57.953+08:00 [ERRO] 获取昨日K线失败: sql: no rows in result set 
Stack:
1.  cex-exchange/internal/websocket.GetPriceChangeData
    /Users/zhanjun/IdeaProjects/cex-exchange/cex-exchange/internal/websocket/data.go:149
2.  cex-exchange/internal/websocket.SendMarketData
    /Users/zhanjun/IdeaProjects/cex-exchange/cex-exchange/internal/websocket/manager.go:208

2025-12-02T08:40:57.955+08:00 [ERRO] 获取最新K线失败: sql: no rows in result set 
Stack:
1.  cex-exchange/internal/websocket.GetPriceChangeData
    /Users/zhanjun/IdeaProjects/cex-exchange/cex-exchange/internal/websocket/data.go:132
2.  cex-exchange/internal/websocket.SendMarketData
    /Users/zhanjun/IdeaProjects/cex-exchange/cex-exchange/internal/websocket/manager.go:208

2025-12-02T08:40:58.071+08:00 [ERRO] 获取最新K线失败: sql: no rows in result set 
Stack:
1.  cex-exchange/internal/websocket.GetPriceChangeData
    /Users/zhanjun/IdeaProjects/cex-exchange/cex-exchange/internal/websocket/data.go:132
2.  cex-exchange/internal/websocket.SendMarketData
    /Users/zhanjun/IdeaProjects/cex-exchange/cex-exchange/internal/websocket/manager.go:208

2025-12-02T08:40:58.596+08:00 [ERRO] 获取昨日K线失败: sql: no rows in result set 
Stack:
1.  cex-exchange/internal/websocket.GetPriceChangeData
    /Users/zhanjun/IdeaProjects/cex-exchange/cex-exchange/internal/websocket/data.go:149
2.  cex-exchange/internal/websocket.SendMarketData
    /Users/zhanjun/IdeaProjects/cex-exchange/cex-exchange/internal/websocket/manager.go:208

2025-12-02T08:40:58.910+08:00 [ERRO] 获取24小时成交量失败: element of parameter "pointer" for function Scan should type of struct/*struct/[]struct/[]*struct 
Stack:
1.  cex-exchange/internal/websocket.GetPriceChangeData
    /Users/zhanjun/IdeaProjects/cex-exchange/cex-exchange/internal/websocket/data.go:187
2.  cex-exchange/internal/websocket.SendMarketData
    /Users/zhanjun/IdeaProjects/cex-exchange/cex-exchange/internal/websocket/manager.go:208

2025-12-02T08:40:58.939+08:00 [ERRO] 获取最新K线失败: sql: no rows in result set 
Stack:
1.  cex-exchange/internal/websocket.GetPriceChangeData
    /Users/zhanjun/IdeaProjects/cex-exchange/cex-exchange/internal/websocket/data.go:132
2.  cex-exchange/internal/websocket.SendMarketData
    /Users/zhanjun/IdeaProjects/cex-exchange/cex-exchange/internal/websocket/manager.go:208

2025-12-02T08:40:58.972+08:00 [ERRO] 获取最新K线失败: sql: no rows in result set 
Stack:
1.  cex-exchange/internal/websocket.GetPriceChangeData
    /Users/zhanjun/IdeaProjects/cex-exchange/cex-exchange/internal/websocket/data.go:132
2.  cex-exchange/internal/websocket.SendMarketData
    /Users/zhanjun/IdeaProjects/cex-exchange/cex-exchange/internal/websocket/manager.go:208

2025-12-02T08:40:59.537+08:00 [ERRO] 获取24小时成交量失败: element of parameter "pointer" for function Scan should type of struct/*struct/[]struct/[]*struct 
Stack:
1.  cex-exchange/internal/websocket.GetPriceChangeData
    /Users/zhanjun/IdeaProjects/cex-exchange/cex-exchange/internal/websocket/data.go:187
2.  cex-exchange/internal/websocket.SendMarketData
    /Users/zhanjun/IdeaProjects/cex-exchange/cex-exchange/internal/websocket/manager.go:208

2025-12-02T08:40:59.890+08:00 [ERRO] 获取昨日K线失败: sql: no rows in result set 
Stack:
1.  cex-exchange/internal/websocket.GetPriceChangeData
    /Users/zhanjun/IdeaProjects/cex-exchange/cex-exchange/internal/websocket/data.go:149
2.  cex-exchange/internal/websocket.SendMarketData
    /Users/zhanjun/IdeaProjects/cex-exchange/cex-exchange/internal/websocket/manager.go:208

2025-12-02T08:40:59.938+08:00 [ERRO] 获取最新K线失败: sql: no rows in result set 
Stack:
1.  cex-exchange/internal/websocket.GetPriceChangeData
    /Users/zhanjun/IdeaProjects/cex-exchange/cex-exchange/internal/websocket/data.go:132
2.  cex-exchange/internal/websocket.SendMarketData
    /Users/zhanjun/IdeaProjects/cex-exchange/cex-exchange/internal/websocket/manager.go:208

2025-12-02T08:41:00.010+08:00 [ERRO] 获取最新K线失败: sql: no rows in result set 
Stack:
1.  cex-exchange/internal/websocket.GetPriceChangeData
    /Users/zhanjun/IdeaProjects/cex-exchange/cex-exchange/internal/websocket/data.go:132
2.  cex-exchange/internal/websocket.SendMarketData
    /Users/zhanjun/IdeaProjects/cex-exchange/cex-exchange/internal/websocket/manager.go:208

2025-12-02T08:41:00.227+08:00 [ERRO] 获取昨日K线失败: sql: no rows in result set 
Stack:
1.  cex-exchange/internal/websocket.GetPriceChangeData
    /Users/zhanjun/IdeaProjects/cex-exchange/cex-exchange/internal/websocket/data.go:149
2.  cex-exchange/internal/websocket.SendMarketData
    /Users/zhanjun/IdeaProjects/cex-exchange/cex-exchange/internal/websocket/manager.go:208

2025-12-02T08:41:00.824+08:00 [ERRO] 获取24小时成交量失败: element of parameter "pointer" for function Scan should type of struct/*struct/[]struct/[]*struct 
Stack:
1.  cex-exchange/internal/websocket.GetPriceChangeData
    /Users/zhanjun/IdeaProjects/cex-exchange/cex-exchange/internal/websocket/data.go:187
2.  cex-exchange/internal/websocket.SendMarketData
    /Users/zhanjun/IdeaProjects/cex-exchange/cex-exchange/internal/websocket/manager.go:208

2025-12-02T08:41:00.871+08:00 [ERRO] 获取昨日K线失败: sql: no rows in result set 
Stack:
1.  cex-exchange/internal/websocket.GetPriceChangeData
    /Users/zhanjun/IdeaProjects/cex-exchange/cex-exchange/internal/websocket/data.go:149
2.  cex-exchange/internal/websocket.SendMarketData
    /Users/zhanjun/IdeaProjects/cex-exchange/cex-exchange/internal/websocket/manager.go:208

2025-12-02T08:41:00.955+08:00 [ERRO] 获取最新K线失败: sql: no rows in result set 
Stack:
1.  cex-exchange/internal/websocket.GetPriceChangeData
    /Users/zhanjun/IdeaProjects/cex-exchange/cex-exchange/internal/websocket/data.go:132
2.  cex-exchange/internal/websocket.SendMarketData
    /Users/zhanjun/IdeaProjects/cex-exchange/cex-exchange/internal/websocket/manager.go:208

2025-12-02T08:41:01.075+08:00 [ERRO] 获取最新K线失败: sql: no rows in result set 
Stack:
1.  cex-exchange/internal/websocket.GetPriceChangeData
    /Users/zhanjun/IdeaProjects/cex-exchange/cex-exchange/internal/websocket/data.go:132
2.  cex-exchange/internal/websocket.SendMarketData
    /Users/zhanjun/IdeaProjects/cex-exchange/cex-exchange/internal/websocket/manager.go:208

2025-12-02T08:41:01.171+08:00 [ERRO] 获取24小时成交量失败: element of parameter "pointer" for function Scan should type of struct/*struct/[]struct/[]*struct 
Stack:
1.  cex-exchange/internal/websocket.GetPriceChangeData
    /Users/zhanjun/IdeaProjects/cex-exchange/cex-exchange/internal/websocket/data.go:187
2.  cex-exchange/internal/websocket.SendMarketData
    /Users/zhanjun/IdeaProjects/cex-exchange/cex-exchange/internal/websocket/manager.go:208

2025-12-02T08:41:01.801+08:00 [ERRO] 获取24小时成交量失败: element of parameter "pointer" for function Scan should type of struct/*struct/[]struct/[]*struct 
Stack:
1.  cex-exchange/internal/websocket.GetPriceChangeData
    /Users/zhanjun/IdeaProjects/cex-exchange/cex-exchange/internal/websocket/data.go:187
2.  cex-exchange/internal/websocket.SendMarketData
    /Users/zhanjun/IdeaProjects/cex-exchange/cex-exchange/internal/websocket/manager.go:208

2025-12-02T08:41:01.876+08:00 [ERRO] 获取最新K线失败: sql: no rows in result set 
Stack:
1.  cex-exchange/internal/websocket.GetPriceChangeData
    /Users/zhanjun/IdeaProjects/cex-exchange/cex-exchange/internal/websocket/data.go:132
2.  cex-exchange/internal/websocket.SendMarketData
    /Users/zhanjun/IdeaProjects/cex-exchange/cex-exchange/internal/websocket/manager.go:208

2025-12-02T08:41:01.934+08:00 [ERRO] 获取昨日K线失败: sql: no rows in result set 
Stack:
1.  cex-exchange/internal/websocket.GetPriceChangeData
    /Users/zhanjun/IdeaProjects/cex-exchange/cex-exchange/internal/websocket/data.go:149
2.  cex-exchange/internal/websocket.SendMarketData
    /Users/zhanjun/IdeaProjects/cex-exchange/cex-exchange/internal/websocket/manager.go:208

2025-12-02T08:41:02.036+08:00 [ERRO] 获取最新K线失败: sql: no rows in result set 
Stack:
1.  cex-exchange/internal/websocket.GetPriceChangeData
    /Users/zhanjun/IdeaProjects/cex-exchange/cex-exchange/internal/websocket/data.go:132
2.  cex-exchange/internal/websocket.SendMarketData
    /Users/zhanjun/IdeaProjects/cex-exchange/cex-exchange/internal/websocket/manager.go:208

2025-12-02T08:41:02.860+08:00 [ERRO] 获取昨日K线失败: sql: no rows in result set 
Stack:
1.  cex-exchange/internal/websocket.GetPriceChangeData
    /Users/zhanjun/IdeaProjects/cex-exchange/cex-exchange/internal/websocket/data.go:149
2.  cex-exchange/internal/websocket.SendMarketData
    /Users/zhanjun/IdeaProjects/cex-exchange/cex-exchange/internal/websocket/manager.go:208

2025-12-02T08:41:02.872+08:00 [ERRO] 获取24小时成交量失败: element of parameter "pointer" for function Scan should type of struct/*struct/[]struct/[]*struct 
Stack:
1.  cex-exchange/internal/websocket.GetPriceChangeData
    /Users/zhanjun/IdeaProjects/cex-exchange/cex-exchange/internal/websocket/data.go:187
2.  cex-exchange/internal/websocket.SendMarketData
    /Users/zhanjun/IdeaProjects/cex-exchange/cex-exchange/internal/websocket/manager.go:208

2025-12-02T08:41:02.913+08:00 [ERRO] 获取最新K线失败: sql: no rows in result set 
Stack:
1.  cex-exchange/internal/websocket.GetPriceChangeData
    /Users/zhanjun/IdeaProjects/cex-exchange/cex-exchange/internal/websocket/data.go:132
2.  cex-exchange/internal/websocket.SendMarketData
    /Users/zhanjun/IdeaProjects/cex-exchange/cex-exchange/internal/websocket/manager.go:208

2025-12-02T08:41:02.951+08:00 [ERRO] 获取最新K线失败: sql: no rows in result set 
Stack:
1.  cex-exchange/internal/websocket.GetPriceChangeData
    /Users/zhanjun/IdeaProjects/cex-exchange/cex-exchange/internal/websocket/data.go:132
2.  cex-exchange/internal/websocket.SendMarketData
    /Users/zhanjun/IdeaProjects/cex-exchange/cex-exchange/internal/websocket/manager.go:208

2025-12-02T08:41:03.790+08:00 [ERRO] 获取24小时成交量失败: element of parameter "pointer" for function Scan should type of struct/*struct/[]struct/[]*struct 
Stack:
1.  cex-exchange/internal/websocket.GetPriceChangeData
    /Users/zhanjun/IdeaProjects/cex-exchange/cex-exchange/internal/websocket/data.go:187
2.  cex-exchange/internal/websocket.SendMarketData
    /Users/zhanjun/IdeaProjects/cex-exchange/cex-exchange/internal/websocket/manager.go:208

2025-12-02T08:41:04.757+08:00 [ERRO] 获取昨日K线失败: sql: no rows in result set 
Stack:
1.  cex-exchange/internal/websocket.GetPriceChangeData
    /Users/zhanjun/IdeaProjects/cex-exchange/cex-exchange/internal/websocket/data.go:149
2.  cex-exchange/internal/websocket.SendMarketData
    /Users/zhanjun/IdeaProjects/cex-exchange/cex-exchange/internal/websocket/manager.go:208

2025-12-02T08:41:05.654+08:00 [ERRO] 获取昨日K线失败: sql: no rows in result set 
Stack:
1.  cex-exchange/internal/websocket.GetPriceChangeData
    /Users/zhanjun/IdeaProjects/cex-exchange/cex-exchange/internal/websocket/data.go:149
2.  cex-exchange/internal/websocket.SendMarketData
    /Users/zhanjun/IdeaProjects/cex-exchange/cex-exchange/internal/websocket/manager.go:208

2025-12-02T08:41:05.999+08:00 [ERRO] 获取昨日K线失败: sql: no rows in result set 
Stack:
1.  cex-exchange/internal/websocket.GetPriceChangeData
    /Users/zhanjun/IdeaProjects/cex-exchange/cex-exchange/internal/websocket/data.go:149
2.  cex-exchange/internal/websocket.SendMarketData
    /Users/zhanjun/IdeaProjects/cex-exchange/cex-exchange/internal/websocket/manager.go:208

2025-12-02T08:41:06.387+08:00 [ERRO] 获取最新K线失败: sql: no rows in result set 
Stack:
1.  cex-exchange/internal/websocket.GetPriceChangeData
    /Users/zhanjun/IdeaProjects/cex-exchange/cex-exchange/internal/websocket/data.go:132
2.  cex-exchange/internal/websocket.SendMarketData
    /Users/zhanjun/IdeaProjects/cex-exchange/cex-exchange/internal/websocket/manager.go:208

2025-12-02T08:41:06.592+08:00 [ERRO] 获取24小时成交量失败: element of parameter "pointer" for function Scan should type of struct/*struct/[]struct/[]*struct 
Stack:
1.  cex-exchange/internal/websocket.GetPriceChangeData
    /Users/zhanjun/IdeaProjects/cex-exchange/cex-exchange/internal/websocket/data.go:187
2.  cex-exchange/internal/websocket.SendMarketData
    /Users/zhanjun/IdeaProjects/cex-exchange/cex-exchange/internal/websocket/manager.go:208

2025-12-02T08:41:06.663+08:00 [ERRO] 获取最新K线失败: sql: no rows in result set 
Stack:
1.  cex-exchange/internal/websocket.GetPriceChangeData
    /Users/zhanjun/IdeaProjects/cex-exchange/cex-exchange/internal/websocket/data.go:132
2.  cex-exchange/internal/websocket.SendMarketData
    /Users/zhanjun/IdeaProjects/cex-exchange/cex-exchange/internal/websocket/manager.go:208

2025-12-02T08:41:06.673+08:00 [ERRO] 获取昨日K线失败: sql: no rows in result set 
Stack:
1.  cex-exchange/internal/websocket.GetPriceChangeData
    /Users/zhanjun/IdeaProjects/cex-exchange/cex-exchange/internal/websocket/data.go:149
2.  cex-exchange/internal/websocket.SendMarketData
    /Users/zhanjun/IdeaProjects/cex-exchange/cex-exchange/internal/websocket/manager.go:208

2025-12-02T08:41:06.929+08:00 [ERRO] 获取24小时成交量失败: element of parameter "pointer" for function Scan should type of struct/*struct/[]struct/[]*struct 
Stack:
1.  cex-exchange/internal/websocket.GetPriceChangeData
    /Users/zhanjun/IdeaProjects/cex-exchange/cex-exchange/internal/websocket/data.go:187
2.  cex-exchange/internal/websocket.SendMarketData
    /Users/zhanjun/IdeaProjects/cex-exchange/cex-exchange/internal/websocket/manager.go:208

2025-12-02T08:41:07.356+08:00 [ERRO] 获取最新K线失败: sql: no rows in result set 
Stack:
1.  cex-exchange/internal/websocket.GetPriceChangeData
    /Users/zhanjun/IdeaProjects/cex-exchange/cex-exchange/internal/websocket/data.go:132
2.  cex-exchange/internal/websocket.SendMarketData
    /Users/zhanjun/IdeaProjects/cex-exchange/cex-exchange/internal/websocket/manager.go:208

2025-12-02T08:41:07.439+08:00 [ERRO] 获取最新K线失败: sql: no rows in result set 
Stack:
1.  cex-exchange/internal/websocket.GetPriceChangeData
    /Users/zhanjun/IdeaProjects/cex-exchange/cex-exchange/internal/websocket/data.go:132
2.  cex-exchange/internal/websocket.SendMarketData
    /Users/zhanjun/IdeaProjects/cex-exchange/cex-exchange/internal/websocket/manager.go:208

2025-12-02T08:41:07.642+08:00 [ERRO] 获取24小时成交量失败: element of parameter "pointer" for function Scan should type of struct/*struct/[]struct/[]*struct 
Stack:
1.  cex-exchange/internal/websocket.GetPriceChangeData
    /Users/zhanjun/IdeaProjects/cex-exchange/cex-exchange/internal/websocket/data.go:187
2.  cex-exchange/internal/websocket.SendMarketData
    /Users/zhanjun/IdeaProjects/cex-exchange/cex-exchange/internal/websocket/manager.go:208

2025-12-02T08:41:07.906+08:00 [ERRO] 获取24小时成交量失败: element of parameter "pointer" for function Scan should type of struct/*struct/[]struct/[]*struct 
Stack:
1.  cex-exchange/internal/websocket.GetPriceChangeData
    /Users/zhanjun/IdeaProjects/cex-exchange/cex-exchange/internal/websocket/data.go:187
2.  cex-exchange/internal/websocket.SendMarketData
    /Users/zhanjun/IdeaProjects/cex-exchange/cex-exchange/internal/websocket/manager.go:208

2025-12-02T08:41:08.165+08:00 [ERRO] 获取最新K线失败: sql: no rows in result set 
Stack:
1.  cex-exchange/internal/websocket.GetPriceChangeData
    /Users/zhanjun/IdeaProjects/cex-exchange/cex-exchange/internal/websocket/data.go:132
2.  cex-exchange/internal/websocket.SendMarketData
    /Users/zhanjun/IdeaProjects/cex-exchange/cex-exchange/internal/websocket/manager.go:208

2025-12-02T08:41:08.478+08:00 [ERRO] 获取最新K线失败: sql: no rows in result set 
Stack:
1.  cex-exchange/internal/websocket.GetPriceChangeData
    /Users/zhanjun/IdeaProjects/cex-exchange/cex-exchange/internal/websocket/data.go:132
2.  cex-exchange/internal/websocket.SendMarketData
    /Users/zhanjun/IdeaProjects/cex-exchange/cex-exchange/internal/websocket/manager.go:208

2025-12-02T08:41:09.471+08:00 [ERRO] 获取最新K线失败: sql: no rows in result set 
Stack:
1.  cex-exchange/internal/websocket.GetPriceChangeData
    /Users/zhanjun/IdeaProjects/cex-exchange/cex-exchange/internal/websocket/data.go:132
2.  cex-exchange/internal/websocket.SendMarketData
    /Users/zhanjun/IdeaProjects/cex-exchange/cex-exchange/internal/websocket/manager.go:208

2025-12-02T08:41:09.507+08:00 [ERRO] 获取最新K线失败: sql: no rows in result set 
Stack:
1.  cex-exchange/internal/websocket.GetPriceChangeData
    /Users/zhanjun/IdeaProjects/cex-exchange/cex-exchange/internal/websocket/data.go:132
2.  cex-exchange/internal/websocket.SendMarketData
    /Users/zhanjun/IdeaProjects/cex-exchange/cex-exchange/internal/websocket/manager.go:208

2025-12-02T08:41:10.257+08:00 [ERRO] 获取昨日K线失败: sql: no rows in result set 
Stack:
1.  cex-exchange/internal/websocket.GetPriceChangeData
    /Users/zhanjun/IdeaProjects/cex-exchange/cex-exchange/internal/websocket/data.go:149
2.  cex-exchange/internal/websocket.SendMarketData
    /Users/zhanjun/IdeaProjects/cex-exchange/cex-exchange/internal/websocket/manager.go:208

2025-12-02T08:41:10.316+08:00 [ERRO] 获取最新K线失败: sql: no rows in result set 
Stack:
1.  cex-exchange/internal/websocket.GetPriceChangeData
    /Users/zhanjun/IdeaProjects/cex-exchange/cex-exchange/internal/websocket/data.go:132
2.  cex-exchange/internal/websocket.SendMarketData
    /Users/zhanjun/IdeaProjects/cex-exchange/cex-exchange/internal/websocket/manager.go:208

2025-12-02T08:41:10.482+08:00 [ERRO] 获取最新K线失败: sql: no rows in result set 
Stack:
1.  cex-exchange/internal/websocket.GetPriceChangeData
    /Users/zhanjun/IdeaProjects/cex-exchange/cex-exchange/internal/websocket/data.go:132
2.  cex-exchange/internal/websocket.SendMarketData
    /Users/zhanjun/IdeaProjects/cex-exchange/cex-exchange/internal/websocket/manager.go:208

2025-12-02T08:41:10.945+08:00 [ERRO] 获取最新K线失败: sql: no rows in result set 
Stack:
1.  cex-exchange/internal/websocket.GetPriceChangeData
    /Users/zhanjun/IdeaProjects/cex-exchange/cex-exchange/internal/websocket/data.go:132
2.  cex-exchange/internal/websocket.SendMarketData
    /Users/zhanjun/IdeaProjects/cex-exchange/cex-exchange/internal/websocket/manager.go:208

2025-12-02T08:41:11.077+08:00 [ERRO] 获取昨日K线失败: sql: no rows in result set 
Stack:
1.  cex-exchange/internal/websocket.GetPriceChangeData
    /Users/zhanjun/IdeaProjects/cex-exchange/cex-exchange/internal/websocket/data.go:149
2.  cex-exchange/internal/websocket.SendMarketData
    /Users/zhanjun/IdeaProjects/cex-exchange/cex-exchange/internal/websocket/manager.go:208

2025-12-02T08:41:11.165+08:00 [ERRO] 获取最新K线失败: sql: no rows in result set 
Stack:
1.  cex-exchange/internal/websocket.GetPriceChangeData
    /Users/zhanjun/IdeaProjects/cex-exchange/cex-exchange/internal/websocket/data.go:132
2.  cex-exchange/internal/websocket.SendMarketData
    /Users/zhanjun/IdeaProjects/cex-exchange/cex-exchange/internal/websocket/manager.go:208

2025-12-02T08:41:11.205+08:00 [ERRO] 获取24小时成交量失败: element of parameter "pointer" for function Scan should type of struct/*struct/[]struct/[]*struct 
Stack:
1.  cex-exchange/internal/websocket.GetPriceChangeData
    /Users/zhanjun/IdeaProjects/cex-exchange/cex-exchange/internal/websocket/data.go:187
2.  cex-exchange/internal/websocket.SendMarketData
    /Users/zhanjun/IdeaProjects/cex-exchange/cex-exchange/internal/websocket/manager.go:208

2025-12-02T08:41:11.333+08:00 [ERRO] 获取昨日K线失败: sql: no rows in result set 
Stack:
1.  cex-exchange/internal/websocket.GetPriceChangeData
    /Users/zhanjun/IdeaProjects/cex-exchange/cex-exchange/internal/websocket/data.go:149
2.  cex-exchange/internal/websocket.SendMarketData
    /Users/zhanjun/IdeaProjects/cex-exchange/cex-exchange/internal/websocket/manager.go:208

2025-12-02T08:41:11.495+08:00 [ERRO] 获取最新K线失败: sql: no rows in result set 
Stack:
1.  cex-exchange/internal/websocket.GetPriceChangeData
    /Users/zhanjun/IdeaProjects/cex-exchange/cex-exchange/internal/websocket/data.go:132
2.  cex-exchange/internal/websocket.SendMarketData
    /Users/zhanjun/IdeaProjects/cex-exchange/cex-exchange/internal/websocket/manager.go:208

2025-12-02T08:41:11.550+08:00 [ERRO] 获取最新K线失败: sql: no rows in result set 
Stack:
1.  cex-exchange/internal/websocket.GetPriceChangeData
    /Users/zhanjun/IdeaProjects/cex-exchange/cex-exchange/internal/websocket/data.go:132
2.  cex-exchange/internal/websocket.SendMarketData
    /Users/zhanjun/IdeaProjects/cex-exchange/cex-exchange/internal/websocket/manager.go:208

2025-12-02T08:41:11.938+08:00 [ERRO] 获取最新K线失败: sql: no rows in result set 
Stack:
1.  cex-exchange/internal/websocket.GetPriceChangeData
    /Users/zhanjun/IdeaProjects/cex-exchange/cex-exchange/internal/websocket/data.go:132
2.  cex-exchange/internal/websocket.SendMarketData
    /Users/zhanjun/IdeaProjects/cex-exchange/cex-exchange/internal/websocket/manager.go:208

2025-12-02T08:41:11.969+08:00 [ERRO] 获取昨日K线失败: sql: no rows in result set 
Stack:
1.  cex-exchange/internal/websocket.GetPriceChangeData
    /Users/zhanjun/IdeaProjects/cex-exchange/cex-exchange/internal/websocket/data.go:149
2.  cex-exchange/internal/websocket.SendMarketData
    /Users/zhanjun/IdeaProjects/cex-exchange/cex-exchange/internal/websocket/manager.go:208

2025-12-02T08:41:12.014+08:00 [ERRO] 获取24小时成交量失败: element of parameter "pointer" for function Scan should type of struct/*struct/[]struct/[]*struct 
Stack:
1.  cex-exchange/internal/websocket.GetPriceChangeData
    /Users/zhanjun/IdeaProjects/cex-exchange/cex-exchange/internal/websocket/data.go:187
2.  cex-exchange/internal/websocket.SendMarketData
    /Users/zhanjun/IdeaProjects/cex-exchange/cex-exchange/internal/websocket/manager.go:208

2025-12-02T08:41:12.261+08:00 [ERRO] 获取24小时成交量失败: element of parameter "pointer" for function Scan should type of struct/*struct/[]struct/[]*struct 
Stack:
1.  cex-exchange/internal/websocket.GetPriceChangeData
    /Users/zhanjun/IdeaProjects/cex-exchange/cex-exchange/internal/websocket/data.go:187
2.  cex-exchange/internal/websocket.SendMarketData
    /Users/zhanjun/IdeaProjects/cex-exchange/cex-exchange/internal/websocket/manager.go:208

2025-12-02T08:41:12.309+08:00 [ERRO] 获取最新K线失败: sql: no rows in result set 
Stack:
1.  cex-exchange/internal/websocket.GetPriceChangeData
    /Users/zhanjun/IdeaProjects/cex-exchange/cex-exchange/internal/websocket/data.go:132
2.  cex-exchange/internal/websocket.SendMarketData
    /Users/zhanjun/IdeaProjects/cex-exchange/cex-exchange/internal/websocket/manager.go:208

2025-12-02T08:41:12.388+08:00 [ERRO] 获取昨日K线失败: sql: no rows in result set 
Stack:
1.  cex-exchange/internal/websocket.GetPriceChangeData
    /Users/zhanjun/IdeaProjects/cex-exchange/cex-exchange/internal/websocket/data.go:149
2.  cex-exchange/internal/websocket.SendMarketData
    /Users/zhanjun/IdeaProjects/cex-exchange/cex-exchange/internal/websocket/manager.go:208

2025-12-02T08:41:12.420+08:00 [ERRO] 获取最新K线失败: sql: no rows in result set 
Stack:
1.  cex-exchange/internal/websocket.GetPriceChangeData
    /Users/zhanjun/IdeaProjects/cex-exchange/cex-exchange/internal/websocket/data.go:132
2.  cex-exchange/internal/websocket.SendMarketData
    /Users/zhanjun/IdeaProjects/cex-exchange/cex-exchange/internal/websocket/manager.go:208

2025-12-02T08:41:12.429+08:00 [ERRO] 获取最新K线失败: sql: no rows in result set 
Stack:
1.  cex-exchange/internal/websocket.GetPriceChangeData
    /Users/zhanjun/IdeaProjects/cex-exchange/cex-exchange/internal/websocket/data.go:132
2.  cex-exchange/internal/websocket.SendMarketData
    /Users/zhanjun/IdeaProjects/cex-exchange/cex-exchange/internal/websocket/manager.go:208

2025-12-02T08:41:12.886+08:00 [ERRO] 获取昨日K线失败: sql: no rows in result set 
Stack:
1.  cex-exchange/internal/websocket.GetPriceChangeData
    /Users/zhanjun/IdeaProjects/cex-exchange/cex-exchange/internal/websocket/data.go:149
2.  cex-exchange/internal/websocket.SendMarketData
    /Users/zhanjun/IdeaProjects/cex-exchange/cex-exchange/internal/websocket/manager.go:208

2025-12-02T08:41:12.896+08:00 [ERRO] 获取24小时成交量失败: element of parameter "pointer" for function Scan should type of struct/*struct/[]struct/[]*struct 
Stack:
1.  cex-exchange/internal/websocket.GetPriceChangeData
    /Users/zhanjun/IdeaProjects/cex-exchange/cex-exchange/internal/websocket/data.go:187
2.  cex-exchange/internal/websocket.SendMarketData
    /Users/zhanjun/IdeaProjects/cex-exchange/cex-exchange/internal/websocket/manager.go:208

2025-12-02T08:41:13.112+08:00 [ERRO] 获取最新K线失败: sql: no rows in result set 
Stack:
1.  cex-exchange/internal/websocket.GetPriceChangeData
    /Users/zhanjun/IdeaProjects/cex-exchange/cex-exchange/internal/websocket/data.go:132
2.  cex-exchange/internal/websocket.SendMarketData
    /Users/zhanjun/IdeaProjects/cex-exchange/cex-exchange/internal/websocket/manager.go:208

2025-12-02T08:41:13.319+08:00 [ERRO] 获取24小时成交量失败: element of parameter "pointer" for function Scan should type of struct/*struct/[]struct/[]*struct 
Stack:
1.  cex-exchange/internal/websocket.GetPriceChangeData
    /Users/zhanjun/IdeaProjects/cex-exchange/cex-exchange/internal/websocket/data.go:187
2.  cex-exchange/internal/websocket.SendMarketData
    /Users/zhanjun/IdeaProjects/cex-exchange/cex-exchange/internal/websocket/manager.go:208

2025-12-02T08:41:13.816+08:00 [ERRO] 获取24小时成交量失败: element of parameter "pointer" for function Scan should type of struct/*struct/[]struct/[]*struct 
Stack:
1.  cex-exchange/internal/websocket.GetPriceChangeData
    /Users/zhanjun/IdeaProjects/cex-exchange/cex-exchange/internal/websocket/data.go:187
2.  cex-exchange/internal/websocket.SendMarketData
    /Users/zhanjun/IdeaProjects/cex-exchange/cex-exchange/internal/websocket/manager.go:208

2025-12-02T08:41:13.946+08:00 [ERRO] 获取最新K线失败: sql: no rows in result set 
Stack:
1.  cex-exchange/internal/websocket.GetPriceChangeData
    /Users/zhanjun/IdeaProjects/cex-exchange/cex-exchange/internal/websocket/data.go:132
2.  cex-exchange/internal/websocket.SendMarketData
    /Users/zhanjun/IdeaProjects/cex-exchange/cex-exchange/internal/websocket/manager.go:208

2025-12-02T08:41:13.952+08:00 [ERRO] 获取最新K线失败: sql: no rows in result set 
Stack:
1.  cex-exchange/internal/websocket.GetPriceChangeData
    /Users/zhanjun/IdeaProjects/cex-exchange/cex-exchange/internal/websocket/data.go:132
2.  cex-exchange/internal/websocket.SendMarketData
    /Users/zhanjun/IdeaProjects/cex-exchange/cex-exchange/internal/websocket/manager.go:208

2025-12-02T08:41:14.129+08:00 [ERRO] 获取昨日K线失败: sql: no rows in result set 
Stack:
1.  cex-exchange/internal/websocket.GetPriceChangeData
    /Users/zhanjun/IdeaProjects/cex-exchange/cex-exchange/internal/websocket/data.go:149
2.  cex-exchange/internal/websocket.SendMarketData
    /Users/zhanjun/IdeaProjects/cex-exchange/cex-exchange/internal/websocket/manager.go:208

2025-12-02T08:41:14.887+08:00 [ERRO] 获取最新K线失败: sql: no rows in result set 
Stack:
1.  cex-exchange/internal/websocket.GetPriceChangeData
    /Users/zhanjun/IdeaProjects/cex-exchange/cex-exchange/internal/websocket/data.go:132
2.  cex-exchange/internal/websocket.SendMarketData
    /Users/zhanjun/IdeaProjects/cex-exchange/cex-exchange/internal/websocket/manager.go:208

2025-12-02T08:41:15.006+08:00 [ERRO] 获取最新K线失败: sql: no rows in result set 
Stack:
1.  cex-exchange/internal/websocket.GetPriceChangeData
    /Users/zhanjun/IdeaProjects/cex-exchange/cex-exchange/internal/websocket/data.go:132
2.  cex-exchange/internal/websocket.SendMarketData
    /Users/zhanjun/IdeaProjects/cex-exchange/cex-exchange/internal/websocket/manager.go:208

2025-12-02T08:41:15.074+08:00 [ERRO] 获取24小时成交量失败: element of parameter "pointer" for function Scan should type of struct/*struct/[]struct/[]*struct 
Stack:
1.  cex-exchange/internal/websocket.GetPriceChangeData
    /Users/zhanjun/IdeaProjects/cex-exchange/cex-exchange/internal/websocket/data.go:187
2.  cex-exchange/internal/websocket.SendMarketData
    /Users/zhanjun/IdeaProjects/cex-exchange/cex-exchange/internal/websocket/manager.go:208

2025-12-02T08:41:15.510+08:00 [ERRO] 获取最新K线失败: sql: no rows in result set 
Stack:
1.  cex-exchange/internal/websocket.GetPriceChangeData
    /Users/zhanjun/IdeaProjects/cex-exchange/cex-exchange/internal/websocket/data.go:132
2.  cex-exchange/internal/websocket.SendMarketData
    /Users/zhanjun/IdeaProjects/cex-exchange/cex-exchange/internal/websocket/manager.go:208

2025-12-02T08:41:15.923+08:00 [ERRO] 获取昨日K线失败: sql: no rows in result set 
Stack:
1.  cex-exchange/internal/websocket.GetPriceChangeData
    /Users/zhanjun/IdeaProjects/cex-exchange/cex-exchange/internal/websocket/data.go:149
2.  cex-exchange/internal/websocket.SendMarketData
    /Users/zhanjun/IdeaProjects/cex-exchange/cex-exchange/internal/websocket/manager.go:208

2025-12-02T08:41:16.142+08:00 [ERRO] 获取最新K线失败: sql: no rows in result set 
Stack:
1.  cex-exchange/internal/websocket.GetPriceChangeData
    /Users/zhanjun/IdeaProjects/cex-exchange/cex-exchange/internal/websocket/data.go:132
2.  cex-exchange/internal/websocket.SendMarketData
    /Users/zhanjun/IdeaProjects/cex-exchange/cex-exchange/internal/websocket/manager.go:208

2025-12-02T08:41:16.229+08:00 [ERRO] 获取最新K线失败: sql: no rows in result set 
Stack:
1.  cex-exchange/internal/websocket.GetPriceChangeData
    /Users/zhanjun/IdeaProjects/cex-exchange/cex-exchange/internal/websocket/data.go:132
2.  cex-exchange/internal/websocket.SendMarketData
    /Users/zhanjun/IdeaProjects/cex-exchange/cex-exchange/internal/websocket/manager.go:208

2025-12-02T08:41:16.862+08:00 [ERRO] 获取24小时成交量失败: element of parameter "pointer" for function Scan should type of struct/*struct/[]struct/[]*struct 
Stack:
1.  cex-exchange/internal/websocket.GetPriceChangeData
    /Users/zhanjun/IdeaProjects/cex-exchange/cex-exchange/internal/websocket/data.go:187
2.  cex-exchange/internal/websocket.SendMarketData
    /Users/zhanjun/IdeaProjects/cex-exchange/cex-exchange/internal/websocket/manager.go:208

2025-12-02T08:41:16.941+08:00 [ERRO] 获取最新K线失败: sql: no rows in result set 
Stack:
1.  cex-exchange/internal/websocket.GetPriceChangeData
    /Users/zhanjun/IdeaProjects/cex-exchange/cex-exchange/internal/websocket/data.go:132
2.  cex-exchange/internal/websocket.SendMarketData
    /Users/zhanjun/IdeaProjects/cex-exchange/cex-exchange/internal/websocket/manager.go:208

2025-12-02T08:41:17.077+08:00 [ERRO] 获取昨日K线失败: sql: no rows in result set 
Stack:
1.  cex-exchange/internal/websocket.GetPriceChangeData
    /Users/zhanjun/IdeaProjects/cex-exchange/cex-exchange/internal/websocket/data.go:149
2.  cex-exchange/internal/websocket.SendMarketData
    /Users/zhanjun/IdeaProjects/cex-exchange/cex-exchange/internal/websocket/manager.go:208

2025-12-02T08:41:17.119+08:00 [ERRO] 获取最新K线失败: sql: no rows in result set 
Stack:
1.  cex-exchange/internal/websocket.GetPriceChangeData
    /Users/zhanjun/IdeaProjects/cex-exchange/cex-exchange/internal/websocket/data.go:132
2.  cex-exchange/internal/websocket.SendMarketData
    /Users/zhanjun/IdeaProjects/cex-exchange/cex-exchange/internal/websocket/manager.go:208

2025-12-02T08:41:17.341+08:00 [ERRO] 获取昨日K线失败: sql: no rows in result set 
Stack:
1.  cex-exchange/internal/websocket.GetPriceChangeData
    /Users/zhanjun/IdeaProjects/cex-exchange/cex-exchange/internal/websocket/data.go:149
2.  cex-exchange/internal/websocket.SendMarketData
    /Users/zhanjun/IdeaProjects/cex-exchange/cex-exchange/internal/websocket/manager.go:208

2025-12-02T08:41:17.877+08:00 [ERRO] 获取最新K线失败: sql: no rows in result set 
Stack:
1.  cex-exchange/internal/websocket.GetPriceChangeData
    /Users/zhanjun/IdeaProjects/cex-exchange/cex-exchange/internal/websocket/data.go:132
2.  cex-exchange/internal/websocket.SendMarketData
    /Users/zhanjun/IdeaProjects/cex-exchange/cex-exchange/internal/websocket/manager.go:208

2025-12-02T08:41:17.959+08:00 [ERRO] 获取最新K线失败: sql: no rows in result set 
Stack:
1.  cex-exchange/internal/websocket.GetPriceChangeData
    /Users/zhanjun/IdeaProjects/cex-exchange/cex-exchange/internal/websocket/data.go:132
2.  cex-exchange/internal/websocket.SendMarketData
    /Users/zhanjun/IdeaProjects/cex-exchange/cex-exchange/internal/websocket/manager.go:208

2025-12-02T08:41:18.029+08:00 [ERRO] 获取昨日K线失败: sql: no rows in result set 
Stack:
1.  cex-exchange/internal/websocket.GetPriceChangeData
    /Users/zhanjun/IdeaProjects/cex-exchange/cex-exchange/internal/websocket/data.go:149
2.  cex-exchange/internal/websocket.SendMarketData
    /Users/zhanjun/IdeaProjects/cex-exchange/cex-exchange/internal/websocket/manager.go:208

2025-12-02T08:41:18.032+08:00 [ERRO] 获取24小时成交量失败: element of parameter "pointer" for function Scan should type of struct/*struct/[]struct/[]*struct 
Stack:
1.  cex-exchange/internal/websocket.GetPriceChangeData
    /Users/zhanjun/IdeaProjects/cex-exchange/cex-exchange/internal/websocket/data.go:187
2.  cex-exchange/internal/websocket.SendMarketData
    /Users/zhanjun/IdeaProjects/cex-exchange/cex-exchange/internal/websocket/manager.go:208

2025-12-02T08:41:18.284+08:00 [ERRO] 获取24小时成交量失败: element of parameter "pointer" for function Scan should type of struct/*struct/[]struct/[]*struct 
Stack:
1.  cex-exchange/internal/websocket.GetPriceChangeData
    /Users/zhanjun/IdeaProjects/cex-exchange/cex-exchange/internal/websocket/data.go:187
2.  cex-exchange/internal/websocket.SendMarketData
    /Users/zhanjun/IdeaProjects/cex-exchange/cex-exchange/internal/websocket/manager.go:208

2025-12-02T08:41:18.935+08:00 [ERRO] 获取昨日K线失败: sql: no rows in result set 
Stack:
1.  cex-exchange/internal/websocket.GetPriceChangeData
    /Users/zhanjun/IdeaProjects/cex-exchange/cex-exchange/internal/websocket/data.go:149
2.  cex-exchange/internal/websocket.SendMarketData
    /Users/zhanjun/IdeaProjects/cex-exchange/cex-exchange/internal/websocket/manager.go:208

2025-12-02T08:41:18.969+08:00 [ERRO] 获取24小时成交量失败: element of parameter "pointer" for function Scan should type of struct/*struct/[]struct/[]*struct 
Stack:
1.  cex-exchange/internal/websocket.GetPriceChangeData
    /Users/zhanjun/IdeaProjects/cex-exchange/cex-exchange/internal/websocket/data.go:187
2.  cex-exchange/internal/websocket.SendMarketData
    /Users/zhanjun/IdeaProjects/cex-exchange/cex-exchange/internal/websocket/manager.go:208

2025-12-02T08:41:19.008+08:00 [ERRO] 获取最新K线失败: sql: no rows in result set 
Stack:
1.  cex-exchange/internal/websocket.GetPriceChangeData
    /Users/zhanjun/IdeaProjects/cex-exchange/cex-exchange/internal/websocket/data.go:132
2.  cex-exchange/internal/websocket.SendMarketData
    /Users/zhanjun/IdeaProjects/cex-exchange/cex-exchange/internal/websocket/manager.go:208

2025-12-02T08:41:19.038+08:00 [ERRO] 获取最新K线失败: sql: no rows in result set 
Stack:
1.  cex-exchange/internal/websocket.GetPriceChangeData
    /Users/zhanjun/IdeaProjects/cex-exchange/cex-exchange/internal/websocket/data.go:132
2.  cex-exchange/internal/websocket.SendMarketData
    /Users/zhanjun/IdeaProjects/cex-exchange/cex-exchange/internal/websocket/manager.go:208

2025-12-02T08:41:19.880+08:00 [ERRO] 获取24小时成交量失败: element of parameter "pointer" for function Scan should type of struct/*struct/[]struct/[]*struct 
Stack:
1.  cex-exchange/internal/websocket.GetPriceChangeData
    /Users/zhanjun/IdeaProjects/cex-exchange/cex-exchange/internal/websocket/data.go:187
2.  cex-exchange/internal/websocket.SendMarketData
    /Users/zhanjun/IdeaProjects/cex-exchange/cex-exchange/internal/websocket/manager.go:208

2025-12-02T08:41:19.921+08:00 [ERRO] 获取昨日K线失败: sql: no rows in result set 
Stack:
1.  cex-exchange/internal/websocket.GetPriceChangeData
    /Users/zhanjun/IdeaProjects/cex-exchange/cex-exchange/internal/websocket/data.go:149
2.  cex-exchange/internal/websocket.SendMarketData
    /Users/zhanjun/IdeaProjects/cex-exchange/cex-exchange/internal/websocket/manager.go:208

2025-12-02T08:41:19.975+08:00 [ERRO] 获取最新K线失败: sql: no rows in result set 
Stack:
1.  cex-exchange/internal/websocket.GetPriceChangeData
    /Users/zhanjun/IdeaProjects/cex-exchange/cex-exchange/internal/websocket/data.go:132
2.  cex-exchange/internal/websocket.SendMarketData
    /Users/zhanjun/IdeaProjects/cex-exchange/cex-exchange/internal/websocket/manager.go:208

2025-12-02T08:41:20.046+08:00 [ERRO] 获取最新K线失败: sql: no rows in result set 
Stack:
1.  cex-exchange/internal/websocket.GetPriceChangeData
    /Users/zhanjun/IdeaProjects/cex-exchange/cex-exchange/internal/websocket/data.go:132
2.  cex-exchange/internal/websocket.SendMarketData
    /Users/zhanjun/IdeaProjects/cex-exchange/cex-exchange/internal/websocket/manager.go:208

2025-12-02T08:41:20.850+08:00 [ERRO] 获取24小时成交量失败: element of parameter "pointer" for function Scan should type of struct/*struct/[]struct/[]*struct 
Stack:
1.  cex-exchange/internal/websocket.GetPriceChangeData
    /Users/zhanjun/IdeaProjects/cex-exchange/cex-exchange/internal/websocket/data.go:187
2.  cex-exchange/internal/websocket.SendMarketData
    /Users/zhanjun/IdeaProjects/cex-exchange/cex-exchange/internal/websocket/manager.go:208

2025-12-02T08:41:20.953+08:00 [ERRO] 获取最新K线失败: sql: no rows in result set 
Stack:
1.  cex-exchange/internal/websocket.GetPriceChangeData
    /Users/zhanjun/IdeaProjects/cex-exchange/cex-exchange/internal/websocket/data.go:132
2.  cex-exchange/internal/websocket.SendMarketData
    /Users/zhanjun/IdeaProjects/cex-exchange/cex-exchange/internal/websocket/manager.go:208

2025-12-02T08:41:20.962+08:00 [ERRO] 获取昨日K线失败: sql: no rows in result set 
Stack:
1.  cex-exchange/internal/websocket.GetPriceChangeData
    /Users/zhanjun/IdeaProjects/cex-exchange/cex-exchange/internal/websocket/data.go:149
2.  cex-exchange/internal/websocket.SendMarketData
    /Users/zhanjun/IdeaProjects/cex-exchange/cex-exchange/internal/websocket/manager.go:208

2025-12-02T08:41:21.147+08:00 [ERRO] 获取最新K线失败: sql: no rows in result set 
Stack:
1.  cex-exchange/internal/websocket.GetPriceChangeData
    /Users/zhanjun/IdeaProjects/cex-exchange/cex-exchange/internal/websocket/data.go:132
2.  cex-exchange/internal/websocket.SendMarketData
    /Users/zhanjun/IdeaProjects/cex-exchange/cex-exchange/internal/websocket/manager.go:208

2025-12-02T08:41:21.866+08:00 [ERRO] 获取昨日K线失败: sql: no rows in result set 
Stack:
1.  cex-exchange/internal/websocket.GetPriceChangeData
    /Users/zhanjun/IdeaProjects/cex-exchange/cex-exchange/internal/websocket/data.go:149
2.  cex-exchange/internal/websocket.SendMarketData
    /Users/zhanjun/IdeaProjects/cex-exchange/cex-exchange/internal/websocket/manager.go:208

2025-12-02T08:41:21.892+08:00 [ERRO] 获取24小时成交量失败: element of parameter "pointer" for function Scan should type of struct/*struct/[]struct/[]*struct 
Stack:
1.  cex-exchange/internal/websocket.GetPriceChangeData
    /Users/zhanjun/IdeaProjects/cex-exchange/cex-exchange/internal/websocket/data.go:187
2.  cex-exchange/internal/websocket.SendMarketData
    /Users/zhanjun/IdeaProjects/cex-exchange/cex-exchange/internal/websocket/manager.go:208

2025-12-02T08:41:21.949+08:00 [ERRO] 获取最新K线失败: sql: no rows in result set 
Stack:
1.  cex-exchange/internal/websocket.GetPriceChangeData
    /Users/zhanjun/IdeaProjects/cex-exchange/cex-exchange/internal/websocket/data.go:132
2.  cex-exchange/internal/websocket.SendMarketData
    /Users/zhanjun/IdeaProjects/cex-exchange/cex-exchange/internal/websocket/manager.go:208

2025-12-02T08:41:22.003+08:00 [ERRO] 获取最新K线失败: sql: no rows in result set 
Stack:
1.  cex-exchange/internal/websocket.GetPriceChangeData
    /Users/zhanjun/IdeaProjects/cex-exchange/cex-exchange/internal/websocket/data.go:132
2.  cex-exchange/internal/websocket.SendMarketData
    /Users/zhanjun/IdeaProjects/cex-exchange/cex-exchange/internal/websocket/manager.go:208

2025-12-02T08:41:22.791+08:00 [ERRO] 获取24小时成交量失败: element of parameter "pointer" for function Scan should type of struct/*struct/[]struct/[]*struct 
Stack:
1.  cex-exchange/internal/websocket.GetPriceChangeData
    /Users/zhanjun/IdeaProjects/cex-exchange/cex-exchange/internal/websocket/data.go:187
2.  cex-exchange/internal/websocket.SendMarketData
    /Users/zhanjun/IdeaProjects/cex-exchange/cex-exchange/internal/websocket/manager.go:208

2025-12-02T08:41:22.944+08:00 [ERRO] 获取昨日K线失败: sql: no rows in result set 
Stack:
1.  cex-exchange/internal/websocket.GetPriceChangeData
    /Users/zhanjun/IdeaProjects/cex-exchange/cex-exchange/internal/websocket/data.go:149
2.  cex-exchange/internal/websocket.SendMarketData
    /Users/zhanjun/IdeaProjects/cex-exchange/cex-exchange/internal/websocket/manager.go:208

2025-12-02T08:41:22.958+08:00 [ERRO] 获取最新K线失败: sql: no rows in result set 
Stack:
1.  cex-exchange/internal/websocket.GetPriceChangeData
    /Users/zhanjun/IdeaProjects/cex-exchange/cex-exchange/internal/websocket/data.go:132
2.  cex-exchange/internal/websocket.SendMarketData
    /Users/zhanjun/IdeaProjects/cex-exchange/cex-exchange/internal/websocket/manager.go:208

2025-12-02T08:41:22.996+08:00 [ERRO] 获取最新K线失败: sql: no rows in result set 
Stack:
1.  cex-exchange/internal/websocket.GetPriceChangeData
    /Users/zhanjun/IdeaProjects/cex-exchange/cex-exchange/internal/websocket/data.go:132
2.  cex-exchange/internal/websocket.SendMarketData
    /Users/zhanjun/IdeaProjects/cex-exchange/cex-exchange/internal/websocket/manager.go:208

2025-12-02T08:41:23.886+08:00 [ERRO] 获取24小时成交量失败: element of parameter "pointer" for function Scan should type of struct/*struct/[]struct/[]*struct 
Stack:
1.  cex-exchange/internal/websocket.GetPriceChangeData
    /Users/zhanjun/IdeaProjects/cex-exchange/cex-exchange/internal/websocket/data.go:187
2.  cex-exchange/internal/websocket.SendMarketData
    /Users/zhanjun/IdeaProjects/cex-exchange/cex-exchange/internal/websocket/manager.go:208

2025-12-02T08:41:23.948+08:00 [ERRO] 获取最新K线失败: sql: no rows in result set 
Stack:
1.  cex-exchange/internal/websocket.GetPriceChangeData
    /Users/zhanjun/IdeaProjects/cex-exchange/cex-exchange/internal/websocket/data.go:132
2.  cex-exchange/internal/websocket.SendMarketData
    /Users/zhanjun/IdeaProjects/cex-exchange/cex-exchange/internal/websocket/manager.go:208

2025-12-02T08:41:24.006+08:00 [ERRO] 获取最新K线失败: sql: no rows in result set 
Stack:
1.  cex-exchange/internal/websocket.GetPriceChangeData
    /Users/zhanjun/IdeaProjects/cex-exchange/cex-exchange/internal/websocket/data.go:132
2.  cex-exchange/internal/websocket.SendMarketData
    /Users/zhanjun/IdeaProjects/cex-exchange/cex-exchange/internal/websocket/manager.go:208

2025-12-02T08:41:24.012+08:00 [ERRO] 获取昨日K线失败: sql: no rows in result set 
Stack:
1.  cex-exchange/internal/websocket.GetPriceChangeData
    /Users/zhanjun/IdeaProjects/cex-exchange/cex-exchange/internal/websocket/data.go:149
2.  cex-exchange/internal/websocket.SendMarketData
    /Users/zhanjun/IdeaProjects/cex-exchange/cex-exchange/internal/websocket/manager.go:208

2025-12-02T08:41:24.879+08:00 [ERRO] 获取昨日K线失败: sql: no rows in result set 
Stack:
1.  cex-exchange/internal/websocket.GetPriceChangeData
    /Users/zhanjun/IdeaProjects/cex-exchange/cex-exchange/internal/websocket/data.go:149
2.  cex-exchange/internal/websocket.SendMarketData
    /Users/zhanjun/IdeaProjects/cex-exchange/cex-exchange/internal/websocket/manager.go:208

2025-12-02T08:41:24.924+08:00 [ERRO] 获取最新K线失败: sql: no rows in result set 
Stack:
1.  cex-exchange/internal/websocket.GetPriceChangeData
    /Users/zhanjun/IdeaProjects/cex-exchange/cex-exchange/internal/websocket/data.go:132
2.  cex-exchange/internal/websocket.SendMarketData
    /Users/zhanjun/IdeaProjects/cex-exchange/cex-exchange/internal/websocket/manager.go:208

2025-12-02T08:41:24.941+08:00 [ERRO] 获取最新K线失败: sql: no rows in result set 
Stack:
1.  cex-exchange/internal/websocket.GetPriceChangeData
    /Users/zhanjun/IdeaProjects/cex-exchange/cex-exchange/internal/websocket/data.go:132
2.  cex-exchange/internal/websocket.SendMarketData
    /Users/zhanjun/IdeaProjects/cex-exchange/cex-exchange/internal/websocket/manager.go:208

2025-12-02T08:41:24.952+08:00 [ERRO] 获取24小时成交量失败: element of parameter "pointer" for function Scan should type of struct/*struct/[]struct/[]*struct 
Stack:
1.  cex-exchange/internal/websocket.GetPriceChangeData
    /Users/zhanjun/IdeaProjects/cex-exchange/cex-exchange/internal/websocket/data.go:187
2.  cex-exchange/internal/websocket.SendMarketData
    /Users/zhanjun/IdeaProjects/cex-exchange/cex-exchange/internal/websocket/manager.go:208

