2025-11-30T09:32:22.535+08:00 [INFO] {b055d73ccaa47c18e631445a27661fd0} Config path set to: manifest/config
2025-11-30T09:32:39.116+08:00 [FATA] {b055d73ccaa47c18e631445a27661fd0} ❌ Database ping failed: master.Ping failed: invalid connection 
Stack:
1.  cex-exchange/internal/boot.init.0
    /Users/zhanjun/IdeaProjects/cex-exchange/cex-exchange/internal/boot/boot.go:30

2025-11-30T09:33:11.096+08:00 [INFO] {b8160f8bd5a47c18bbf9515cda2b3446} Config path set to: manifest/config
2025-11-30T09:33:27.681+08:00 [FATA] {b8160f8bd5a47c18bbf9515cda2b3446} ❌ Database ping failed: master.Ping failed: invalid connection 
Stack:
1.  cex-exchange/internal/boot.init.0
    /Users/zhanjun/IdeaProjects/cex-exchange/cex-exchange/internal/boot/boot.go:30

2025-11-30T09:38:32.075+08:00 [INFO] {789c084720a57c18f1660212128853c5} Config path set to: manifest/config
2025-11-30T09:38:34.956+08:00 [INFO] {789c084720a57c18f1660212128853c5} ✅ Database connected successfully!
2025-11-30T09:38:34.965+08:00 [INFO] openapi specification is disabled
2025-11-30T09:38:34.965+08:00 [INFO] pid[77762]: http server started listening on [:8080]

----------|--------|-------------------------------|---------------------------------------------------------------------|--------------------
| ADDRESS | METHOD |             ROUTE             |                               HANDLER                               |    MIDDLEWARE     |
----------|--------|-------------------------------|---------------------------------------------------------------------|--------------------
| :8080   | ALL    | /*                            | cex-exchange/internal/middleware.ResponseHandler                    | GLOBAL MIDDLEWARE |
----------|--------|-------------------------------|---------------------------------------------------------------------|--------------------
| :8080   | GET    | /api/accounts                 | cex-exchange/internal/controller/funds.(*ControllerV1).ListAccounts | middleware.Auth   |
----------|--------|-------------------------------|---------------------------------------------------------------------|--------------------
| :8080   | GET    | /api/admin/accounts           | cex-exchange/internal/controller/admin.(*ControllerV1).ListAccounts | middleware.Auth   |
----------|--------|-------------------------------|---------------------------------------------------------------------|--------------------
| :8080   | POST   | /api/admin/accounts/add-funds | cex-exchange/internal/controller/admin.(*ControllerV1).AddFunds     | middleware.Auth   |
----------|--------|-------------------------------|---------------------------------------------------------------------|--------------------
| :8080   | GET    | /api/admin/orders             | cex-exchange/internal/controller/admin.(*ControllerV1).ListOrders   | middleware.Auth   |
----------|--------|-------------------------------|---------------------------------------------------------------------|--------------------
| :8080   | GET    | /api/admin/users              | cex-exchange/internal/controller/admin.(*ControllerV1).ListUsers    | middleware.Auth   |
----------|--------|-------------------------------|---------------------------------------------------------------------|--------------------
| :8080   | POST   | /api/deposit                  | cex-exchange/internal/controller/funds.(*ControllerV1).Deposit      | middleware.Auth   |
----------|--------|-------------------------------|---------------------------------------------------------------------|--------------------
| :8080   | POST   | /api/login                    | cex-exchange/internal/controller/auth.(*ControllerV1).Login         |                   |
----------|--------|-------------------------------|---------------------------------------------------------------------|--------------------
| :8080   | GET    | /api/my_orders                | cex-exchange/internal/controller/order.(*ControllerV1).ListMyOrders | middleware.Auth   |
----------|--------|-------------------------------|---------------------------------------------------------------------|--------------------
| :8080   | GET    | /api/my_trades                | cex-exchange/internal/controller/order.(*ControllerV1).ListMyTrades | middleware.Auth   |
----------|--------|-------------------------------|---------------------------------------------------------------------|--------------------
| :8080   | POST   | /api/order                    | cex-exchange/internal/controller/order.(*ControllerV1).PlaceOrder   | middleware.Auth   |
----------|--------|-------------------------------|---------------------------------------------------------------------|--------------------
| :8080   | GET    | /api/orderbook                | cex-exchange/internal/controller/trade.(*ControllerV1).GetOrderBook | middleware.Auth   |
----------|--------|-------------------------------|---------------------------------------------------------------------|--------------------
| :8080   | POST   | /api/register                 | cex-exchange/internal/controller/auth.(*ControllerV1).Register      |                   |
----------|--------|-------------------------------|---------------------------------------------------------------------|--------------------
| :8080   | GET    | /api/trades                   | cex-exchange/internal/controller/trade.(*ControllerV1).GetTrades    | middleware.Auth   |
----------|--------|-------------------------------|---------------------------------------------------------------------|--------------------

2025-11-30T10:38:30.576+08:00 [INFO] {584c801e66a87c18609d195706469770} Config path set to: manifest/config
2025-11-30T10:38:33.599+08:00 [INFO] {584c801e66a87c18609d195706469770} ✅ Database connected successfully!
2025-11-30T10:38:33.604+08:00 [INFO] pid[90750]: http server started listening on [:8080]
2025-11-30T10:38:33.605+08:00 [INFO] openapi specification is disabled

----------|--------|-------------------------------|---------------------------------------------------------------------|--------------------
| ADDRESS | METHOD |             ROUTE             |                               HANDLER                               |    MIDDLEWARE     |
----------|--------|-------------------------------|---------------------------------------------------------------------|--------------------
| :8080   | ALL    | /*                            | cex-exchange/internal/middleware.ResponseHandler                    | GLOBAL MIDDLEWARE |
----------|--------|-------------------------------|---------------------------------------------------------------------|--------------------
| :8080   | GET    | /api/accounts                 | cex-exchange/internal/controller/funds.(*ControllerV1).ListAccounts | middleware.Auth   |
----------|--------|-------------------------------|---------------------------------------------------------------------|--------------------
| :8080   | GET    | /api/admin/accounts           | cex-exchange/internal/controller/admin.(*ControllerV1).ListAccounts | middleware.Auth   |
----------|--------|-------------------------------|---------------------------------------------------------------------|--------------------
| :8080   | POST   | /api/admin/accounts/add-funds | cex-exchange/internal/controller/admin.(*ControllerV1).AddFunds     | middleware.Auth   |
----------|--------|-------------------------------|---------------------------------------------------------------------|--------------------
| :8080   | GET    | /api/admin/orders             | cex-exchange/internal/controller/admin.(*ControllerV1).ListOrders   | middleware.Auth   |
----------|--------|-------------------------------|---------------------------------------------------------------------|--------------------
| :8080   | GET    | /api/admin/users              | cex-exchange/internal/controller/admin.(*ControllerV1).ListUsers    | middleware.Auth   |
----------|--------|-------------------------------|---------------------------------------------------------------------|--------------------
| :8080   | POST   | /api/deposit                  | cex-exchange/internal/controller/funds.(*ControllerV1).Deposit      | middleware.Auth   |
----------|--------|-------------------------------|---------------------------------------------------------------------|--------------------
| :8080   | POST   | /api/login                    | cex-exchange/internal/controller/auth.(*ControllerV1).Login         |                   |
----------|--------|-------------------------------|---------------------------------------------------------------------|--------------------
| :8080   | GET    | /api/my_orders                | cex-exchange/internal/controller/order.(*ControllerV1).ListMyOrders | middleware.Auth   |
----------|--------|-------------------------------|---------------------------------------------------------------------|--------------------
| :8080   | GET    | /api/my_trades                | cex-exchange/internal/controller/order.(*ControllerV1).ListMyTrades | middleware.Auth   |
----------|--------|-------------------------------|---------------------------------------------------------------------|--------------------
| :8080   | POST   | /api/order                    | cex-exchange/internal/controller/order.(*ControllerV1).PlaceOrder   | middleware.Auth   |
----------|--------|-------------------------------|---------------------------------------------------------------------|--------------------
| :8080   | GET    | /api/orderbook                | cex-exchange/internal/controller/trade.(*ControllerV1).GetOrderBook | middleware.Auth   |
----------|--------|-------------------------------|---------------------------------------------------------------------|--------------------
| :8080   | POST   | /api/register                 | cex-exchange/internal/controller/auth.(*ControllerV1).Register      |                   |
----------|--------|-------------------------------|---------------------------------------------------------------------|--------------------
| :8080   | ALL    | /api/test-redis               | cex-exchange/internal/controller/admin.(*ControllerV1).TestRedis    | middleware.Auth   |
----------|--------|-------------------------------|---------------------------------------------------------------------|--------------------
| :8080   | GET    | /api/trades                   | cex-exchange/internal/controller/trade.(*ControllerV1).GetTrades    | middleware.Auth   |
----------|--------|-------------------------------|---------------------------------------------------------------------|--------------------

2025-11-30T11:57:36.505+08:00 [INFO] {a82cf61db7ac7c18b76da472be881941} Config path set to: manifest/config
2025-11-30T11:57:39.353+08:00 [INFO] {a82cf61db7ac7c18b76da472be881941} ✅ Database connected successfully!
2025-11-30T11:57:39.359+08:00 [INFO] openapi specification is disabled
2025-11-30T11:57:39.359+08:00 [INFO] pid[92515]: http server started listening on [:8080]

----------|--------|-------------------------------|---------------------------------------------------------------------|--------------------
| ADDRESS | METHOD |             ROUTE             |                               HANDLER                               |    MIDDLEWARE     |
----------|--------|-------------------------------|---------------------------------------------------------------------|--------------------
| :8080   | ALL    | /*                            | cex-exchange/internal/middleware.ResponseHandler                    | GLOBAL MIDDLEWARE |
----------|--------|-------------------------------|---------------------------------------------------------------------|--------------------
| :8080   | GET    | /api/accounts                 | cex-exchange/internal/controller/funds.(*ControllerV1).ListAccounts | middleware.Auth   |
----------|--------|-------------------------------|---------------------------------------------------------------------|--------------------
| :8080   | GET    | /api/admin/accounts           | cex-exchange/internal/controller/admin.(*ControllerV1).ListAccounts | middleware.Auth   |
----------|--------|-------------------------------|---------------------------------------------------------------------|--------------------
| :8080   | POST   | /api/admin/accounts/add-funds | cex-exchange/internal/controller/admin.(*ControllerV1).AddFunds     | middleware.Auth   |
----------|--------|-------------------------------|---------------------------------------------------------------------|--------------------
| :8080   | GET    | /api/admin/orders             | cex-exchange/internal/controller/admin.(*ControllerV1).ListOrders   | middleware.Auth   |
----------|--------|-------------------------------|---------------------------------------------------------------------|--------------------
| :8080   | GET    | /api/admin/users              | cex-exchange/internal/controller/admin.(*ControllerV1).ListUsers    | middleware.Auth   |
----------|--------|-------------------------------|---------------------------------------------------------------------|--------------------
| :8080   | POST   | /api/deposit                  | cex-exchange/internal/controller/funds.(*ControllerV1).Deposit      | middleware.Auth   |
----------|--------|-------------------------------|---------------------------------------------------------------------|--------------------
| :8080   | POST   | /api/login                    | cex-exchange/internal/controller/auth.(*ControllerV1).Login         |                   |
----------|--------|-------------------------------|---------------------------------------------------------------------|--------------------
| :8080   | GET    | /api/my_orders                | cex-exchange/internal/controller/order.(*ControllerV1).ListMyOrders | middleware.Auth   |
----------|--------|-------------------------------|---------------------------------------------------------------------|--------------------
| :8080   | GET    | /api/my_trades                | cex-exchange/internal/controller/order.(*ControllerV1).ListMyTrades | middleware.Auth   |
----------|--------|-------------------------------|---------------------------------------------------------------------|--------------------
| :8080   | POST   | /api/order                    | cex-exchange/internal/controller/order.(*ControllerV1).PlaceOrder   | middleware.Auth   |
----------|--------|-------------------------------|---------------------------------------------------------------------|--------------------
| :8080   | GET    | /api/orderbook                | cex-exchange/internal/controller/trade.(*ControllerV1).GetOrderBook | middleware.Auth   |
----------|--------|-------------------------------|---------------------------------------------------------------------|--------------------
| :8080   | POST   | /api/register                 | cex-exchange/internal/controller/auth.(*ControllerV1).Register      |                   |
----------|--------|-------------------------------|---------------------------------------------------------------------|--------------------
| :8080   | ALL    | /api/test-redis               | cex-exchange/internal/controller/admin.(*ControllerV1).TestRedis    | middleware.Auth   |
----------|--------|-------------------------------|---------------------------------------------------------------------|--------------------
| :8080   | GET    | /api/trades                   | cex-exchange/internal/controller/trade.(*ControllerV1).GetTrades    | middleware.Auth   |
----------|--------|-------------------------------|---------------------------------------------------------------------|--------------------

2025-11-30T12:01:16.310+08:00 [INFO] {102a534beaac7c18afecc813b4b00ccf} Config path set to: manifest/config
2025-11-30T12:01:19.052+08:00 [INFO] {102a534beaac7c18afecc813b4b00ccf} ✅ Database connected successfully!
2025-11-30T12:01:19.059+08:00 [INFO] openapi specification is disabled
2025-11-30T12:01:19.059+08:00 [INFO] pid[93270]: http server started listening on [:8080]

----------|--------|-------------------------------|---------------------------------------------------------------------|--------------------
| ADDRESS | METHOD |             ROUTE             |                               HANDLER                               |    MIDDLEWARE     |
----------|--------|-------------------------------|---------------------------------------------------------------------|--------------------
| :8080   | ALL    | /*                            | cex-exchange/internal/middleware.ResponseHandler                    | GLOBAL MIDDLEWARE |
----------|--------|-------------------------------|---------------------------------------------------------------------|--------------------
| :8080   | GET    | /api/accounts                 | cex-exchange/internal/controller/funds.(*ControllerV1).ListAccounts | middleware.Auth   |
----------|--------|-------------------------------|---------------------------------------------------------------------|--------------------
| :8080   | GET    | /api/admin/accounts           | cex-exchange/internal/controller/admin.(*ControllerV1).ListAccounts | middleware.Auth   |
----------|--------|-------------------------------|---------------------------------------------------------------------|--------------------
| :8080   | POST   | /api/admin/accounts/add-funds | cex-exchange/internal/controller/admin.(*ControllerV1).AddFunds     | middleware.Auth   |
----------|--------|-------------------------------|---------------------------------------------------------------------|--------------------
| :8080   | GET    | /api/admin/orders             | cex-exchange/internal/controller/admin.(*ControllerV1).ListOrders   | middleware.Auth   |
----------|--------|-------------------------------|---------------------------------------------------------------------|--------------------
| :8080   | GET    | /api/admin/users              | cex-exchange/internal/controller/admin.(*ControllerV1).ListUsers    | middleware.Auth   |
----------|--------|-------------------------------|---------------------------------------------------------------------|--------------------
| :8080   | POST   | /api/deposit                  | cex-exchange/internal/controller/funds.(*ControllerV1).Deposit      | middleware.Auth   |
----------|--------|-------------------------------|---------------------------------------------------------------------|--------------------
| :8080   | POST   | /api/login                    | cex-exchange/internal/controller/auth.(*ControllerV1).Login         |                   |
----------|--------|-------------------------------|---------------------------------------------------------------------|--------------------
| :8080   | GET    | /api/my_orders                | cex-exchange/internal/controller/order.(*ControllerV1).ListMyOrders | middleware.Auth   |
----------|--------|-------------------------------|---------------------------------------------------------------------|--------------------
| :8080   | GET    | /api/my_trades                | cex-exchange/internal/controller/order.(*ControllerV1).ListMyTrades | middleware.Auth   |
----------|--------|-------------------------------|---------------------------------------------------------------------|--------------------
| :8080   | POST   | /api/order                    | cex-exchange/internal/controller/order.(*ControllerV1).PlaceOrder   | middleware.Auth   |
----------|--------|-------------------------------|---------------------------------------------------------------------|--------------------
| :8080   | GET    | /api/orderbook                | cex-exchange/internal/controller/trade.(*ControllerV1).GetOrderBook | middleware.Auth   |
----------|--------|-------------------------------|---------------------------------------------------------------------|--------------------
| :8080   | POST   | /api/register                 | cex-exchange/internal/controller/auth.(*ControllerV1).Register      |                   |
----------|--------|-------------------------------|---------------------------------------------------------------------|--------------------
| :8080   | ALL    | /api/test-redis               | cex-exchange/internal/controller/admin.(*ControllerV1).TestRedis    | middleware.Auth   |
----------|--------|-------------------------------|---------------------------------------------------------------------|--------------------
| :8080   | GET    | /api/trades                   | cex-exchange/internal/controller/trade.(*ControllerV1).GetTrades    | middleware.Auth   |
----------|--------|-------------------------------|---------------------------------------------------------------------|--------------------

2025-11-30T12:04:16.715+08:00 [INFO] {d8a34a4c14ad7c18da36af19cd5875aa} Config path set to: manifest/config
2025-11-30T12:04:19.575+08:00 [INFO] {d8a34a4c14ad7c18da36af19cd5875aa} ✅ Database connected successfully!
2025-11-30T12:04:19.584+08:00 [INFO] openapi specification is disabled
2025-11-30T12:04:19.584+08:00 [INFO] pid[93971]: http server started listening on [:8080]

----------|--------|-------------------------------|---------------------------------------------------------------------|--------------------
| ADDRESS | METHOD |             ROUTE             |                               HANDLER                               |    MIDDLEWARE     |
----------|--------|-------------------------------|---------------------------------------------------------------------|--------------------
| :8080   | ALL    | /*                            | cex-exchange/internal/middleware.ResponseHandler                    | GLOBAL MIDDLEWARE |
----------|--------|-------------------------------|---------------------------------------------------------------------|--------------------
| :8080   | GET    | /api/accounts                 | cex-exchange/internal/controller/funds.(*ControllerV1).ListAccounts | middleware.Auth   |
----------|--------|-------------------------------|---------------------------------------------------------------------|--------------------
| :8080   | GET    | /api/admin/accounts           | cex-exchange/internal/controller/admin.(*ControllerV1).ListAccounts | middleware.Auth   |
----------|--------|-------------------------------|---------------------------------------------------------------------|--------------------
| :8080   | POST   | /api/admin/accounts/add-funds | cex-exchange/internal/controller/admin.(*ControllerV1).AddFunds     | middleware.Auth   |
----------|--------|-------------------------------|---------------------------------------------------------------------|--------------------
| :8080   | GET    | /api/admin/orders             | cex-exchange/internal/controller/admin.(*ControllerV1).ListOrders   | middleware.Auth   |
----------|--------|-------------------------------|---------------------------------------------------------------------|--------------------
| :8080   | GET    | /api/admin/users              | cex-exchange/internal/controller/admin.(*ControllerV1).ListUsers    | middleware.Auth   |
----------|--------|-------------------------------|---------------------------------------------------------------------|--------------------
| :8080   | POST   | /api/deposit                  | cex-exchange/internal/controller/funds.(*ControllerV1).Deposit      | middleware.Auth   |
----------|--------|-------------------------------|---------------------------------------------------------------------|--------------------
| :8080   | POST   | /api/login                    | cex-exchange/internal/controller/auth.(*ControllerV1).Login         |                   |
----------|--------|-------------------------------|---------------------------------------------------------------------|--------------------
| :8080   | GET    | /api/my_orders                | cex-exchange/internal/controller/order.(*ControllerV1).ListMyOrders | middleware.Auth   |
----------|--------|-------------------------------|---------------------------------------------------------------------|--------------------
| :8080   | GET    | /api/my_trades                | cex-exchange/internal/controller/order.(*ControllerV1).ListMyTrades | middleware.Auth   |
----------|--------|-------------------------------|---------------------------------------------------------------------|--------------------
| :8080   | POST   | /api/order                    | cex-exchange/internal/controller/order.(*ControllerV1).PlaceOrder   | middleware.Auth   |
----------|--------|-------------------------------|---------------------------------------------------------------------|--------------------
| :8080   | GET    | /api/orderbook                | cex-exchange/internal/controller/trade.(*ControllerV1).GetOrderBook | middleware.Auth   |
----------|--------|-------------------------------|---------------------------------------------------------------------|--------------------
| :8080   | POST   | /api/register                 | cex-exchange/internal/controller/auth.(*ControllerV1).Register      |                   |
----------|--------|-------------------------------|---------------------------------------------------------------------|--------------------
| :8080   | ALL    | /api/test-redis               | cex-exchange/internal/controller/admin.(*ControllerV1).TestRedis    | middleware.Auth   |
----------|--------|-------------------------------|---------------------------------------------------------------------|--------------------
| :8080   | GET    | /api/trades                   | cex-exchange/internal/controller/trade.(*ControllerV1).GetTrades    | middleware.Auth   |
----------|--------|-------------------------------|---------------------------------------------------------------------|--------------------

2025-11-30T12:08:28.596+08:00 [INFO] {50fa91f14ead7c1816833c73f4ea4517} Config path set to: manifest/config
2025-11-30T12:08:31.486+08:00 [INFO] {50fa91f14ead7c1816833c73f4ea4517} ✅ Database connected successfully!
2025-11-30T12:08:31.492+08:00 [INFO] openapi specification is disabled
2025-11-30T12:08:31.492+08:00 [INFO] pid[94468]: http server started listening on [:8080]

----------|--------|-------------------------------|---------------------------------------------------------------------|--------------------
| ADDRESS | METHOD |             ROUTE             |                               HANDLER                               |    MIDDLEWARE     |
----------|--------|-------------------------------|---------------------------------------------------------------------|--------------------
| :8080   | ALL    | /*                            | cex-exchange/internal/middleware.ResponseHandler                    | GLOBAL MIDDLEWARE |
----------|--------|-------------------------------|---------------------------------------------------------------------|--------------------
| :8080   | GET    | /api/accounts                 | cex-exchange/internal/controller/funds.(*ControllerV1).ListAccounts | middleware.Auth   |
----------|--------|-------------------------------|---------------------------------------------------------------------|--------------------
| :8080   | GET    | /api/admin/accounts           | cex-exchange/internal/controller/admin.(*ControllerV1).ListAccounts | middleware.Auth   |
----------|--------|-------------------------------|---------------------------------------------------------------------|--------------------
| :8080   | POST   | /api/admin/accounts/add-funds | cex-exchange/internal/controller/admin.(*ControllerV1).AddFunds     | middleware.Auth   |
----------|--------|-------------------------------|---------------------------------------------------------------------|--------------------
| :8080   | GET    | /api/admin/orders             | cex-exchange/internal/controller/admin.(*ControllerV1).ListOrders   | middleware.Auth   |
----------|--------|-------------------------------|---------------------------------------------------------------------|--------------------
| :8080   | GET    | /api/admin/users              | cex-exchange/internal/controller/admin.(*ControllerV1).ListUsers    | middleware.Auth   |
----------|--------|-------------------------------|---------------------------------------------------------------------|--------------------
| :8080   | POST   | /api/deposit                  | cex-exchange/internal/controller/funds.(*ControllerV1).Deposit      | middleware.Auth   |
----------|--------|-------------------------------|---------------------------------------------------------------------|--------------------
| :8080   | POST   | /api/login                    | cex-exchange/internal/controller/auth.(*ControllerV1).Login         |                   |
----------|--------|-------------------------------|---------------------------------------------------------------------|--------------------
| :8080   | GET    | /api/my_orders                | cex-exchange/internal/controller/order.(*ControllerV1).ListMyOrders | middleware.Auth   |
----------|--------|-------------------------------|---------------------------------------------------------------------|--------------------
| :8080   | GET    | /api/my_trades                | cex-exchange/internal/controller/order.(*ControllerV1).ListMyTrades | middleware.Auth   |
----------|--------|-------------------------------|---------------------------------------------------------------------|--------------------
| :8080   | POST   | /api/order                    | cex-exchange/internal/controller/order.(*ControllerV1).PlaceOrder   | middleware.Auth   |
----------|--------|-------------------------------|---------------------------------------------------------------------|--------------------
| :8080   | GET    | /api/orderbook                | cex-exchange/internal/controller/trade.(*ControllerV1).GetOrderBook | middleware.Auth   |
----------|--------|-------------------------------|---------------------------------------------------------------------|--------------------
| :8080   | POST   | /api/register                 | cex-exchange/internal/controller/auth.(*ControllerV1).Register      |                   |
----------|--------|-------------------------------|---------------------------------------------------------------------|--------------------
| :8080   | ALL    | /api/test-redis               | cex-exchange/internal/controller/admin.(*ControllerV1).TestRedis    | middleware.Auth   |
----------|--------|-------------------------------|---------------------------------------------------------------------|--------------------
| :8080   | GET    | /api/trades                   | cex-exchange/internal/controller/trade.(*ControllerV1).GetTrades    | middleware.Auth   |
----------|--------|-------------------------------|---------------------------------------------------------------------|--------------------

2025-11-30T12:14:55.313+08:00 [INFO] {d89eb0fba8ad7c18f45c2c6825f3ef1d} Config path set to: manifest/config
2025-11-30T12:14:58.110+08:00 [INFO] {d89eb0fba8ad7c18f45c2c6825f3ef1d} ✅ Database connected successfully!
2025-11-30T12:14:58.116+08:00 [INFO] pid[94691]: http server started listening on [:8080]
2025-11-30T12:14:58.116+08:00 [INFO] openapi specification is disabled

----------|--------|-------------------------------|---------------------------------------------------------------------|--------------------
| ADDRESS | METHOD |             ROUTE             |                               HANDLER                               |    MIDDLEWARE     |
----------|--------|-------------------------------|---------------------------------------------------------------------|--------------------
| :8080   | ALL    | /*                            | cex-exchange/internal/middleware.ResponseHandler                    | GLOBAL MIDDLEWARE |
----------|--------|-------------------------------|---------------------------------------------------------------------|--------------------
| :8080   | GET    | /api/accounts                 | cex-exchange/internal/controller/funds.(*ControllerV1).ListAccounts | middleware.Auth   |
----------|--------|-------------------------------|---------------------------------------------------------------------|--------------------
| :8080   | GET    | /api/admin/accounts           | cex-exchange/internal/controller/admin.(*ControllerV1).ListAccounts | middleware.Auth   |
----------|--------|-------------------------------|---------------------------------------------------------------------|--------------------
| :8080   | POST   | /api/admin/accounts/add-funds | cex-exchange/internal/controller/admin.(*ControllerV1).AddFunds     | middleware.Auth   |
----------|--------|-------------------------------|---------------------------------------------------------------------|--------------------
| :8080   | GET    | /api/admin/orders             | cex-exchange/internal/controller/admin.(*ControllerV1).ListOrders   | middleware.Auth   |
----------|--------|-------------------------------|---------------------------------------------------------------------|--------------------
| :8080   | GET    | /api/admin/users              | cex-exchange/internal/controller/admin.(*ControllerV1).ListUsers    | middleware.Auth   |
----------|--------|-------------------------------|---------------------------------------------------------------------|--------------------
| :8080   | POST   | /api/deposit                  | cex-exchange/internal/controller/funds.(*ControllerV1).Deposit      | middleware.Auth   |
----------|--------|-------------------------------|---------------------------------------------------------------------|--------------------
| :8080   | POST   | /api/login                    | cex-exchange/internal/controller/auth.(*ControllerV1).Login         |                   |
----------|--------|-------------------------------|---------------------------------------------------------------------|--------------------
| :8080   | GET    | /api/my_orders                | cex-exchange/internal/controller/order.(*ControllerV1).ListMyOrders | middleware.Auth   |
----------|--------|-------------------------------|---------------------------------------------------------------------|--------------------
| :8080   | GET    | /api/my_trades                | cex-exchange/internal/controller/order.(*ControllerV1).ListMyTrades | middleware.Auth   |
----------|--------|-------------------------------|---------------------------------------------------------------------|--------------------
| :8080   | POST   | /api/order                    | cex-exchange/internal/controller/order.(*ControllerV1).PlaceOrder   | middleware.Auth   |
----------|--------|-------------------------------|---------------------------------------------------------------------|--------------------
| :8080   | GET    | /api/orderbook                | cex-exchange/internal/controller/trade.(*ControllerV1).GetOrderBook | middleware.Auth   |
----------|--------|-------------------------------|---------------------------------------------------------------------|--------------------
| :8080   | POST   | /api/register                 | cex-exchange/internal/controller/auth.(*ControllerV1).Register      |                   |
----------|--------|-------------------------------|---------------------------------------------------------------------|--------------------
| :8080   | ALL    | /api/test-redis               | cex-exchange/internal/controller/admin.(*ControllerV1).TestRedis    | middleware.Auth   |
----------|--------|-------------------------------|---------------------------------------------------------------------|--------------------
| :8080   | GET    | /api/trades                   | cex-exchange/internal/controller/trade.(*ControllerV1).GetTrades    | middleware.Auth   |
----------|--------|-------------------------------|---------------------------------------------------------------------|--------------------

2025-11-30T12:15:07.993+08:00 [WARN] {d8560bc8abad7c18f75c2c6859916000} Redis Get Error: Redis Client Do failed with arguments "[Get user:orders:1:]": EOF
2025-11-30T12:15:07.994+08:00 [INFO] {d8560bc8abad7c18f75c2c6859916000} ⚠️ Cache Miss for user: 1
2025-11-30T12:15:16.731+08:00 [ERRO] {d8560bc8abad7c18f75c2c6859916000} Redis SetEX Error: Redis Client Do failed with arguments "[SETEX user:orders:1: 20 [{"id":37,"user_id":1,"symbol":"BTC/USDT","side":"buy","type":"market","price":"","amount":"2","filled":"0","status":"open","created_at":"2025-11-29 21:53:51","updated_at":"2025-11-29 21:53:51"},{"id":36,"user_id":1,"symbol":"BTC/USDT","side":"buy","type":"market","price":"","amount":"1","filled":"0","status":"open","created_at":"2025-11-29 21:52:53","updated_at":"2025-11-29 21:52:53"},{"id":35,"user_id":1,"symbol":"BTC/USDT","side":"sell","type":"market","price":"","amount":"1","filled":"0","status":"open","created_at":"2025-11-29 21:49:12","updated_at":"2025-11-29 21:49:12"},{"id":34,"user_id":1,"symbol":"BTC/USDT","side":"sell","type":"market","price":"10002","amount":"2","filled":"0","status":"open","created_at":"2025-11-29 21:19:58","updated_at":"2025-11-29 21:19:58"},{"id":33,"user_id":1,"symbol":"BTC/USDT","side":"buy","type":"market","price":"10002","amount":"2","filled":"2","status":"filled","created_at":"2025-11-29 21:19:45","updated_at":"2025-11-29 21:19:51"},{"id":32,"user_id":1,"symbol":"BTC/USDT","side":"sell","type":"limit","price":"10002","amount":"2","filled":"1","status":"partially_filled","created_at":"2025-11-29 21:18:56","updated_at":"2025-11-29 21:19:03"},{"id":13,"user_id":1,"symbol":"SOL/USDT","side":"buy","type":"limit","price":"100","amount":"1","filled":"0","status":"open","created_at":"2025-11-29 18:19:28","updated_at":"2025-11-29 18:19:28"},{"id":12,"user_id":1,"symbol":"ETH/USDT","side":"buy","type":"limit","price":"1000","amount":"1","filled":"0","status":"open","created_at":"2025-11-29 13:27:09","updated_at":"2025-11-29 13:27:09"},{"id":11,"user_id":1,"symbol":"BTC/USDT","side":"buy","type":"limit","price":"100","amount":"1","filled":"0","status":"open","created_at":"2025-11-29 13:24:28","updated_at":"2025-11-29 13:24:28"},{"id":10,"user_id":1,"symbol":"BTC/USDT","side":"buy","type":"limit","price":"100000","amount":"1","filled":"0","status":"open","created_at":"2025-11-29 13:24:15","updated_at":"2025-11-29 13:24:15"},{"id":9,"user_id":1,"symbol":"BTC/USDT","side":"buy","type":"limit","price":"10002","amount":"1","filled":"0","status":"open","created_at":"2025-11-29 13:21:28","updated_at":"2025-11-29 13:21:28"},{"id":8,"user_id":1,"symbol":"BTC/USDT","side":"sell","type":"limit","price":"","amount":"1","filled":"0","status":"open","created_at":"2025-11-29 13:17:33","updated_at":"2025-11-29 13:17:33"},{"id":7,"user_id":1,"symbol":"BTC/USDT","side":"sell","type":"limit","price":"1000003","amount":"1","filled":"0","status":"open","created_at":"2025-11-29 13:16:55","updated_at":"2025-11-29 13:16:55"},{"id":6,"user_id":1,"symbol":"BTC/USDT","side":"sell","type":"limit","price":"1000002","amount":"1","filled":"0","status":"open","created_at":"2025-11-29 13:15:16","updated_at":"2025-11-29 13:15:16"},{"id":5,"user_id":1,"symbol":"BTC/USDT","side":"sell","type":"limit","price":"1000001","amount":"1","filled":"0","status":"open","created_at":"2025-11-29 13:14:54","updated_at":"2025-11-29 13:14:54"},{"id":4,"user_id":1,"symbol":"BTC/USDT","side":"buy","type":"limit","price":"100000","amount":"1","filled":"0","status":"open","created_at":"2025-11-29 13:14:16","updated_at":"2025-11-29 13:14:16"},{"id":3,"user_id":1,"symbol":"BTC/USDT","side":"buy","type":"limit","price":"100000","amount":"1","filled":"0","status":"open","created_at":"2025-11-29 13:14:08","updated_at":"2025-11-29 13:14:08"},{"id":2,"user_id":1,"symbol":"BTC/USDT","side":"sell","type":"limit","price":"15000","amount":"1","filled":"1","status":"filled","created_at":"2025-11-27 17:52:46","updated_at":"2025-11-27 17:52:51"},{"id":1,"user_id":1,"symbol":"BTC/USDT","side":"buy","type":"limit","price":"15000","amount":"1","filled":"1","status":"filled","created_at":"2025-11-27 17:44:15","updated_at":"2025-11-27 17:52:53"}]]": EOF 
Stack:
1.  cex-exchange/internal/service.(*orderImpl).ListMyOrders
    /Users/zhanjun/IdeaProjects/cex-exchange/cex-exchange/internal/service/order.go:117
2.  cex-exchange/internal/controller/order.(*ControllerV1).ListMyOrders
    /Users/zhanjun/IdeaProjects/cex-exchange/cex-exchange/internal/controller/order/order_v1.go:52
3.  cex-exchange/internal/middleware.Auth
    /Users/zhanjun/IdeaProjects/cex-exchange/cex-exchange/internal/middleware/auth.go:59
4.  cex-exchange/internal/middleware.ResponseHandler
    /Users/zhanjun/IdeaProjects/cex-exchange/cex-exchange/internal/middleware/middleware.go:16
5.  cex-exchange/internal/middleware.CORS
    /Users/zhanjun/IdeaProjects/cex-exchange/cex-exchange/internal/middleware/middleware.go:11

2025-11-30T12:15:23.554+08:00 [WARN] {e07dd769afad7c18fa5c2c6889b939a4} Redis Get Error: Redis Client Do failed with arguments "[Get user:orders:1:]": EOF
2025-11-30T12:15:23.555+08:00 [INFO] {e07dd769afad7c18fa5c2c6889b939a4} ⚠️ Cache Miss for user: 1
2025-11-30T12:15:24.897+08:00 [ERRO] {e07dd769afad7c18fa5c2c6889b939a4} Redis SetEX Error: Redis Client Do failed with arguments "[SETEX user:orders:1: 20 [{"id":37,"user_id":1,"symbol":"BTC/USDT","side":"buy","type":"market","price":"","amount":"2","filled":"0","status":"open","created_at":"2025-11-29 21:53:51","updated_at":"2025-11-29 21:53:51"},{"id":36,"user_id":1,"symbol":"BTC/USDT","side":"buy","type":"market","price":"","amount":"1","filled":"0","status":"open","created_at":"2025-11-29 21:52:53","updated_at":"2025-11-29 21:52:53"},{"id":35,"user_id":1,"symbol":"BTC/USDT","side":"sell","type":"market","price":"","amount":"1","filled":"0","status":"open","created_at":"2025-11-29 21:49:12","updated_at":"2025-11-29 21:49:12"},{"id":34,"user_id":1,"symbol":"BTC/USDT","side":"sell","type":"market","price":"10002","amount":"2","filled":"0","status":"open","created_at":"2025-11-29 21:19:58","updated_at":"2025-11-29 21:19:58"},{"id":33,"user_id":1,"symbol":"BTC/USDT","side":"buy","type":"market","price":"10002","amount":"2","filled":"2","status":"filled","created_at":"2025-11-29 21:19:45","updated_at":"2025-11-29 21:19:51"},{"id":32,"user_id":1,"symbol":"BTC/USDT","side":"sell","type":"limit","price":"10002","amount":"2","filled":"1","status":"partially_filled","created_at":"2025-11-29 21:18:56","updated_at":"2025-11-29 21:19:03"},{"id":13,"user_id":1,"symbol":"SOL/USDT","side":"buy","type":"limit","price":"100","amount":"1","filled":"0","status":"open","created_at":"2025-11-29 18:19:28","updated_at":"2025-11-29 18:19:28"},{"id":12,"user_id":1,"symbol":"ETH/USDT","side":"buy","type":"limit","price":"1000","amount":"1","filled":"0","status":"open","created_at":"2025-11-29 13:27:09","updated_at":"2025-11-29 13:27:09"},{"id":11,"user_id":1,"symbol":"BTC/USDT","side":"buy","type":"limit","price":"100","amount":"1","filled":"0","status":"open","created_at":"2025-11-29 13:24:28","updated_at":"2025-11-29 13:24:28"},{"id":10,"user_id":1,"symbol":"BTC/USDT","side":"buy","type":"limit","price":"100000","amount":"1","filled":"0","status":"open","created_at":"2025-11-29 13:24:15","updated_at":"2025-11-29 13:24:15"},{"id":9,"user_id":1,"symbol":"BTC/USDT","side":"buy","type":"limit","price":"10002","amount":"1","filled":"0","status":"open","created_at":"2025-11-29 13:21:28","updated_at":"2025-11-29 13:21:28"},{"id":8,"user_id":1,"symbol":"BTC/USDT","side":"sell","type":"limit","price":"","amount":"1","filled":"0","status":"open","created_at":"2025-11-29 13:17:33","updated_at":"2025-11-29 13:17:33"},{"id":7,"user_id":1,"symbol":"BTC/USDT","side":"sell","type":"limit","price":"1000003","amount":"1","filled":"0","status":"open","created_at":"2025-11-29 13:16:55","updated_at":"2025-11-29 13:16:55"},{"id":6,"user_id":1,"symbol":"BTC/USDT","side":"sell","type":"limit","price":"1000002","amount":"1","filled":"0","status":"open","created_at":"2025-11-29 13:15:16","updated_at":"2025-11-29 13:15:16"},{"id":5,"user_id":1,"symbol":"BTC/USDT","side":"sell","type":"limit","price":"1000001","amount":"1","filled":"0","status":"open","created_at":"2025-11-29 13:14:54","updated_at":"2025-11-29 13:14:54"},{"id":4,"user_id":1,"symbol":"BTC/USDT","side":"buy","type":"limit","price":"100000","amount":"1","filled":"0","status":"open","created_at":"2025-11-29 13:14:16","updated_at":"2025-11-29 13:14:16"},{"id":3,"user_id":1,"symbol":"BTC/USDT","side":"buy","type":"limit","price":"100000","amount":"1","filled":"0","status":"open","created_at":"2025-11-29 13:14:08","updated_at":"2025-11-29 13:14:08"},{"id":2,"user_id":1,"symbol":"BTC/USDT","side":"sell","type":"limit","price":"15000","amount":"1","filled":"1","status":"filled","created_at":"2025-11-27 17:52:46","updated_at":"2025-11-27 17:52:51"},{"id":1,"user_id":1,"symbol":"BTC/USDT","side":"buy","type":"limit","price":"15000","amount":"1","filled":"1","status":"filled","created_at":"2025-11-27 17:44:15","updated_at":"2025-11-27 17:52:53"}]]": EOF 
Stack:
1.  cex-exchange/internal/service.(*orderImpl).ListMyOrders
    /Users/zhanjun/IdeaProjects/cex-exchange/cex-exchange/internal/service/order.go:117
2.  cex-exchange/internal/controller/order.(*ControllerV1).ListMyOrders
    /Users/zhanjun/IdeaProjects/cex-exchange/cex-exchange/internal/controller/order/order_v1.go:52
3.  cex-exchange/internal/middleware.Auth
    /Users/zhanjun/IdeaProjects/cex-exchange/cex-exchange/internal/middleware/auth.go:59
4.  cex-exchange/internal/middleware.ResponseHandler
    /Users/zhanjun/IdeaProjects/cex-exchange/cex-exchange/internal/middleware/middleware.go:16
5.  cex-exchange/internal/middleware.CORS
    /Users/zhanjun/IdeaProjects/cex-exchange/cex-exchange/internal/middleware/middleware.go:11

2025-11-30T12:16:03.877+08:00 [WARN] {78ea80cbb8ad7c18fd5c2c6891d923fa} Redis Get Error: Redis Client Do failed with arguments "[Get user:orders:1:]": EOF
2025-11-30T12:16:03.878+08:00 [INFO] {78ea80cbb8ad7c18fd5c2c6891d923fa} ⚠️ Cache Miss for user: 1
2025-11-30T12:16:07.640+08:00 [ERRO] {78ea80cbb8ad7c18fd5c2c6891d923fa} Redis SetEX Error: Redis Client Do failed with arguments "[SETEX user:orders:1: 20 [{"id":37,"user_id":1,"symbol":"BTC/USDT","side":"buy","type":"market","price":"","amount":"2","filled":"0","status":"open","created_at":"2025-11-29 21:53:51","updated_at":"2025-11-29 21:53:51"},{"id":36,"user_id":1,"symbol":"BTC/USDT","side":"buy","type":"market","price":"","amount":"1","filled":"0","status":"open","created_at":"2025-11-29 21:52:53","updated_at":"2025-11-29 21:52:53"},{"id":35,"user_id":1,"symbol":"BTC/USDT","side":"sell","type":"market","price":"","amount":"1","filled":"0","status":"open","created_at":"2025-11-29 21:49:12","updated_at":"2025-11-29 21:49:12"},{"id":34,"user_id":1,"symbol":"BTC/USDT","side":"sell","type":"market","price":"10002","amount":"2","filled":"0","status":"open","created_at":"2025-11-29 21:19:58","updated_at":"2025-11-29 21:19:58"},{"id":33,"user_id":1,"symbol":"BTC/USDT","side":"buy","type":"market","price":"10002","amount":"2","filled":"2","status":"filled","created_at":"2025-11-29 21:19:45","updated_at":"2025-11-29 21:19:51"},{"id":32,"user_id":1,"symbol":"BTC/USDT","side":"sell","type":"limit","price":"10002","amount":"2","filled":"1","status":"partially_filled","created_at":"2025-11-29 21:18:56","updated_at":"2025-11-29 21:19:03"},{"id":13,"user_id":1,"symbol":"SOL/USDT","side":"buy","type":"limit","price":"100","amount":"1","filled":"0","status":"open","created_at":"2025-11-29 18:19:28","updated_at":"2025-11-29 18:19:28"},{"id":12,"user_id":1,"symbol":"ETH/USDT","side":"buy","type":"limit","price":"1000","amount":"1","filled":"0","status":"open","created_at":"2025-11-29 13:27:09","updated_at":"2025-11-29 13:27:09"},{"id":11,"user_id":1,"symbol":"BTC/USDT","side":"buy","type":"limit","price":"100","amount":"1","filled":"0","status":"open","created_at":"2025-11-29 13:24:28","updated_at":"2025-11-29 13:24:28"},{"id":10,"user_id":1,"symbol":"BTC/USDT","side":"buy","type":"limit","price":"100000","amount":"1","filled":"0","status":"open","created_at":"2025-11-29 13:24:15","updated_at":"2025-11-29 13:24:15"},{"id":9,"user_id":1,"symbol":"BTC/USDT","side":"buy","type":"limit","price":"10002","amount":"1","filled":"0","status":"open","created_at":"2025-11-29 13:21:28","updated_at":"2025-11-29 13:21:28"},{"id":8,"user_id":1,"symbol":"BTC/USDT","side":"sell","type":"limit","price":"","amount":"1","filled":"0","status":"open","created_at":"2025-11-29 13:17:33","updated_at":"2025-11-29 13:17:33"},{"id":7,"user_id":1,"symbol":"BTC/USDT","side":"sell","type":"limit","price":"1000003","amount":"1","filled":"0","status":"open","created_at":"2025-11-29 13:16:55","updated_at":"2025-11-29 13:16:55"},{"id":6,"user_id":1,"symbol":"BTC/USDT","side":"sell","type":"limit","price":"1000002","amount":"1","filled":"0","status":"open","created_at":"2025-11-29 13:15:16","updated_at":"2025-11-29 13:15:16"},{"id":5,"user_id":1,"symbol":"BTC/USDT","side":"sell","type":"limit","price":"1000001","amount":"1","filled":"0","status":"open","created_at":"2025-11-29 13:14:54","updated_at":"2025-11-29 13:14:54"},{"id":4,"user_id":1,"symbol":"BTC/USDT","side":"buy","type":"limit","price":"100000","amount":"1","filled":"0","status":"open","created_at":"2025-11-29 13:14:16","updated_at":"2025-11-29 13:14:16"},{"id":3,"user_id":1,"symbol":"BTC/USDT","side":"buy","type":"limit","price":"100000","amount":"1","filled":"0","status":"open","created_at":"2025-11-29 13:14:08","updated_at":"2025-11-29 13:14:08"},{"id":2,"user_id":1,"symbol":"BTC/USDT","side":"sell","type":"limit","price":"15000","amount":"1","filled":"1","status":"filled","created_at":"2025-11-27 17:52:46","updated_at":"2025-11-27 17:52:51"},{"id":1,"user_id":1,"symbol":"BTC/USDT","side":"buy","type":"limit","price":"15000","amount":"1","filled":"1","status":"filled","created_at":"2025-11-27 17:44:15","updated_at":"2025-11-27 17:52:53"}]]": EOF 
Stack:
1.  cex-exchange/internal/service.(*orderImpl).ListMyOrders
    /Users/zhanjun/IdeaProjects/cex-exchange/cex-exchange/internal/service/order.go:117
2.  cex-exchange/internal/controller/order.(*ControllerV1).ListMyOrders
    /Users/zhanjun/IdeaProjects/cex-exchange/cex-exchange/internal/controller/order/order_v1.go:52
3.  cex-exchange/internal/middleware.Auth
    /Users/zhanjun/IdeaProjects/cex-exchange/cex-exchange/internal/middleware/auth.go:59
4.  cex-exchange/internal/middleware.ResponseHandler
    /Users/zhanjun/IdeaProjects/cex-exchange/cex-exchange/internal/middleware/middleware.go:16
5.  cex-exchange/internal/middleware.CORS
    /Users/zhanjun/IdeaProjects/cex-exchange/cex-exchange/internal/middleware/middleware.go:11

2025-11-30T12:25:00.948+08:00 [INFO] {20b40efe35ae7c189a8c350bab17ede6} Config path set to: manifest/config
2025-11-30T12:25:03.731+08:00 [INFO] {20b40efe35ae7c189a8c350bab17ede6} ✅ Database connected successfully!
2025-11-30T12:25:03.744+08:00 [INFO] pid[95149]: http server started listening on [:8080]
2025-11-30T12:25:03.744+08:00 [INFO] openapi specification is disabled

----------|--------|-------------------------------|---------------------------------------------------------------------|--------------------
| ADDRESS | METHOD |             ROUTE             |                               HANDLER                               |    MIDDLEWARE     |
----------|--------|-------------------------------|---------------------------------------------------------------------|--------------------
| :8080   | ALL    | /*                            | cex-exchange/internal/middleware.ResponseHandler                    | GLOBAL MIDDLEWARE |
----------|--------|-------------------------------|---------------------------------------------------------------------|--------------------
| :8080   | GET    | /api/accounts                 | cex-exchange/internal/controller/funds.(*ControllerV1).ListAccounts | middleware.Auth   |
----------|--------|-------------------------------|---------------------------------------------------------------------|--------------------
| :8080   | GET    | /api/admin/accounts           | cex-exchange/internal/controller/admin.(*ControllerV1).ListAccounts | middleware.Auth   |
----------|--------|-------------------------------|---------------------------------------------------------------------|--------------------
| :8080   | POST   | /api/admin/accounts/add-funds | cex-exchange/internal/controller/admin.(*ControllerV1).AddFunds     | middleware.Auth   |
----------|--------|-------------------------------|---------------------------------------------------------------------|--------------------
| :8080   | GET    | /api/admin/orders             | cex-exchange/internal/controller/admin.(*ControllerV1).ListOrders   | middleware.Auth   |
----------|--------|-------------------------------|---------------------------------------------------------------------|--------------------
| :8080   | GET    | /api/admin/users              | cex-exchange/internal/controller/admin.(*ControllerV1).ListUsers    | middleware.Auth   |
----------|--------|-------------------------------|---------------------------------------------------------------------|--------------------
| :8080   | POST   | /api/deposit                  | cex-exchange/internal/controller/funds.(*ControllerV1).Deposit      | middleware.Auth   |
----------|--------|-------------------------------|---------------------------------------------------------------------|--------------------
| :8080   | POST   | /api/login                    | cex-exchange/internal/controller/auth.(*ControllerV1).Login         |                   |
----------|--------|-------------------------------|---------------------------------------------------------------------|--------------------
| :8080   | GET    | /api/my_orders                | cex-exchange/internal/controller/order.(*ControllerV1).ListMyOrders | middleware.Auth   |
----------|--------|-------------------------------|---------------------------------------------------------------------|--------------------
| :8080   | GET    | /api/my_trades                | cex-exchange/internal/controller/order.(*ControllerV1).ListMyTrades | middleware.Auth   |
----------|--------|-------------------------------|---------------------------------------------------------------------|--------------------
| :8080   | POST   | /api/order                    | cex-exchange/internal/controller/order.(*ControllerV1).PlaceOrder   | middleware.Auth   |
----------|--------|-------------------------------|---------------------------------------------------------------------|--------------------
| :8080   | GET    | /api/orderbook                | cex-exchange/internal/controller/trade.(*ControllerV1).GetOrderBook | middleware.Auth   |
----------|--------|-------------------------------|---------------------------------------------------------------------|--------------------
| :8080   | POST   | /api/register                 | cex-exchange/internal/controller/auth.(*ControllerV1).Register      |                   |
----------|--------|-------------------------------|---------------------------------------------------------------------|--------------------
| :8080   | ALL    | /api/test-redis               | cex-exchange/internal/controller/admin.(*ControllerV1).TestRedis    | middleware.Auth   |
----------|--------|-------------------------------|---------------------------------------------------------------------|--------------------
| :8080   | GET    | /api/trades                   | cex-exchange/internal/controller/trade.(*ControllerV1).GetTrades    | middleware.Auth   |
----------|--------|-------------------------------|---------------------------------------------------------------------|--------------------

2025-11-30T12:25:19.862+08:00 [WARN] {7059f23e3aae7c189d8c350b86c4ac27} Redis Get Error: Redis Client Do failed with arguments "[Get user:orders:1:]": EOF
2025-11-30T12:25:19.863+08:00 [INFO] {7059f23e3aae7c189d8c350b86c4ac27} ⚠️ Cache Miss for user: 1
2025-11-30T12:25:24.126+08:00 [ERRO] {7059f23e3aae7c189d8c350b86c4ac27} Redis SetEX Error: Redis Client Do failed with arguments "[SETEX user:orders:1: 20 [{"id":37,"user_id":1,"symbol":"BTC/USDT","side":"buy","type":"market","price":"","amount":"2","filled":"0","status":"open","created_at":"2025-11-29 21:53:51","updated_at":"2025-11-29 21:53:51"},{"id":36,"user_id":1,"symbol":"BTC/USDT","side":"buy","type":"market","price":"","amount":"1","filled":"0","status":"open","created_at":"2025-11-29 21:52:53","updated_at":"2025-11-29 21:52:53"},{"id":35,"user_id":1,"symbol":"BTC/USDT","side":"sell","type":"market","price":"","amount":"1","filled":"0","status":"open","created_at":"2025-11-29 21:49:12","updated_at":"2025-11-29 21:49:12"},{"id":34,"user_id":1,"symbol":"BTC/USDT","side":"sell","type":"market","price":"10002","amount":"2","filled":"0","status":"open","created_at":"2025-11-29 21:19:58","updated_at":"2025-11-29 21:19:58"},{"id":33,"user_id":1,"symbol":"BTC/USDT","side":"buy","type":"market","price":"10002","amount":"2","filled":"2","status":"filled","created_at":"2025-11-29 21:19:45","updated_at":"2025-11-29 21:19:51"},{"id":32,"user_id":1,"symbol":"BTC/USDT","side":"sell","type":"limit","price":"10002","amount":"2","filled":"1","status":"partially_filled","created_at":"2025-11-29 21:18:56","updated_at":"2025-11-29 21:19:03"},{"id":13,"user_id":1,"symbol":"SOL/USDT","side":"buy","type":"limit","price":"100","amount":"1","filled":"0","status":"open","created_at":"2025-11-29 18:19:28","updated_at":"2025-11-29 18:19:28"},{"id":12,"user_id":1,"symbol":"ETH/USDT","side":"buy","type":"limit","price":"1000","amount":"1","filled":"0","status":"open","created_at":"2025-11-29 13:27:09","updated_at":"2025-11-29 13:27:09"},{"id":11,"user_id":1,"symbol":"BTC/USDT","side":"buy","type":"limit","price":"100","amount":"1","filled":"0","status":"open","created_at":"2025-11-29 13:24:28","updated_at":"2025-11-29 13:24:28"},{"id":10,"user_id":1,"symbol":"BTC/USDT","side":"buy","type":"limit","price":"100000","amount":"1","filled":"0","status":"open","created_at":"2025-11-29 13:24:15","updated_at":"2025-11-29 13:24:15"},{"id":9,"user_id":1,"symbol":"BTC/USDT","side":"buy","type":"limit","price":"10002","amount":"1","filled":"0","status":"open","created_at":"2025-11-29 13:21:28","updated_at":"2025-11-29 13:21:28"},{"id":8,"user_id":1,"symbol":"BTC/USDT","side":"sell","type":"limit","price":"","amount":"1","filled":"0","status":"open","created_at":"2025-11-29 13:17:33","updated_at":"2025-11-29 13:17:33"},{"id":7,"user_id":1,"symbol":"BTC/USDT","side":"sell","type":"limit","price":"1000003","amount":"1","filled":"0","status":"open","created_at":"2025-11-29 13:16:55","updated_at":"2025-11-29 13:16:55"},{"id":6,"user_id":1,"symbol":"BTC/USDT","side":"sell","type":"limit","price":"1000002","amount":"1","filled":"0","status":"open","created_at":"2025-11-29 13:15:16","updated_at":"2025-11-29 13:15:16"},{"id":5,"user_id":1,"symbol":"BTC/USDT","side":"sell","type":"limit","price":"1000001","amount":"1","filled":"0","status":"open","created_at":"2025-11-29 13:14:54","updated_at":"2025-11-29 13:14:54"},{"id":4,"user_id":1,"symbol":"BTC/USDT","side":"buy","type":"limit","price":"100000","amount":"1","filled":"0","status":"open","created_at":"2025-11-29 13:14:16","updated_at":"2025-11-29 13:14:16"},{"id":3,"user_id":1,"symbol":"BTC/USDT","side":"buy","type":"limit","price":"100000","amount":"1","filled":"0","status":"open","created_at":"2025-11-29 13:14:08","updated_at":"2025-11-29 13:14:08"},{"id":2,"user_id":1,"symbol":"BTC/USDT","side":"sell","type":"limit","price":"15000","amount":"1","filled":"1","status":"filled","created_at":"2025-11-27 17:52:46","updated_at":"2025-11-27 17:52:51"},{"id":1,"user_id":1,"symbol":"BTC/USDT","side":"buy","type":"limit","price":"15000","amount":"1","filled":"1","status":"filled","created_at":"2025-11-27 17:44:15","updated_at":"2025-11-27 17:52:53"}]]": EOF 
Stack:
1.  cex-exchange/internal/service.(*orderImpl).ListMyOrders
    /Users/zhanjun/IdeaProjects/cex-exchange/cex-exchange/internal/service/order.go:117
2.  cex-exchange/internal/controller/order.(*ControllerV1).ListMyOrders
    /Users/zhanjun/IdeaProjects/cex-exchange/cex-exchange/internal/controller/order/order_v1.go:52
3.  cex-exchange/internal/middleware.Auth
    /Users/zhanjun/IdeaProjects/cex-exchange/cex-exchange/internal/middleware/auth.go:59
4.  cex-exchange/internal/middleware.ResponseHandler
    /Users/zhanjun/IdeaProjects/cex-exchange/cex-exchange/internal/middleware/middleware.go:16
5.  cex-exchange/internal/middleware.CORS
    /Users/zhanjun/IdeaProjects/cex-exchange/cex-exchange/internal/middleware/middleware.go:11

2025-11-30T12:25:32.244+08:00 [WARN] {40fd2c1f3dae7c18a08c350b9c1f515a} Redis Get Error: Redis Client Do failed with arguments "[Get user:orders:1:]": EOF
2025-11-30T12:25:32.245+08:00 [INFO] {40fd2c1f3dae7c18a08c350b9c1f515a} ⚠️ Cache Miss for user: 1
2025-11-30T12:25:33.835+08:00 [ERRO] {40fd2c1f3dae7c18a08c350b9c1f515a} Redis SetEX Error: Redis Client Do failed with arguments "[SETEX user:orders:1: 20 [{"id":37,"user_id":1,"symbol":"BTC/USDT","side":"buy","type":"market","price":"","amount":"2","filled":"0","status":"open","created_at":"2025-11-29 21:53:51","updated_at":"2025-11-29 21:53:51"},{"id":36,"user_id":1,"symbol":"BTC/USDT","side":"buy","type":"market","price":"","amount":"1","filled":"0","status":"open","created_at":"2025-11-29 21:52:53","updated_at":"2025-11-29 21:52:53"},{"id":35,"user_id":1,"symbol":"BTC/USDT","side":"sell","type":"market","price":"","amount":"1","filled":"0","status":"open","created_at":"2025-11-29 21:49:12","updated_at":"2025-11-29 21:49:12"},{"id":34,"user_id":1,"symbol":"BTC/USDT","side":"sell","type":"market","price":"10002","amount":"2","filled":"0","status":"open","created_at":"2025-11-29 21:19:58","updated_at":"2025-11-29 21:19:58"},{"id":33,"user_id":1,"symbol":"BTC/USDT","side":"buy","type":"market","price":"10002","amount":"2","filled":"2","status":"filled","created_at":"2025-11-29 21:19:45","updated_at":"2025-11-29 21:19:51"},{"id":32,"user_id":1,"symbol":"BTC/USDT","side":"sell","type":"limit","price":"10002","amount":"2","filled":"1","status":"partially_filled","created_at":"2025-11-29 21:18:56","updated_at":"2025-11-29 21:19:03"},{"id":13,"user_id":1,"symbol":"SOL/USDT","side":"buy","type":"limit","price":"100","amount":"1","filled":"0","status":"open","created_at":"2025-11-29 18:19:28","updated_at":"2025-11-29 18:19:28"},{"id":12,"user_id":1,"symbol":"ETH/USDT","side":"buy","type":"limit","price":"1000","amount":"1","filled":"0","status":"open","created_at":"2025-11-29 13:27:09","updated_at":"2025-11-29 13:27:09"},{"id":11,"user_id":1,"symbol":"BTC/USDT","side":"buy","type":"limit","price":"100","amount":"1","filled":"0","status":"open","created_at":"2025-11-29 13:24:28","updated_at":"2025-11-29 13:24:28"},{"id":10,"user_id":1,"symbol":"BTC/USDT","side":"buy","type":"limit","price":"100000","amount":"1","filled":"0","status":"open","created_at":"2025-11-29 13:24:15","updated_at":"2025-11-29 13:24:15"},{"id":9,"user_id":1,"symbol":"BTC/USDT","side":"buy","type":"limit","price":"10002","amount":"1","filled":"0","status":"open","created_at":"2025-11-29 13:21:28","updated_at":"2025-11-29 13:21:28"},{"id":8,"user_id":1,"symbol":"BTC/USDT","side":"sell","type":"limit","price":"","amount":"1","filled":"0","status":"open","created_at":"2025-11-29 13:17:33","updated_at":"2025-11-29 13:17:33"},{"id":7,"user_id":1,"symbol":"BTC/USDT","side":"sell","type":"limit","price":"1000003","amount":"1","filled":"0","status":"open","created_at":"2025-11-29 13:16:55","updated_at":"2025-11-29 13:16:55"},{"id":6,"user_id":1,"symbol":"BTC/USDT","side":"sell","type":"limit","price":"1000002","amount":"1","filled":"0","status":"open","created_at":"2025-11-29 13:15:16","updated_at":"2025-11-29 13:15:16"},{"id":5,"user_id":1,"symbol":"BTC/USDT","side":"sell","type":"limit","price":"1000001","amount":"1","filled":"0","status":"open","created_at":"2025-11-29 13:14:54","updated_at":"2025-11-29 13:14:54"},{"id":4,"user_id":1,"symbol":"BTC/USDT","side":"buy","type":"limit","price":"100000","amount":"1","filled":"0","status":"open","created_at":"2025-11-29 13:14:16","updated_at":"2025-11-29 13:14:16"},{"id":3,"user_id":1,"symbol":"BTC/USDT","side":"buy","type":"limit","price":"100000","amount":"1","filled":"0","status":"open","created_at":"2025-11-29 13:14:08","updated_at":"2025-11-29 13:14:08"},{"id":2,"user_id":1,"symbol":"BTC/USDT","side":"sell","type":"limit","price":"15000","amount":"1","filled":"1","status":"filled","created_at":"2025-11-27 17:52:46","updated_at":"2025-11-27 17:52:51"},{"id":1,"user_id":1,"symbol":"BTC/USDT","side":"buy","type":"limit","price":"15000","amount":"1","filled":"1","status":"filled","created_at":"2025-11-27 17:44:15","updated_at":"2025-11-27 17:52:53"}]]": EOF 
Stack:
1.  cex-exchange/internal/service.(*orderImpl).ListMyOrders
    /Users/zhanjun/IdeaProjects/cex-exchange/cex-exchange/internal/service/order.go:117
2.  cex-exchange/internal/controller/order.(*ControllerV1).ListMyOrders
    /Users/zhanjun/IdeaProjects/cex-exchange/cex-exchange/internal/controller/order/order_v1.go:52
3.  cex-exchange/internal/middleware.Auth
    /Users/zhanjun/IdeaProjects/cex-exchange/cex-exchange/internal/middleware/auth.go:59
4.  cex-exchange/internal/middleware.ResponseHandler
    /Users/zhanjun/IdeaProjects/cex-exchange/cex-exchange/internal/middleware/middleware.go:16
5.  cex-exchange/internal/middleware.CORS
    /Users/zhanjun/IdeaProjects/cex-exchange/cex-exchange/internal/middleware/middleware.go:11

2025-11-30T12:27:01.574+08:00 [INFO] {b04c361452ae7c1892678c1db9b930b5} Config path set to: manifest/config
2025-11-30T12:27:04.407+08:00 [INFO] {b04c361452ae7c1892678c1db9b930b5} ✅ Database connected successfully!
2025-11-30T12:27:04.417+08:00 [INFO] openapi specification is disabled
2025-11-30T12:27:04.417+08:00 [INFO] pid[95360]: http server started listening on [:8080]

----------|--------|-------------------------------|---------------------------------------------------------------------|--------------------
| ADDRESS | METHOD |             ROUTE             |                               HANDLER                               |    MIDDLEWARE     |
----------|--------|-------------------------------|---------------------------------------------------------------------|--------------------
| :8080   | ALL    | /*                            | cex-exchange/internal/middleware.ResponseHandler                    | GLOBAL MIDDLEWARE |
----------|--------|-------------------------------|---------------------------------------------------------------------|--------------------
| :8080   | GET    | /api/accounts                 | cex-exchange/internal/controller/funds.(*ControllerV1).ListAccounts | middleware.Auth   |
----------|--------|-------------------------------|---------------------------------------------------------------------|--------------------
| :8080   | GET    | /api/admin/accounts           | cex-exchange/internal/controller/admin.(*ControllerV1).ListAccounts | middleware.Auth   |
----------|--------|-------------------------------|---------------------------------------------------------------------|--------------------
| :8080   | POST   | /api/admin/accounts/add-funds | cex-exchange/internal/controller/admin.(*ControllerV1).AddFunds     | middleware.Auth   |
----------|--------|-------------------------------|---------------------------------------------------------------------|--------------------
| :8080   | GET    | /api/admin/orders             | cex-exchange/internal/controller/admin.(*ControllerV1).ListOrders   | middleware.Auth   |
----------|--------|-------------------------------|---------------------------------------------------------------------|--------------------
| :8080   | GET    | /api/admin/users              | cex-exchange/internal/controller/admin.(*ControllerV1).ListUsers    | middleware.Auth   |
----------|--------|-------------------------------|---------------------------------------------------------------------|--------------------
| :8080   | POST   | /api/deposit                  | cex-exchange/internal/controller/funds.(*ControllerV1).Deposit      | middleware.Auth   |
----------|--------|-------------------------------|---------------------------------------------------------------------|--------------------
| :8080   | POST   | /api/login                    | cex-exchange/internal/controller/auth.(*ControllerV1).Login         |                   |
----------|--------|-------------------------------|---------------------------------------------------------------------|--------------------
| :8080   | GET    | /api/my_orders                | cex-exchange/internal/controller/order.(*ControllerV1).ListMyOrders | middleware.Auth   |
----------|--------|-------------------------------|---------------------------------------------------------------------|--------------------
| :8080   | GET    | /api/my_trades                | cex-exchange/internal/controller/order.(*ControllerV1).ListMyTrades | middleware.Auth   |
----------|--------|-------------------------------|---------------------------------------------------------------------|--------------------
| :8080   | POST   | /api/order                    | cex-exchange/internal/controller/order.(*ControllerV1).PlaceOrder   | middleware.Auth   |
----------|--------|-------------------------------|---------------------------------------------------------------------|--------------------
| :8080   | GET    | /api/orderbook                | cex-exchange/internal/controller/trade.(*ControllerV1).GetOrderBook | middleware.Auth   |
----------|--------|-------------------------------|---------------------------------------------------------------------|--------------------
| :8080   | POST   | /api/register                 | cex-exchange/internal/controller/auth.(*ControllerV1).Register      |                   |
----------|--------|-------------------------------|---------------------------------------------------------------------|--------------------
| :8080   | ALL    | /api/test-redis               | cex-exchange/internal/controller/admin.(*ControllerV1).TestRedis    | middleware.Auth   |
----------|--------|-------------------------------|---------------------------------------------------------------------|--------------------
| :8080   | GET    | /api/trades                   | cex-exchange/internal/controller/trade.(*ControllerV1).GetTrades    | middleware.Auth   |
----------|--------|-------------------------------|---------------------------------------------------------------------|--------------------

2025-11-30T12:27:18.141+08:00 [WARN] {006896c755ae7c1896678c1d26e01b7e} Redis Get Error: Redis Client Do failed with arguments "[Get user:orders:1:]": EOF
2025-11-30T12:27:18.141+08:00 [INFO] {006896c755ae7c1896678c1d26e01b7e} ⚠️ Cache Miss for user: 1
2025-11-30T12:27:22.280+08:00 [ERRO] {006896c755ae7c1896678c1d26e01b7e} Redis SetEX Error: Redis Client Do failed with arguments "[SETEX user:orders:1: 20 [{"id":37,"user_id":1,"symbol":"BTC/USDT","side":"buy","type":"market","price":"","amount":"2","filled":"0","status":"open","created_at":"2025-11-29 21:53:51","updated_at":"2025-11-29 21:53:51"},{"id":36,"user_id":1,"symbol":"BTC/USDT","side":"buy","type":"market","price":"","amount":"1","filled":"0","status":"open","created_at":"2025-11-29 21:52:53","updated_at":"2025-11-29 21:52:53"},{"id":35,"user_id":1,"symbol":"BTC/USDT","side":"sell","type":"market","price":"","amount":"1","filled":"0","status":"open","created_at":"2025-11-29 21:49:12","updated_at":"2025-11-29 21:49:12"},{"id":34,"user_id":1,"symbol":"BTC/USDT","side":"sell","type":"market","price":"10002","amount":"2","filled":"0","status":"open","created_at":"2025-11-29 21:19:58","updated_at":"2025-11-29 21:19:58"},{"id":33,"user_id":1,"symbol":"BTC/USDT","side":"buy","type":"market","price":"10002","amount":"2","filled":"2","status":"filled","created_at":"2025-11-29 21:19:45","updated_at":"2025-11-29 21:19:51"},{"id":32,"user_id":1,"symbol":"BTC/USDT","side":"sell","type":"limit","price":"10002","amount":"2","filled":"1","status":"partially_filled","created_at":"2025-11-29 21:18:56","updated_at":"2025-11-29 21:19:03"},{"id":13,"user_id":1,"symbol":"SOL/USDT","side":"buy","type":"limit","price":"100","amount":"1","filled":"0","status":"open","created_at":"2025-11-29 18:19:28","updated_at":"2025-11-29 18:19:28"},{"id":12,"user_id":1,"symbol":"ETH/USDT","side":"buy","type":"limit","price":"1000","amount":"1","filled":"0","status":"open","created_at":"2025-11-29 13:27:09","updated_at":"2025-11-29 13:27:09"},{"id":11,"user_id":1,"symbol":"BTC/USDT","side":"buy","type":"limit","price":"100","amount":"1","filled":"0","status":"open","created_at":"2025-11-29 13:24:28","updated_at":"2025-11-29 13:24:28"},{"id":10,"user_id":1,"symbol":"BTC/USDT","side":"buy","type":"limit","price":"100000","amount":"1","filled":"0","status":"open","created_at":"2025-11-29 13:24:15","updated_at":"2025-11-29 13:24:15"},{"id":9,"user_id":1,"symbol":"BTC/USDT","side":"buy","type":"limit","price":"10002","amount":"1","filled":"0","status":"open","created_at":"2025-11-29 13:21:28","updated_at":"2025-11-29 13:21:28"},{"id":8,"user_id":1,"symbol":"BTC/USDT","side":"sell","type":"limit","price":"","amount":"1","filled":"0","status":"open","created_at":"2025-11-29 13:17:33","updated_at":"2025-11-29 13:17:33"},{"id":7,"user_id":1,"symbol":"BTC/USDT","side":"sell","type":"limit","price":"1000003","amount":"1","filled":"0","status":"open","created_at":"2025-11-29 13:16:55","updated_at":"2025-11-29 13:16:55"},{"id":6,"user_id":1,"symbol":"BTC/USDT","side":"sell","type":"limit","price":"1000002","amount":"1","filled":"0","status":"open","created_at":"2025-11-29 13:15:16","updated_at":"2025-11-29 13:15:16"},{"id":5,"user_id":1,"symbol":"BTC/USDT","side":"sell","type":"limit","price":"1000001","amount":"1","filled":"0","status":"open","created_at":"2025-11-29 13:14:54","updated_at":"2025-11-29 13:14:54"},{"id":4,"user_id":1,"symbol":"BTC/USDT","side":"buy","type":"limit","price":"100000","amount":"1","filled":"0","status":"open","created_at":"2025-11-29 13:14:16","updated_at":"2025-11-29 13:14:16"},{"id":3,"user_id":1,"symbol":"BTC/USDT","side":"buy","type":"limit","price":"100000","amount":"1","filled":"0","status":"open","created_at":"2025-11-29 13:14:08","updated_at":"2025-11-29 13:14:08"},{"id":2,"user_id":1,"symbol":"BTC/USDT","side":"sell","type":"limit","price":"15000","amount":"1","filled":"1","status":"filled","created_at":"2025-11-27 17:52:46","updated_at":"2025-11-27 17:52:51"},{"id":1,"user_id":1,"symbol":"BTC/USDT","side":"buy","type":"limit","price":"15000","amount":"1","filled":"1","status":"filled","created_at":"2025-11-27 17:44:15","updated_at":"2025-11-27 17:52:53"}]]": EOF 
Stack:
1.  cex-exchange/internal/service.(*orderImpl).ListMyOrders
    /Users/zhanjun/IdeaProjects/cex-exchange/cex-exchange/internal/service/order.go:117
2.  cex-exchange/internal/controller/order.(*ControllerV1).ListMyOrders
    /Users/zhanjun/IdeaProjects/cex-exchange/cex-exchange/internal/controller/order/order_v1.go:52
3.  cex-exchange/internal/middleware.Auth
    /Users/zhanjun/IdeaProjects/cex-exchange/cex-exchange/internal/middleware/auth.go:59
4.  cex-exchange/internal/middleware.ResponseHandler
    /Users/zhanjun/IdeaProjects/cex-exchange/cex-exchange/internal/middleware/middleware.go:16
5.  cex-exchange/internal/middleware.CORS
    /Users/zhanjun/IdeaProjects/cex-exchange/cex-exchange/internal/middleware/middleware.go:11

2025-11-30T12:31:10.670+08:00 [INFO] {c89a7d138cae7c183e350434931cd88a} Config path set to: manifest/config
2025-11-30T12:31:13.448+08:00 [INFO] {c89a7d138cae7c183e350434931cd88a} ✅ Database connected successfully!
2025-11-30T12:31:14.097+08:00 [ERRO] {c89a7d138cae7c183e350434931cd88a} ❌ Redis connection failed: Redis Client Do failed with arguments "[PING]": EOF 
Stack:
1.  cex-exchange/internal/boot.init.0
    /Users/zhanjun/IdeaProjects/cex-exchange/cex-exchange/internal/boot/boot.go:50

2025-11-30T12:31:14.106+08:00 [INFO] openapi specification is disabled
2025-11-30T12:31:14.106+08:00 [INFO] pid[95766]: http server started listening on [:8080]

----------|--------|-------------------------------|---------------------------------------------------------------------|--------------------
| ADDRESS | METHOD |             ROUTE             |                               HANDLER                               |    MIDDLEWARE     |
----------|--------|-------------------------------|---------------------------------------------------------------------|--------------------
| :8080   | ALL    | /*                            | cex-exchange/internal/middleware.ResponseHandler                    | GLOBAL MIDDLEWARE |
----------|--------|-------------------------------|---------------------------------------------------------------------|--------------------
| :8080   | GET    | /api/accounts                 | cex-exchange/internal/controller/funds.(*ControllerV1).ListAccounts | middleware.Auth   |
----------|--------|-------------------------------|---------------------------------------------------------------------|--------------------
| :8080   | GET    | /api/admin/accounts           | cex-exchange/internal/controller/admin.(*ControllerV1).ListAccounts | middleware.Auth   |
----------|--------|-------------------------------|---------------------------------------------------------------------|--------------------
| :8080   | POST   | /api/admin/accounts/add-funds | cex-exchange/internal/controller/admin.(*ControllerV1).AddFunds     | middleware.Auth   |
----------|--------|-------------------------------|---------------------------------------------------------------------|--------------------
| :8080   | GET    | /api/admin/orders             | cex-exchange/internal/controller/admin.(*ControllerV1).ListOrders   | middleware.Auth   |
----------|--------|-------------------------------|---------------------------------------------------------------------|--------------------
| :8080   | GET    | /api/admin/users              | cex-exchange/internal/controller/admin.(*ControllerV1).ListUsers    | middleware.Auth   |
----------|--------|-------------------------------|---------------------------------------------------------------------|--------------------
| :8080   | POST   | /api/deposit                  | cex-exchange/internal/controller/funds.(*ControllerV1).Deposit      | middleware.Auth   |
----------|--------|-------------------------------|---------------------------------------------------------------------|--------------------
| :8080   | POST   | /api/login                    | cex-exchange/internal/controller/auth.(*ControllerV1).Login         |                   |
----------|--------|-------------------------------|---------------------------------------------------------------------|--------------------
| :8080   | GET    | /api/my_orders                | cex-exchange/internal/controller/order.(*ControllerV1).ListMyOrders | middleware.Auth   |
----------|--------|-------------------------------|---------------------------------------------------------------------|--------------------
| :8080   | GET    | /api/my_trades                | cex-exchange/internal/controller/order.(*ControllerV1).ListMyTrades | middleware.Auth   |
----------|--------|-------------------------------|---------------------------------------------------------------------|--------------------
| :8080   | POST   | /api/order                    | cex-exchange/internal/controller/order.(*ControllerV1).PlaceOrder   | middleware.Auth   |
----------|--------|-------------------------------|---------------------------------------------------------------------|--------------------
| :8080   | GET    | /api/orderbook                | cex-exchange/internal/controller/trade.(*ControllerV1).GetOrderBook | middleware.Auth   |
----------|--------|-------------------------------|---------------------------------------------------------------------|--------------------
| :8080   | POST   | /api/register                 | cex-exchange/internal/controller/auth.(*ControllerV1).Register      |                   |
----------|--------|-------------------------------|---------------------------------------------------------------------|--------------------
| :8080   | ALL    | /api/test-redis               | cex-exchange/internal/controller/admin.(*ControllerV1).TestRedis    | middleware.Auth   |
----------|--------|-------------------------------|---------------------------------------------------------------------|--------------------
| :8080   | GET    | /api/trades                   | cex-exchange/internal/controller/trade.(*ControllerV1).GetTrades    | middleware.Auth   |
----------|--------|-------------------------------|---------------------------------------------------------------------|--------------------

2025-11-30T12:31:36.117+08:00 [WARN] {9821e4d791ae7c18413504346ff908c8} Redis Get Error: Redis Client Do failed with arguments "[Get user:orders:1:]": EOF
2025-11-30T12:31:36.118+08:00 [INFO] {9821e4d791ae7c18413504346ff908c8} ⚠️ Cache Miss for user: 1
2025-11-30T12:31:40.332+08:00 [ERRO] {9821e4d791ae7c18413504346ff908c8} Redis SetEX Error: Redis Client Do failed with arguments "[SETEX user:orders:1: 20 [{"id":37,"user_id":1,"symbol":"BTC/USDT","side":"buy","type":"market","price":"","amount":"2","filled":"0","status":"open","created_at":"2025-11-29 21:53:51","updated_at":"2025-11-29 21:53:51"},{"id":36,"user_id":1,"symbol":"BTC/USDT","side":"buy","type":"market","price":"","amount":"1","filled":"0","status":"open","created_at":"2025-11-29 21:52:53","updated_at":"2025-11-29 21:52:53"},{"id":35,"user_id":1,"symbol":"BTC/USDT","side":"sell","type":"market","price":"","amount":"1","filled":"0","status":"open","created_at":"2025-11-29 21:49:12","updated_at":"2025-11-29 21:49:12"},{"id":34,"user_id":1,"symbol":"BTC/USDT","side":"sell","type":"market","price":"10002","amount":"2","filled":"0","status":"open","created_at":"2025-11-29 21:19:58","updated_at":"2025-11-29 21:19:58"},{"id":33,"user_id":1,"symbol":"BTC/USDT","side":"buy","type":"market","price":"10002","amount":"2","filled":"2","status":"filled","created_at":"2025-11-29 21:19:45","updated_at":"2025-11-29 21:19:51"},{"id":32,"user_id":1,"symbol":"BTC/USDT","side":"sell","type":"limit","price":"10002","amount":"2","filled":"1","status":"partially_filled","created_at":"2025-11-29 21:18:56","updated_at":"2025-11-29 21:19:03"},{"id":13,"user_id":1,"symbol":"SOL/USDT","side":"buy","type":"limit","price":"100","amount":"1","filled":"0","status":"open","created_at":"2025-11-29 18:19:28","updated_at":"2025-11-29 18:19:28"},{"id":12,"user_id":1,"symbol":"ETH/USDT","side":"buy","type":"limit","price":"1000","amount":"1","filled":"0","status":"open","created_at":"2025-11-29 13:27:09","updated_at":"2025-11-29 13:27:09"},{"id":11,"user_id":1,"symbol":"BTC/USDT","side":"buy","type":"limit","price":"100","amount":"1","filled":"0","status":"open","created_at":"2025-11-29 13:24:28","updated_at":"2025-11-29 13:24:28"},{"id":10,"user_id":1,"symbol":"BTC/USDT","side":"buy","type":"limit","price":"100000","amount":"1","filled":"0","status":"open","created_at":"2025-11-29 13:24:15","updated_at":"2025-11-29 13:24:15"},{"id":9,"user_id":1,"symbol":"BTC/USDT","side":"buy","type":"limit","price":"10002","amount":"1","filled":"0","status":"open","created_at":"2025-11-29 13:21:28","updated_at":"2025-11-29 13:21:28"},{"id":8,"user_id":1,"symbol":"BTC/USDT","side":"sell","type":"limit","price":"","amount":"1","filled":"0","status":"open","created_at":"2025-11-29 13:17:33","updated_at":"2025-11-29 13:17:33"},{"id":7,"user_id":1,"symbol":"BTC/USDT","side":"sell","type":"limit","price":"1000003","amount":"1","filled":"0","status":"open","created_at":"2025-11-29 13:16:55","updated_at":"2025-11-29 13:16:55"},{"id":6,"user_id":1,"symbol":"BTC/USDT","side":"sell","type":"limit","price":"1000002","amount":"1","filled":"0","status":"open","created_at":"2025-11-29 13:15:16","updated_at":"2025-11-29 13:15:16"},{"id":5,"user_id":1,"symbol":"BTC/USDT","side":"sell","type":"limit","price":"1000001","amount":"1","filled":"0","status":"open","created_at":"2025-11-29 13:14:54","updated_at":"2025-11-29 13:14:54"},{"id":4,"user_id":1,"symbol":"BTC/USDT","side":"buy","type":"limit","price":"100000","amount":"1","filled":"0","status":"open","created_at":"2025-11-29 13:14:16","updated_at":"2025-11-29 13:14:16"},{"id":3,"user_id":1,"symbol":"BTC/USDT","side":"buy","type":"limit","price":"100000","amount":"1","filled":"0","status":"open","created_at":"2025-11-29 13:14:08","updated_at":"2025-11-29 13:14:08"},{"id":2,"user_id":1,"symbol":"BTC/USDT","side":"sell","type":"limit","price":"15000","amount":"1","filled":"1","status":"filled","created_at":"2025-11-27 17:52:46","updated_at":"2025-11-27 17:52:51"},{"id":1,"user_id":1,"symbol":"BTC/USDT","side":"buy","type":"limit","price":"15000","amount":"1","filled":"1","status":"filled","created_at":"2025-11-27 17:44:15","updated_at":"2025-11-27 17:52:53"}]]": EOF 
Stack:
1.  cex-exchange/internal/service.(*orderImpl).ListMyOrders
    /Users/zhanjun/IdeaProjects/cex-exchange/cex-exchange/internal/service/order.go:117
2.  cex-exchange/internal/controller/order.(*ControllerV1).ListMyOrders
    /Users/zhanjun/IdeaProjects/cex-exchange/cex-exchange/internal/controller/order/order_v1.go:52
3.  cex-exchange/internal/middleware.Auth
    /Users/zhanjun/IdeaProjects/cex-exchange/cex-exchange/internal/middleware/auth.go:59
4.  cex-exchange/internal/middleware.ResponseHandler
    /Users/zhanjun/IdeaProjects/cex-exchange/cex-exchange/internal/middleware/middleware.go:16
5.  cex-exchange/internal/middleware.CORS
    /Users/zhanjun/IdeaProjects/cex-exchange/cex-exchange/internal/middleware/middleware.go:11

2025-11-30T12:31:46.147+08:00 [WARN] {e05ee82d94ae7c184435043492d3f8ae} Redis Get Error: Redis Client Do failed with arguments "[Get user:orders:1:]": EOF
2025-11-30T12:31:46.148+08:00 [INFO] {e05ee82d94ae7c184435043492d3f8ae} ⚠️ Cache Miss for user: 1
2025-11-30T12:31:49.912+08:00 [ERRO] {e05ee82d94ae7c184435043492d3f8ae} Redis SetEX Error: Redis Client Do failed with arguments "[SETEX user:orders:1: 20 [{"id":37,"user_id":1,"symbol":"BTC/USDT","side":"buy","type":"market","price":"","amount":"2","filled":"0","status":"open","created_at":"2025-11-29 21:53:51","updated_at":"2025-11-29 21:53:51"},{"id":36,"user_id":1,"symbol":"BTC/USDT","side":"buy","type":"market","price":"","amount":"1","filled":"0","status":"open","created_at":"2025-11-29 21:52:53","updated_at":"2025-11-29 21:52:53"},{"id":35,"user_id":1,"symbol":"BTC/USDT","side":"sell","type":"market","price":"","amount":"1","filled":"0","status":"open","created_at":"2025-11-29 21:49:12","updated_at":"2025-11-29 21:49:12"},{"id":34,"user_id":1,"symbol":"BTC/USDT","side":"sell","type":"market","price":"10002","amount":"2","filled":"0","status":"open","created_at":"2025-11-29 21:19:58","updated_at":"2025-11-29 21:19:58"},{"id":33,"user_id":1,"symbol":"BTC/USDT","side":"buy","type":"market","price":"10002","amount":"2","filled":"2","status":"filled","created_at":"2025-11-29 21:19:45","updated_at":"2025-11-29 21:19:51"},{"id":32,"user_id":1,"symbol":"BTC/USDT","side":"sell","type":"limit","price":"10002","amount":"2","filled":"1","status":"partially_filled","created_at":"2025-11-29 21:18:56","updated_at":"2025-11-29 21:19:03"},{"id":13,"user_id":1,"symbol":"SOL/USDT","side":"buy","type":"limit","price":"100","amount":"1","filled":"0","status":"open","created_at":"2025-11-29 18:19:28","updated_at":"2025-11-29 18:19:28"},{"id":12,"user_id":1,"symbol":"ETH/USDT","side":"buy","type":"limit","price":"1000","amount":"1","filled":"0","status":"open","created_at":"2025-11-29 13:27:09","updated_at":"2025-11-29 13:27:09"},{"id":11,"user_id":1,"symbol":"BTC/USDT","side":"buy","type":"limit","price":"100","amount":"1","filled":"0","status":"open","created_at":"2025-11-29 13:24:28","updated_at":"2025-11-29 13:24:28"},{"id":10,"user_id":1,"symbol":"BTC/USDT","side":"buy","type":"limit","price":"100000","amount":"1","filled":"0","status":"open","created_at":"2025-11-29 13:24:15","updated_at":"2025-11-29 13:24:15"},{"id":9,"user_id":1,"symbol":"BTC/USDT","side":"buy","type":"limit","price":"10002","amount":"1","filled":"0","status":"open","created_at":"2025-11-29 13:21:28","updated_at":"2025-11-29 13:21:28"},{"id":8,"user_id":1,"symbol":"BTC/USDT","side":"sell","type":"limit","price":"","amount":"1","filled":"0","status":"open","created_at":"2025-11-29 13:17:33","updated_at":"2025-11-29 13:17:33"},{"id":7,"user_id":1,"symbol":"BTC/USDT","side":"sell","type":"limit","price":"1000003","amount":"1","filled":"0","status":"open","created_at":"2025-11-29 13:16:55","updated_at":"2025-11-29 13:16:55"},{"id":6,"user_id":1,"symbol":"BTC/USDT","side":"sell","type":"limit","price":"1000002","amount":"1","filled":"0","status":"open","created_at":"2025-11-29 13:15:16","updated_at":"2025-11-29 13:15:16"},{"id":5,"user_id":1,"symbol":"BTC/USDT","side":"sell","type":"limit","price":"1000001","amount":"1","filled":"0","status":"open","created_at":"2025-11-29 13:14:54","updated_at":"2025-11-29 13:14:54"},{"id":4,"user_id":1,"symbol":"BTC/USDT","side":"buy","type":"limit","price":"100000","amount":"1","filled":"0","status":"open","created_at":"2025-11-29 13:14:16","updated_at":"2025-11-29 13:14:16"},{"id":3,"user_id":1,"symbol":"BTC/USDT","side":"buy","type":"limit","price":"100000","amount":"1","filled":"0","status":"open","created_at":"2025-11-29 13:14:08","updated_at":"2025-11-29 13:14:08"},{"id":2,"user_id":1,"symbol":"BTC/USDT","side":"sell","type":"limit","price":"15000","amount":"1","filled":"1","status":"filled","created_at":"2025-11-27 17:52:46","updated_at":"2025-11-27 17:52:51"},{"id":1,"user_id":1,"symbol":"BTC/USDT","side":"buy","type":"limit","price":"15000","amount":"1","filled":"1","status":"filled","created_at":"2025-11-27 17:44:15","updated_at":"2025-11-27 17:52:53"}]]": EOF 
Stack:
1.  cex-exchange/internal/service.(*orderImpl).ListMyOrders
    /Users/zhanjun/IdeaProjects/cex-exchange/cex-exchange/internal/service/order.go:117
2.  cex-exchange/internal/controller/order.(*ControllerV1).ListMyOrders
    /Users/zhanjun/IdeaProjects/cex-exchange/cex-exchange/internal/controller/order/order_v1.go:52
3.  cex-exchange/internal/middleware.Auth
    /Users/zhanjun/IdeaProjects/cex-exchange/cex-exchange/internal/middleware/auth.go:59
4.  cex-exchange/internal/middleware.ResponseHandler
    /Users/zhanjun/IdeaProjects/cex-exchange/cex-exchange/internal/middleware/middleware.go:16
5.  cex-exchange/internal/middleware.CORS
    /Users/zhanjun/IdeaProjects/cex-exchange/cex-exchange/internal/middleware/middleware.go:11

2025-11-30T12:33:53.768+08:00 [INFO] {1033e70cb2ae7c188fbf8a1ec88b80ce} Config path set to: manifest/config
2025-11-30T12:33:56.526+08:00 [INFO] {1033e70cb2ae7c188fbf8a1ec88b80ce} ✅ Database connected successfully!
2025-11-30T12:33:57.190+08:00 [ERRO] {1033e70cb2ae7c188fbf8a1ec88b80ce} ❌ Redis connection failed: Redis Client Do failed with arguments "[PING]": EOF 
Stack:
1.  cex-exchange/internal/boot.init.0
    /Users/zhanjun/IdeaProjects/cex-exchange/cex-exchange/internal/boot/boot.go:51

2025-11-30T12:33:57.199+08:00 [INFO] openapi specification is disabled
2025-11-30T12:33:57.199+08:00 [INFO] pid[95884]: http server started listening on [:8080]

----------|--------|-------------------------------|---------------------------------------------------------------------|--------------------
| ADDRESS | METHOD |             ROUTE             |                               HANDLER                               |    MIDDLEWARE     |
----------|--------|-------------------------------|---------------------------------------------------------------------|--------------------
| :8080   | ALL    | /*                            | cex-exchange/internal/middleware.ResponseHandler                    | GLOBAL MIDDLEWARE |
----------|--------|-------------------------------|---------------------------------------------------------------------|--------------------
| :8080   | GET    | /api/accounts                 | cex-exchange/internal/controller/funds.(*ControllerV1).ListAccounts | middleware.Auth   |
----------|--------|-------------------------------|---------------------------------------------------------------------|--------------------
| :8080   | GET    | /api/admin/accounts           | cex-exchange/internal/controller/admin.(*ControllerV1).ListAccounts | middleware.Auth   |
----------|--------|-------------------------------|---------------------------------------------------------------------|--------------------
| :8080   | POST   | /api/admin/accounts/add-funds | cex-exchange/internal/controller/admin.(*ControllerV1).AddFunds     | middleware.Auth   |
----------|--------|-------------------------------|---------------------------------------------------------------------|--------------------
| :8080   | GET    | /api/admin/orders             | cex-exchange/internal/controller/admin.(*ControllerV1).ListOrders   | middleware.Auth   |
----------|--------|-------------------------------|---------------------------------------------------------------------|--------------------
| :8080   | GET    | /api/admin/users              | cex-exchange/internal/controller/admin.(*ControllerV1).ListUsers    | middleware.Auth   |
----------|--------|-------------------------------|---------------------------------------------------------------------|--------------------
| :8080   | POST   | /api/deposit                  | cex-exchange/internal/controller/funds.(*ControllerV1).Deposit      | middleware.Auth   |
----------|--------|-------------------------------|---------------------------------------------------------------------|--------------------
| :8080   | POST   | /api/login                    | cex-exchange/internal/controller/auth.(*ControllerV1).Login         |                   |
----------|--------|-------------------------------|---------------------------------------------------------------------|--------------------
| :8080   | GET    | /api/my_orders                | cex-exchange/internal/controller/order.(*ControllerV1).ListMyOrders | middleware.Auth   |
----------|--------|-------------------------------|---------------------------------------------------------------------|--------------------
| :8080   | GET    | /api/my_trades                | cex-exchange/internal/controller/order.(*ControllerV1).ListMyTrades | middleware.Auth   |
----------|--------|-------------------------------|---------------------------------------------------------------------|--------------------
| :8080   | POST   | /api/order                    | cex-exchange/internal/controller/order.(*ControllerV1).PlaceOrder   | middleware.Auth   |
----------|--------|-------------------------------|---------------------------------------------------------------------|--------------------
| :8080   | GET    | /api/orderbook                | cex-exchange/internal/controller/trade.(*ControllerV1).GetOrderBook | middleware.Auth   |
----------|--------|-------------------------------|---------------------------------------------------------------------|--------------------
| :8080   | POST   | /api/register                 | cex-exchange/internal/controller/auth.(*ControllerV1).Register      |                   |
----------|--------|-------------------------------|---------------------------------------------------------------------|--------------------
| :8080   | ALL    | /api/test-redis               | cex-exchange/internal/controller/admin.(*ControllerV1).TestRedis    | middleware.Auth   |
----------|--------|-------------------------------|---------------------------------------------------------------------|--------------------
| :8080   | GET    | /api/trades                   | cex-exchange/internal/controller/trade.(*ControllerV1).GetTrades    | middleware.Auth   |
----------|--------|-------------------------------|---------------------------------------------------------------------|--------------------

2025-11-30T12:35:36.802+08:00 [INFO] pid[95884]: all servers shutdown
2025-11-30T12:37:06.665+08:00 [INFO] {982e7af6deae7c181317685239f39535} Config path set to: manifest/config
2025-11-30T12:37:09.386+08:00 [INFO] {982e7af6deae7c181317685239f39535} ✅ Database connected successfully!
2025-11-30T12:37:10.854+08:00 [INFO] ✅ Redis connected successfully (v8)!
2025-11-30T12:37:10.859+08:00 [INFO] pid[96400]: http server started listening on [:8080]
2025-11-30T12:37:10.860+08:00 [INFO] openapi specification is disabled

----------|--------|-------------------------------|---------------------------------------------------------------------|--------------------
| ADDRESS | METHOD |             ROUTE             |                               HANDLER                               |    MIDDLEWARE     |
----------|--------|-------------------------------|---------------------------------------------------------------------|--------------------
| :8080   | ALL    | /*                            | cex-exchange/internal/middleware.ResponseHandler                    | GLOBAL MIDDLEWARE |
----------|--------|-------------------------------|---------------------------------------------------------------------|--------------------
| :8080   | GET    | /api/accounts                 | cex-exchange/internal/controller/funds.(*ControllerV1).ListAccounts | middleware.Auth   |
----------|--------|-------------------------------|---------------------------------------------------------------------|--------------------
| :8080   | GET    | /api/admin/accounts           | cex-exchange/internal/controller/admin.(*ControllerV1).ListAccounts | middleware.Auth   |
----------|--------|-------------------------------|---------------------------------------------------------------------|--------------------
| :8080   | POST   | /api/admin/accounts/add-funds | cex-exchange/internal/controller/admin.(*ControllerV1).AddFunds     | middleware.Auth   |
----------|--------|-------------------------------|---------------------------------------------------------------------|--------------------
| :8080   | GET    | /api/admin/orders             | cex-exchange/internal/controller/admin.(*ControllerV1).ListOrders   | middleware.Auth   |
----------|--------|-------------------------------|---------------------------------------------------------------------|--------------------
| :8080   | GET    | /api/admin/users              | cex-exchange/internal/controller/admin.(*ControllerV1).ListUsers    | middleware.Auth   |
----------|--------|-------------------------------|---------------------------------------------------------------------|--------------------
| :8080   | POST   | /api/deposit                  | cex-exchange/internal/controller/funds.(*ControllerV1).Deposit      | middleware.Auth   |
----------|--------|-------------------------------|---------------------------------------------------------------------|--------------------
| :8080   | POST   | /api/login                    | cex-exchange/internal/controller/auth.(*ControllerV1).Login         |                   |
----------|--------|-------------------------------|---------------------------------------------------------------------|--------------------
| :8080   | GET    | /api/my_orders                | cex-exchange/internal/controller/order.(*ControllerV1).ListMyOrders | middleware.Auth   |
----------|--------|-------------------------------|---------------------------------------------------------------------|--------------------
| :8080   | GET    | /api/my_trades                | cex-exchange/internal/controller/order.(*ControllerV1).ListMyTrades | middleware.Auth   |
----------|--------|-------------------------------|---------------------------------------------------------------------|--------------------
| :8080   | POST   | /api/order                    | cex-exchange/internal/controller/order.(*ControllerV1).PlaceOrder   | middleware.Auth   |
----------|--------|-------------------------------|---------------------------------------------------------------------|--------------------
| :8080   | GET    | /api/orderbook                | cex-exchange/internal/controller/trade.(*ControllerV1).GetOrderBook | middleware.Auth   |
----------|--------|-------------------------------|---------------------------------------------------------------------|--------------------
| :8080   | POST   | /api/register                 | cex-exchange/internal/controller/auth.(*ControllerV1).Register      |                   |
----------|--------|-------------------------------|---------------------------------------------------------------------|--------------------
| :8080   | ALL    | /api/test-redis               | cex-exchange/internal/controller/admin.(*ControllerV1).TestRedis    | middleware.Auth   |
----------|--------|-------------------------------|---------------------------------------------------------------------|--------------------
| :8080   | GET    | /api/trades                   | cex-exchange/internal/controller/trade.(*ControllerV1).GetTrades    | middleware.Auth   |
----------|--------|-------------------------------|---------------------------------------------------------------------|--------------------

2025-11-30T12:38:25.455+08:00 [WARN] {6016873bf1ae7c1816176852c3b3028d} Redis Get Error: redis: nil
2025-11-30T12:38:25.456+08:00 [INFO] {6016873bf1ae7c1816176852c3b3028d} ⚠️ Cache Miss for user: 1
2025-11-30T12:38:29.293+08:00 [INFO] {6016873bf1ae7c1816176852c3b3028d} ✅ Cache Set Success for user: 1
2025-11-30T12:38:33.624+08:00 [INFO] {e8158522f3ae7c1819176852059e73be} ✅ Cache Hit for user: 1
2025-11-30T12:38:45.840+08:00 [INFO] {807f99faf5ae7c181c176852be90b082} ✅ Cache Hit for user: 1
2025-11-30T12:40:31.515+08:00 [WARN] {88cf1a950eaf7c181f1768524433ac31} Redis Get Error: redis: nil
2025-11-30T12:40:54.945+08:00 [INFO] {88cf1a950eaf7c181f1768524433ac31} ⚠️ Cache Miss for user: 1
2025-11-30T12:40:58.396+08:00 [INFO] {88cf1a950eaf7c181f1768524433ac31} ✅ Cache Set Success for user: 1
2025-11-30T12:41:30.405+08:00 [INFO] {9089824a16af7c182217685253d0c225} ✅ Cache Hit for user: 1
2025-11-30T12:46:04.957+08:00 [INFO] {88cf254b5caf7c184ff74a2d9651d409} Config path set to: manifest/config
2025-11-30T12:46:07.813+08:00 [INFO] {88cf254b5caf7c184ff74a2d9651d409} ✅ Database connected successfully!
2025-11-30T12:46:09.259+08:00 [INFO] ✅ Redis connected successfully (v8)!
2025-11-30T12:46:09.265+08:00 [INFO] pid[96640]: http server started listening on [:8080]
2025-11-30T12:46:09.265+08:00 [INFO] openapi specification is disabled

----------|--------|-------------------------------|---------------------------------------------------------------------|--------------------
| ADDRESS | METHOD |             ROUTE             |                               HANDLER                               |    MIDDLEWARE     |
----------|--------|-------------------------------|---------------------------------------------------------------------|--------------------
| :8080   | ALL    | /*                            | cex-exchange/internal/middleware.ResponseHandler                    | GLOBAL MIDDLEWARE |
----------|--------|-------------------------------|---------------------------------------------------------------------|--------------------
| :8080   | GET    | /api/accounts                 | cex-exchange/internal/controller/funds.(*ControllerV1).ListAccounts | middleware.Auth   |
----------|--------|-------------------------------|---------------------------------------------------------------------|--------------------
| :8080   | GET    | /api/admin/accounts           | cex-exchange/internal/controller/admin.(*ControllerV1).ListAccounts | middleware.Auth   |
----------|--------|-------------------------------|---------------------------------------------------------------------|--------------------
| :8080   | POST   | /api/admin/accounts/add-funds | cex-exchange/internal/controller/admin.(*ControllerV1).AddFunds     | middleware.Auth   |
----------|--------|-------------------------------|---------------------------------------------------------------------|--------------------
| :8080   | GET    | /api/admin/orders             | cex-exchange/internal/controller/admin.(*ControllerV1).ListOrders   | middleware.Auth   |
----------|--------|-------------------------------|---------------------------------------------------------------------|--------------------
| :8080   | GET    | /api/admin/users              | cex-exchange/internal/controller/admin.(*ControllerV1).ListUsers    | middleware.Auth   |
----------|--------|-------------------------------|---------------------------------------------------------------------|--------------------
| :8080   | POST   | /api/deposit                  | cex-exchange/internal/controller/funds.(*ControllerV1).Deposit      | middleware.Auth   |
----------|--------|-------------------------------|---------------------------------------------------------------------|--------------------
| :8080   | POST   | /api/login                    | cex-exchange/internal/controller/auth.(*ControllerV1).Login         |                   |
----------|--------|-------------------------------|---------------------------------------------------------------------|--------------------
| :8080   | GET    | /api/my_orders                | cex-exchange/internal/controller/order.(*ControllerV1).ListMyOrders | middleware.Auth   |
----------|--------|-------------------------------|---------------------------------------------------------------------|--------------------
| :8080   | GET    | /api/my_trades                | cex-exchange/internal/controller/order.(*ControllerV1).ListMyTrades | middleware.Auth   |
----------|--------|-------------------------------|---------------------------------------------------------------------|--------------------
| :8080   | POST   | /api/order                    | cex-exchange/internal/controller/order.(*ControllerV1).PlaceOrder   | middleware.Auth   |
----------|--------|-------------------------------|---------------------------------------------------------------------|--------------------
| :8080   | GET    | /api/orderbook                | cex-exchange/internal/controller/trade.(*ControllerV1).GetOrderBook | middleware.Auth   |
----------|--------|-------------------------------|---------------------------------------------------------------------|--------------------
| :8080   | POST   | /api/register                 | cex-exchange/internal/controller/auth.(*ControllerV1).Register      |                   |
----------|--------|-------------------------------|---------------------------------------------------------------------|--------------------
| :8080   | ALL    | /api/test-redis               | cex-exchange/internal/controller/admin.(*ControllerV1).TestRedis    | middleware.Auth   |
----------|--------|-------------------------------|---------------------------------------------------------------------|--------------------
| :8080   | GET    | /api/trades                   | cex-exchange/internal/controller/trade.(*ControllerV1).GetTrades    | middleware.Auth   |
----------|--------|-------------------------------|---------------------------------------------------------------------|--------------------

2025-11-30T12:46:39.085+08:00 [WARN] {c0e9562964af7c1853f74a2d912f0aa6} Redis Get Error: redis: nil
2025-11-30T12:46:39.086+08:00 [INFO] {c0e9562964af7c1853f74a2d912f0aa6} ⚠️ Cache Miss for user: 1
2025-11-30T12:46:45.803+08:00 [INFO] {c0e9562964af7c1853f74a2d912f0aa6} ✅ Cache Set Success for user: 1
2025-11-30T12:46:49.901+08:00 [INFO] {68fab3ac66af7c1856f74a2d59743f46} ✅ Cache Hit for user: 1
2025-11-30T13:03:29.211+08:00 [INFO] {b0b4896d4fb07c18d7cd9b7e169c2adc} Config path set to: manifest/config
2025-11-30T13:03:32.110+08:00 [INFO] {b0b4896d4fb07c18d7cd9b7e169c2adc} ✅ Database connected successfully!
2025-11-30T13:03:33.570+08:00 [INFO] ✅ Redis connected successfully (v8)!
2025-11-30T13:03:33.583+08:00 [INFO] pid[97314]: http server started listening on [:8080]
2025-11-30T13:03:33.583+08:00 [INFO] openapi specification is disabled

----------|--------|-------------------------------|---------------------------------------------------------------------|--------------------
| ADDRESS | METHOD |             ROUTE             |                               HANDLER                               |    MIDDLEWARE     |
----------|--------|-------------------------------|---------------------------------------------------------------------|--------------------
| :8080   | ALL    | /*                            | cex-exchange/internal/middleware.ResponseHandler                    | GLOBAL MIDDLEWARE |
----------|--------|-------------------------------|---------------------------------------------------------------------|--------------------
| :8080   | GET    | /api/accounts                 | cex-exchange/internal/controller/funds.(*ControllerV1).ListAccounts | middleware.Auth   |
----------|--------|-------------------------------|---------------------------------------------------------------------|--------------------
| :8080   | GET    | /api/admin/accounts           | cex-exchange/internal/controller/admin.(*ControllerV1).ListAccounts | middleware.Auth   |
----------|--------|-------------------------------|---------------------------------------------------------------------|--------------------
| :8080   | POST   | /api/admin/accounts/add-funds | cex-exchange/internal/controller/admin.(*ControllerV1).AddFunds     | middleware.Auth   |
----------|--------|-------------------------------|---------------------------------------------------------------------|--------------------
| :8080   | GET    | /api/admin/orders             | cex-exchange/internal/controller/admin.(*ControllerV1).ListOrders   | middleware.Auth   |
----------|--------|-------------------------------|---------------------------------------------------------------------|--------------------
| :8080   | GET    | /api/admin/users              | cex-exchange/internal/controller/admin.(*ControllerV1).ListUsers    | middleware.Auth   |
----------|--------|-------------------------------|---------------------------------------------------------------------|--------------------
| :8080   | POST   | /api/deposit                  | cex-exchange/internal/controller/funds.(*ControllerV1).Deposit      | middleware.Auth   |
----------|--------|-------------------------------|---------------------------------------------------------------------|--------------------
| :8080   | POST   | /api/login                    | cex-exchange/internal/controller/auth.(*ControllerV1).Login         |                   |
----------|--------|-------------------------------|---------------------------------------------------------------------|--------------------
| :8080   | GET    | /api/my_orders                | cex-exchange/internal/controller/order.(*ControllerV1).ListMyOrders | middleware.Auth   |
----------|--------|-------------------------------|---------------------------------------------------------------------|--------------------
| :8080   | GET    | /api/my_trades                | cex-exchange/internal/controller/order.(*ControllerV1).ListMyTrades | middleware.Auth   |
----------|--------|-------------------------------|---------------------------------------------------------------------|--------------------
| :8080   | POST   | /api/order                    | cex-exchange/internal/controller/order.(*ControllerV1).PlaceOrder   | middleware.Auth   |
----------|--------|-------------------------------|---------------------------------------------------------------------|--------------------
| :8080   | GET    | /api/orderbook                | cex-exchange/internal/controller/trade.(*ControllerV1).GetOrderBook | middleware.Auth   |
----------|--------|-------------------------------|---------------------------------------------------------------------|--------------------
| :8080   | POST   | /api/register                 | cex-exchange/internal/controller/auth.(*ControllerV1).Register      |                   |
----------|--------|-------------------------------|---------------------------------------------------------------------|--------------------
| :8080   | ALL    | /api/test-redis               | cex-exchange/internal/controller/admin.(*ControllerV1).TestRedis    | middleware.Auth   |
----------|--------|-------------------------------|---------------------------------------------------------------------|--------------------
| :8080   | GET    | /api/trades                   | cex-exchange/internal/controller/trade.(*ControllerV1).GetTrades    | middleware.Auth   |
----------|--------|-------------------------------|---------------------------------------------------------------------|--------------------

2025-11-30T13:09:07.508+08:00 [INFO] {a80f92319eb07c187907dc32bf80ad36} Config path set to: manifest/config
2025-11-30T13:09:10.515+08:00 [INFO] {a80f92319eb07c187907dc32bf80ad36} ✅ Database connected successfully!
2025-11-30T13:09:12.005+08:00 [INFO] ✅ Redis connected successfully (v8)!
2025-11-30T13:09:12.012+08:00 [INFO] pid[97534]: http server started listening on [:8080]
2025-11-30T13:09:12.013+08:00 [INFO] openapi specification is disabled

----------|--------|-------------------------------|---------------------------------------------------------------------|--------------------
| ADDRESS | METHOD |             ROUTE             |                               HANDLER                               |    MIDDLEWARE     |
----------|--------|-------------------------------|---------------------------------------------------------------------|--------------------
| :8080   | ALL    | /*                            | cex-exchange/internal/middleware.ResponseHandler                    | GLOBAL MIDDLEWARE |
----------|--------|-------------------------------|---------------------------------------------------------------------|--------------------
| :8080   | GET    | /api/accounts                 | cex-exchange/internal/controller/funds.(*ControllerV1).ListAccounts | middleware.Auth   |
----------|--------|-------------------------------|---------------------------------------------------------------------|--------------------
| :8080   | GET    | /api/admin/accounts           | cex-exchange/internal/controller/admin.(*ControllerV1).ListAccounts | middleware.Auth   |
----------|--------|-------------------------------|---------------------------------------------------------------------|--------------------
| :8080   | POST   | /api/admin/accounts/add-funds | cex-exchange/internal/controller/admin.(*ControllerV1).AddFunds     | middleware.Auth   |
----------|--------|-------------------------------|---------------------------------------------------------------------|--------------------
| :8080   | GET    | /api/admin/orders             | cex-exchange/internal/controller/admin.(*ControllerV1).ListOrders   | middleware.Auth   |
----------|--------|-------------------------------|---------------------------------------------------------------------|--------------------
| :8080   | GET    | /api/admin/users              | cex-exchange/internal/controller/admin.(*ControllerV1).ListUsers    | middleware.Auth   |
----------|--------|-------------------------------|---------------------------------------------------------------------|--------------------
| :8080   | POST   | /api/deposit                  | cex-exchange/internal/controller/funds.(*ControllerV1).Deposit      | middleware.Auth   |
----------|--------|-------------------------------|---------------------------------------------------------------------|--------------------
| :8080   | POST   | /api/login                    | cex-exchange/internal/controller/auth.(*ControllerV1).Login         |                   |
----------|--------|-------------------------------|---------------------------------------------------------------------|--------------------
| :8080   | GET    | /api/my_orders                | cex-exchange/internal/controller/order.(*ControllerV1).ListMyOrders | middleware.Auth   |
----------|--------|-------------------------------|---------------------------------------------------------------------|--------------------
| :8080   | GET    | /api/my_trades                | cex-exchange/internal/controller/order.(*ControllerV1).ListMyTrades | middleware.Auth   |
----------|--------|-------------------------------|---------------------------------------------------------------------|--------------------
| :8080   | POST   | /api/order                    | cex-exchange/internal/controller/order.(*ControllerV1).PlaceOrder   | middleware.Auth   |
----------|--------|-------------------------------|---------------------------------------------------------------------|--------------------
| :8080   | GET    | /api/orderbook                | cex-exchange/internal/controller/trade.(*ControllerV1).GetOrderBook | middleware.Auth   |
----------|--------|-------------------------------|---------------------------------------------------------------------|--------------------
| :8080   | POST   | /api/register                 | cex-exchange/internal/controller/auth.(*ControllerV1).Register      |                   |
----------|--------|-------------------------------|---------------------------------------------------------------------|--------------------
| :8080   | ALL    | /api/test-redis               | cex-exchange/internal/controller/admin.(*ControllerV1).TestRedis    | middleware.Auth   |
----------|--------|-------------------------------|---------------------------------------------------------------------|--------------------
| :8080   | GET    | /api/trades                   | cex-exchange/internal/controller/trade.(*ControllerV1).GetTrades    | middleware.Auth   |
----------|--------|-------------------------------|---------------------------------------------------------------------|--------------------

2025-11-30T13:42:14.495+08:00 [INFO] {383849d36cb27c18aaffef70b77f6b8f} Config path set to: manifest/config
2025-11-30T13:42:17.311+08:00 [INFO] {383849d36cb27c18aaffef70b77f6b8f} ✅ Database connected successfully!
2025-11-30T13:42:18.733+08:00 [INFO] ✅ Redis connected successfully (v8)!
2025-11-30T13:42:18.742+08:00 [INFO] openapi specification is disabled
2025-11-30T13:42:18.742+08:00 [INFO] pid[98400]: http server started listening on [:8080]

----------|--------|-------------------------------|---------------------------------------------------------------------|--------------------
| ADDRESS | METHOD |             ROUTE             |                               HANDLER                               |    MIDDLEWARE     |
----------|--------|-------------------------------|---------------------------------------------------------------------|--------------------
| :8080   | ALL    | /*                            | cex-exchange/internal/middleware.ResponseHandler                    | GLOBAL MIDDLEWARE |
----------|--------|-------------------------------|---------------------------------------------------------------------|--------------------
| :8080   | GET    | /api/accounts                 | cex-exchange/internal/controller/funds.(*ControllerV1).ListAccounts | middleware.Auth   |
----------|--------|-------------------------------|---------------------------------------------------------------------|--------------------
| :8080   | GET    | /api/admin/accounts           | cex-exchange/internal/controller/admin.(*ControllerV1).ListAccounts | middleware.Auth   |
----------|--------|-------------------------------|---------------------------------------------------------------------|--------------------
| :8080   | POST   | /api/admin/accounts/add-funds | cex-exchange/internal/controller/admin.(*ControllerV1).AddFunds     | middleware.Auth   |
----------|--------|-------------------------------|---------------------------------------------------------------------|--------------------
| :8080   | GET    | /api/admin/orders             | cex-exchange/internal/controller/admin.(*ControllerV1).ListOrders   | middleware.Auth   |
----------|--------|-------------------------------|---------------------------------------------------------------------|--------------------
| :8080   | GET    | /api/admin/users              | cex-exchange/internal/controller/admin.(*ControllerV1).ListUsers    | middleware.Auth   |
----------|--------|-------------------------------|---------------------------------------------------------------------|--------------------
| :8080   | POST   | /api/deposit                  | cex-exchange/internal/controller/funds.(*ControllerV1).Deposit      | middleware.Auth   |
----------|--------|-------------------------------|---------------------------------------------------------------------|--------------------
| :8080   | POST   | /api/login                    | cex-exchange/internal/controller/auth.(*ControllerV1).Login         |                   |
----------|--------|-------------------------------|---------------------------------------------------------------------|--------------------
| :8080   | GET    | /api/my_orders                | cex-exchange/internal/controller/order.(*ControllerV1).ListMyOrders | middleware.Auth   |
----------|--------|-------------------------------|---------------------------------------------------------------------|--------------------
| :8080   | GET    | /api/my_trades                | cex-exchange/internal/controller/order.(*ControllerV1).ListMyTrades | middleware.Auth   |
----------|--------|-------------------------------|---------------------------------------------------------------------|--------------------
| :8080   | POST   | /api/order                    | cex-exchange/internal/controller/order.(*ControllerV1).PlaceOrder   | middleware.Auth   |
----------|--------|-------------------------------|---------------------------------------------------------------------|--------------------
| :8080   | GET    | /api/orderbook                | cex-exchange/internal/controller/trade.(*ControllerV1).GetOrderBook | middleware.Auth   |
----------|--------|-------------------------------|---------------------------------------------------------------------|--------------------
| :8080   | POST   | /api/register                 | cex-exchange/internal/controller/auth.(*ControllerV1).Register      |                   |
----------|--------|-------------------------------|---------------------------------------------------------------------|--------------------
| :8080   | ALL    | /api/test-redis               | cex-exchange/internal/controller/admin.(*ControllerV1).TestRedis    | middleware.Auth   |
----------|--------|-------------------------------|---------------------------------------------------------------------|--------------------
| :8080   | GET    | /api/trades                   | cex-exchange/internal/controller/trade.(*ControllerV1).GetTrades    | middleware.Auth   |
----------|--------|-------------------------------|---------------------------------------------------------------------|--------------------

2025-11-30T16:29:11.388+08:00 [INFO] {6071a81089bb7c1864248c07cb298ff5} Config path set to: manifest/config
2025-11-30T16:29:14.464+08:00 [INFO] {6071a81089bb7c1864248c07cb298ff5} ✅ Database connected successfully!
2025-11-30T16:29:16.220+08:00 [INFO] ✅ Redis connected successfully (v8)!
2025-11-30T16:29:16.228+08:00 [INFO] openapi specification is disabled
2025-11-30T16:29:16.228+08:00 [INFO] pid[98801]: http server started listening on [:8080]

----------|--------|-------------------------------|---------------------------------------------------------------------|--------------------
| ADDRESS | METHOD |             ROUTE             |                               HANDLER                               |    MIDDLEWARE     |
----------|--------|-------------------------------|---------------------------------------------------------------------|--------------------
| :8080   | ALL    | /*                            | cex-exchange/internal/middleware.ResponseHandler                    | GLOBAL MIDDLEWARE |
----------|--------|-------------------------------|---------------------------------------------------------------------|--------------------
| :8080   | GET    | /api/accounts                 | cex-exchange/internal/controller/funds.(*ControllerV1).ListAccounts | middleware.Auth   |
----------|--------|-------------------------------|---------------------------------------------------------------------|--------------------
| :8080   | GET    | /api/admin/accounts           | cex-exchange/internal/controller/admin.(*ControllerV1).ListAccounts | middleware.Auth   |
----------|--------|-------------------------------|---------------------------------------------------------------------|--------------------
| :8080   | POST   | /api/admin/accounts/add-funds | cex-exchange/internal/controller/admin.(*ControllerV1).AddFunds     | middleware.Auth   |
----------|--------|-------------------------------|---------------------------------------------------------------------|--------------------
| :8080   | GET    | /api/admin/orders             | cex-exchange/internal/controller/admin.(*ControllerV1).ListOrders   | middleware.Auth   |
----------|--------|-------------------------------|---------------------------------------------------------------------|--------------------
| :8080   | GET    | /api/admin/users              | cex-exchange/internal/controller/admin.(*ControllerV1).ListUsers    | middleware.Auth   |
----------|--------|-------------------------------|---------------------------------------------------------------------|--------------------
| :8080   | POST   | /api/deposit                  | cex-exchange/internal/controller/funds.(*ControllerV1).Deposit      | middleware.Auth   |
----------|--------|-------------------------------|---------------------------------------------------------------------|--------------------
| :8080   | POST   | /api/login                    | cex-exchange/internal/controller/auth.(*ControllerV1).Login         |                   |
----------|--------|-------------------------------|---------------------------------------------------------------------|--------------------
| :8080   | GET    | /api/my_orders                | cex-exchange/internal/controller/order.(*ControllerV1).ListMyOrders | middleware.Auth   |
----------|--------|-------------------------------|---------------------------------------------------------------------|--------------------
| :8080   | GET    | /api/my_trades                | cex-exchange/internal/controller/order.(*ControllerV1).ListMyTrades | middleware.Auth   |
----------|--------|-------------------------------|---------------------------------------------------------------------|--------------------
| :8080   | POST   | /api/order                    | cex-exchange/internal/controller/order.(*ControllerV1).PlaceOrder   | middleware.Auth   |
----------|--------|-------------------------------|---------------------------------------------------------------------|--------------------
| :8080   | GET    | /api/orderbook                | cex-exchange/internal/controller/trade.(*ControllerV1).GetOrderBook | middleware.Auth   |
----------|--------|-------------------------------|---------------------------------------------------------------------|--------------------
| :8080   | POST   | /api/register                 | cex-exchange/internal/controller/auth.(*ControllerV1).Register      |                   |
----------|--------|-------------------------------|---------------------------------------------------------------------|--------------------
| :8080   | ALL    | /api/test-redis               | cex-exchange/internal/controller/admin.(*ControllerV1).TestRedis    | middleware.Auth   |
----------|--------|-------------------------------|---------------------------------------------------------------------|--------------------
| :8080   | GET    | /api/trades                   | cex-exchange/internal/controller/trade.(*ControllerV1).GetTrades    | middleware.Auth   |
----------|--------|-------------------------------|---------------------------------------------------------------------|--------------------

2025-11-30T16:48:36.715+08:00 [INFO] {509f816398bc7c1868248c070423e03a} User 1 deposit 1 USDT
2025-11-30T16:50:57.189+08:00 [INFO] {20f66b18b9bc7c18cb8b3d333f03b5a5} Config path set to: manifest/config
2025-11-30T16:51:00.992+08:00 [INFO] {20f66b18b9bc7c18cb8b3d333f03b5a5} ✅ Database connected successfully!
2025-11-30T16:51:03.400+08:00 [INFO] ✅ Redis connected successfully (v8)!
2025-11-30T16:51:03.406+08:00 [INFO] openapi specification is disabled
2025-11-30T16:51:03.406+08:00 [INFO] pid[99647]: http server started listening on [:8080]

----------|--------|-------------------------------|---------------------------------------------------------------------|--------------------
| ADDRESS | METHOD |             ROUTE             |                               HANDLER                               |    MIDDLEWARE     |
----------|--------|-------------------------------|---------------------------------------------------------------------|--------------------
| :8080   | ALL    | /*                            | cex-exchange/internal/middleware.ResponseHandler                    | GLOBAL MIDDLEWARE |
----------|--------|-------------------------------|---------------------------------------------------------------------|--------------------
| :8080   | GET    | /api/accounts                 | cex-exchange/internal/controller/funds.(*ControllerV1).ListAccounts | middleware.Auth   |
----------|--------|-------------------------------|---------------------------------------------------------------------|--------------------
| :8080   | GET    | /api/admin/accounts           | cex-exchange/internal/controller/admin.(*ControllerV1).ListAccounts | middleware.Auth   |
----------|--------|-------------------------------|---------------------------------------------------------------------|--------------------
| :8080   | POST   | /api/admin/accounts/add-funds | cex-exchange/internal/controller/admin.(*ControllerV1).AddFunds     | middleware.Auth   |
----------|--------|-------------------------------|---------------------------------------------------------------------|--------------------
| :8080   | GET    | /api/admin/orders             | cex-exchange/internal/controller/admin.(*ControllerV1).ListOrders   | middleware.Auth   |
----------|--------|-------------------------------|---------------------------------------------------------------------|--------------------
| :8080   | GET    | /api/admin/users              | cex-exchange/internal/controller/admin.(*ControllerV1).ListUsers    | middleware.Auth   |
----------|--------|-------------------------------|---------------------------------------------------------------------|--------------------
| :8080   | POST   | /api/deposit                  | cex-exchange/internal/controller/funds.(*ControllerV1).Deposit      | middleware.Auth   |
----------|--------|-------------------------------|---------------------------------------------------------------------|--------------------
| :8080   | POST   | /api/login                    | cex-exchange/internal/controller/auth.(*ControllerV1).Login         |                   |
----------|--------|-------------------------------|---------------------------------------------------------------------|--------------------
| :8080   | GET    | /api/my_orders                | cex-exchange/internal/controller/order.(*ControllerV1).ListMyOrders | middleware.Auth   |
----------|--------|-------------------------------|---------------------------------------------------------------------|--------------------
| :8080   | GET    | /api/my_trades                | cex-exchange/internal/controller/order.(*ControllerV1).ListMyTrades | middleware.Auth   |
----------|--------|-------------------------------|---------------------------------------------------------------------|--------------------
| :8080   | POST   | /api/order                    | cex-exchange/internal/controller/order.(*ControllerV1).PlaceOrder   | middleware.Auth   |
----------|--------|-------------------------------|---------------------------------------------------------------------|--------------------
| :8080   | GET    | /api/orderbook                | cex-exchange/internal/controller/trade.(*ControllerV1).GetOrderBook | middleware.Auth   |
----------|--------|-------------------------------|---------------------------------------------------------------------|--------------------
| :8080   | POST   | /api/register                 | cex-exchange/internal/controller/auth.(*ControllerV1).Register      |                   |
----------|--------|-------------------------------|---------------------------------------------------------------------|--------------------
| :8080   | GET    | /api/trades                   | cex-exchange/internal/controller/trade.(*ControllerV1).GetTrades    | middleware.Auth   |
----------|--------|-------------------------------|---------------------------------------------------------------------|--------------------

2025-11-30T16:56:15.491+08:00 [INFO] {d805c03403bd7c18b344cc5f2062457c} Config path set to: manifest/config
2025-11-30T16:56:18.383+08:00 [INFO] {d805c03403bd7c18b344cc5f2062457c} ✅ Database connected successfully!
2025-11-30T16:56:19.836+08:00 [INFO] ✅ Redis connected successfully (v8)!
2025-11-30T16:56:19.844+08:00 [INFO] openapi specification is disabled
2025-11-30T16:56:19.844+08:00 [INFO] pid[99887]: http server started listening on [:8080]

----------|--------|-------------------------------|---------------------------------------------------------------------|--------------------
| ADDRESS | METHOD |             ROUTE             |                               HANDLER                               |    MIDDLEWARE     |
----------|--------|-------------------------------|---------------------------------------------------------------------|--------------------
| :8080   | ALL    | /*                            | cex-exchange/internal/middleware.ResponseHandler                    | GLOBAL MIDDLEWARE |
----------|--------|-------------------------------|---------------------------------------------------------------------|--------------------
| :8080   | GET    | /api/accounts                 | cex-exchange/internal/controller/funds.(*ControllerV1).ListAccounts | middleware.Auth   |
----------|--------|-------------------------------|---------------------------------------------------------------------|--------------------
| :8080   | GET    | /api/admin/accounts           | cex-exchange/internal/controller/admin.(*ControllerV1).ListAccounts | middleware.Auth   |
----------|--------|-------------------------------|---------------------------------------------------------------------|--------------------
| :8080   | POST   | /api/admin/accounts/add-funds | cex-exchange/internal/controller/admin.(*ControllerV1).AddFunds     | middleware.Auth   |
----------|--------|-------------------------------|---------------------------------------------------------------------|--------------------
| :8080   | GET    | /api/admin/orders             | cex-exchange/internal/controller/admin.(*ControllerV1).ListOrders   | middleware.Auth   |
----------|--------|-------------------------------|---------------------------------------------------------------------|--------------------
| :8080   | GET    | /api/admin/users              | cex-exchange/internal/controller/admin.(*ControllerV1).ListUsers    | middleware.Auth   |
----------|--------|-------------------------------|---------------------------------------------------------------------|--------------------
| :8080   | POST   | /api/deposit                  | cex-exchange/internal/controller/funds.(*ControllerV1).Deposit      | middleware.Auth   |
----------|--------|-------------------------------|---------------------------------------------------------------------|--------------------
| :8080   | POST   | /api/login                    | cex-exchange/internal/controller/auth.(*ControllerV1).Login         |                   |
----------|--------|-------------------------------|---------------------------------------------------------------------|--------------------
| :8080   | GET    | /api/my_orders                | cex-exchange/internal/controller/order.(*ControllerV1).ListMyOrders | middleware.Auth   |
----------|--------|-------------------------------|---------------------------------------------------------------------|--------------------
| :8080   | GET    | /api/my_trades                | cex-exchange/internal/controller/order.(*ControllerV1).ListMyTrades | middleware.Auth   |
----------|--------|-------------------------------|---------------------------------------------------------------------|--------------------
| :8080   | POST   | /api/order                    | cex-exchange/internal/controller/order.(*ControllerV1).PlaceOrder   | middleware.Auth   |
----------|--------|-------------------------------|---------------------------------------------------------------------|--------------------
| :8080   | GET    | /api/orderbook                | cex-exchange/internal/controller/trade.(*ControllerV1).GetOrderBook | middleware.Auth   |
----------|--------|-------------------------------|---------------------------------------------------------------------|--------------------
| :8080   | POST   | /api/register                 | cex-exchange/internal/controller/auth.(*ControllerV1).Register      |                   |
----------|--------|-------------------------------|---------------------------------------------------------------------|--------------------
| :8080   | GET    | /api/trades                   | cex-exchange/internal/controller/trade.(*ControllerV1).GetTrades    | middleware.Auth   |
----------|--------|-------------------------------|---------------------------------------------------------------------|--------------------

2025-11-30T17:04:56.853+08:00 [INFO] {68da1e987cbd7c18f8a5ef45c5808518} Config path set to: manifest/config
2025-11-30T17:04:59.601+08:00 [INFO] {68da1e987cbd7c18f8a5ef45c5808518} ✅ Database connected successfully!
2025-11-30T17:05:01.034+08:00 [INFO] ✅ Redis connected successfully (v8)!
2025-11-30T17:05:01.044+08:00 [INFO] openapi specification is disabled
2025-11-30T17:05:01.044+08:00 [INFO] pid[265]: http server started listening on [:8080]

----------|--------|-------------------------------|---------------------------------------------------------------------|--------------------
| ADDRESS | METHOD |             ROUTE             |                               HANDLER                               |    MIDDLEWARE     |
----------|--------|-------------------------------|---------------------------------------------------------------------|--------------------
| :8080   | ALL    | /*                            | cex-exchange/internal/middleware.ResponseHandler                    | GLOBAL MIDDLEWARE |
----------|--------|-------------------------------|---------------------------------------------------------------------|--------------------
| :8080   | GET    | /api/accounts                 | cex-exchange/internal/controller/funds.(*ControllerV1).ListAccounts | middleware.Auth   |
----------|--------|-------------------------------|---------------------------------------------------------------------|--------------------
| :8080   | GET    | /api/admin/accounts           | cex-exchange/internal/controller/admin.(*ControllerV1).ListAccounts | middleware.Auth   |
----------|--------|-------------------------------|---------------------------------------------------------------------|--------------------
| :8080   | POST   | /api/admin/accounts/add-funds | cex-exchange/internal/controller/admin.(*ControllerV1).AddFunds     | middleware.Auth   |
----------|--------|-------------------------------|---------------------------------------------------------------------|--------------------
| :8080   | GET    | /api/admin/orders             | cex-exchange/internal/controller/admin.(*ControllerV1).ListOrders   | middleware.Auth   |
----------|--------|-------------------------------|---------------------------------------------------------------------|--------------------
| :8080   | GET    | /api/admin/users              | cex-exchange/internal/controller/admin.(*ControllerV1).ListUsers    | middleware.Auth   |
----------|--------|-------------------------------|---------------------------------------------------------------------|--------------------
| :8080   | POST   | /api/deposit                  | cex-exchange/internal/controller/funds.(*ControllerV1).Deposit      | middleware.Auth   |
----------|--------|-------------------------------|---------------------------------------------------------------------|--------------------
| :8080   | POST   | /api/login                    | cex-exchange/internal/controller/auth.(*ControllerV1).Login         |                   |
----------|--------|-------------------------------|---------------------------------------------------------------------|--------------------
| :8080   | GET    | /api/my_orders                | cex-exchange/internal/controller/order.(*ControllerV1).ListMyOrders | middleware.Auth   |
----------|--------|-------------------------------|---------------------------------------------------------------------|--------------------
| :8080   | GET    | /api/my_trades                | cex-exchange/internal/controller/order.(*ControllerV1).ListMyTrades | middleware.Auth   |
----------|--------|-------------------------------|---------------------------------------------------------------------|--------------------
| :8080   | POST   | /api/order                    | cex-exchange/internal/controller/order.(*ControllerV1).PlaceOrder   | middleware.Auth   |
----------|--------|-------------------------------|---------------------------------------------------------------------|--------------------
| :8080   | GET    | /api/orderbook                | cex-exchange/internal/controller/trade.(*ControllerV1).GetOrderBook | middleware.Auth   |
----------|--------|-------------------------------|---------------------------------------------------------------------|--------------------
| :8080   | POST   | /api/register                 | cex-exchange/internal/controller/auth.(*ControllerV1).Register      |                   |
----------|--------|-------------------------------|---------------------------------------------------------------------|--------------------
| :8080   | GET    | /api/trades                   | cex-exchange/internal/controller/trade.(*ControllerV1).GetTrades    | middleware.Auth   |
----------|--------|-------------------------------|---------------------------------------------------------------------|--------------------

2025-11-30T17:09:05.221+08:00 [INFO] {90ef006cb6bd7c183082bd4777b21858} Config path set to: manifest/config
2025-11-30T17:09:08.023+08:00 [INFO] {90ef006cb6bd7c183082bd4777b21858} ✅ Database connected successfully!
2025-11-30T17:09:09.422+08:00 [INFO] ✅ Redis connected successfully (v8)!
2025-11-30T17:09:09.429+08:00 [INFO] openapi specification is disabled
2025-11-30T17:09:09.429+08:00 [INFO] pid[426]: http server started listening on [:8080]

----------|--------|-------------------------------|---------------------------------------------------------------------|--------------------
| ADDRESS | METHOD |             ROUTE             |                               HANDLER                               |    MIDDLEWARE     |
----------|--------|-------------------------------|---------------------------------------------------------------------|--------------------
| :8080   | ALL    | /*                            | cex-exchange/internal/middleware.ResponseHandler                    | GLOBAL MIDDLEWARE |
----------|--------|-------------------------------|---------------------------------------------------------------------|--------------------
| :8080   | GET    | /api/accounts                 | cex-exchange/internal/controller/funds.(*ControllerV1).ListAccounts | middleware.Auth   |
----------|--------|-------------------------------|---------------------------------------------------------------------|--------------------
| :8080   | GET    | /api/admin/accounts           | cex-exchange/internal/controller/admin.(*ControllerV1).ListAccounts | middleware.Auth   |
----------|--------|-------------------------------|---------------------------------------------------------------------|--------------------
| :8080   | POST   | /api/admin/accounts/add-funds | cex-exchange/internal/controller/admin.(*ControllerV1).AddFunds     | middleware.Auth   |
----------|--------|-------------------------------|---------------------------------------------------------------------|--------------------
| :8080   | GET    | /api/admin/orders             | cex-exchange/internal/controller/admin.(*ControllerV1).ListOrders   | middleware.Auth   |
----------|--------|-------------------------------|---------------------------------------------------------------------|--------------------
| :8080   | GET    | /api/admin/users              | cex-exchange/internal/controller/admin.(*ControllerV1).ListUsers    | middleware.Auth   |
----------|--------|-------------------------------|---------------------------------------------------------------------|--------------------
| :8080   | POST   | /api/deposit                  | cex-exchange/internal/controller/funds.(*ControllerV1).Deposit      | middleware.Auth   |
----------|--------|-------------------------------|---------------------------------------------------------------------|--------------------
| :8080   | POST   | /api/login                    | cex-exchange/internal/controller/auth.(*ControllerV1).Login         |                   |
----------|--------|-------------------------------|---------------------------------------------------------------------|--------------------
| :8080   | GET    | /api/my_orders                | cex-exchange/internal/controller/order.(*ControllerV1).ListMyOrders | middleware.Auth   |
----------|--------|-------------------------------|---------------------------------------------------------------------|--------------------
| :8080   | GET    | /api/my_trades                | cex-exchange/internal/controller/order.(*ControllerV1).ListMyTrades | middleware.Auth   |
----------|--------|-------------------------------|---------------------------------------------------------------------|--------------------
| :8080   | POST   | /api/order                    | cex-exchange/internal/controller/order.(*ControllerV1).PlaceOrder   | middleware.Auth   |
----------|--------|-------------------------------|---------------------------------------------------------------------|--------------------
| :8080   | GET    | /api/orderbook                | cex-exchange/internal/controller/trade.(*ControllerV1).GetOrderBook | middleware.Auth   |
----------|--------|-------------------------------|---------------------------------------------------------------------|--------------------
| :8080   | POST   | /api/register                 | cex-exchange/internal/controller/auth.(*ControllerV1).Register      |                   |
----------|--------|-------------------------------|---------------------------------------------------------------------|--------------------
| :8080   | GET    | /api/trades                   | cex-exchange/internal/controller/trade.(*ControllerV1).GetTrades    | middleware.Auth   |
----------|--------|-------------------------------|---------------------------------------------------------------------|--------------------

2025-11-30T17:18:21.920+08:00 [INFO] {10a00f0a38be7c183bd4560734aaf6ff} Config path set to: manifest/config
2025-11-30T17:18:24.992+08:00 [INFO] {10a00f0a38be7c183bd4560734aaf6ff} ✅ Database connected successfully!
2025-11-30T17:18:26.540+08:00 [INFO] ✅ Redis connected successfully (v8)!
2025-11-30T17:18:26.547+08:00 [INFO] openapi specification is disabled
2025-11-30T17:18:26.547+08:00 [INFO] pid[769]: http server started listening on [:8080]

----------|--------|-------------------------------|---------------------------------------------------------------------|--------------------
| ADDRESS | METHOD |             ROUTE             |                               HANDLER                               |    MIDDLEWARE     |
----------|--------|-------------------------------|---------------------------------------------------------------------|--------------------
| :8080   | ALL    | /*                            | cex-exchange/internal/middleware.ResponseHandler                    | GLOBAL MIDDLEWARE |
----------|--------|-------------------------------|---------------------------------------------------------------------|--------------------
| :8080   | GET    | /api/accounts                 | cex-exchange/internal/controller/funds.(*ControllerV1).ListAccounts | middleware.Auth   |
----------|--------|-------------------------------|---------------------------------------------------------------------|--------------------
| :8080   | GET    | /api/admin/accounts           | cex-exchange/internal/controller/admin.(*ControllerV1).ListAccounts | middleware.Auth   |
----------|--------|-------------------------------|---------------------------------------------------------------------|--------------------
| :8080   | POST   | /api/admin/accounts/add-funds | cex-exchange/internal/controller/admin.(*ControllerV1).AddFunds     | middleware.Auth   |
----------|--------|-------------------------------|---------------------------------------------------------------------|--------------------
| :8080   | GET    | /api/admin/orders             | cex-exchange/internal/controller/admin.(*ControllerV1).ListOrders   | middleware.Auth   |
----------|--------|-------------------------------|---------------------------------------------------------------------|--------------------
| :8080   | GET    | /api/admin/users              | cex-exchange/internal/controller/admin.(*ControllerV1).ListUsers    | middleware.Auth   |
----------|--------|-------------------------------|---------------------------------------------------------------------|--------------------
| :8080   | POST   | /api/deposit                  | cex-exchange/internal/controller/funds.(*ControllerV1).Deposit      | middleware.Auth   |
----------|--------|-------------------------------|---------------------------------------------------------------------|--------------------
| :8080   | POST   | /api/login                    | cex-exchange/internal/controller/auth.(*ControllerV1).Login         |                   |
----------|--------|-------------------------------|---------------------------------------------------------------------|--------------------
| :8080   | GET    | /api/my_orders                | cex-exchange/internal/controller/order.(*ControllerV1).ListMyOrders | middleware.Auth   |
----------|--------|-------------------------------|---------------------------------------------------------------------|--------------------
| :8080   | GET    | /api/my_trades                | cex-exchange/internal/controller/order.(*ControllerV1).ListMyTrades | middleware.Auth   |
----------|--------|-------------------------------|---------------------------------------------------------------------|--------------------
| :8080   | POST   | /api/order                    | cex-exchange/internal/controller/order.(*ControllerV1).PlaceOrder   | middleware.Auth   |
----------|--------|-------------------------------|---------------------------------------------------------------------|--------------------
| :8080   | GET    | /api/orderbook                | cex-exchange/internal/controller/trade.(*ControllerV1).GetOrderBook | middleware.Auth   |
----------|--------|-------------------------------|---------------------------------------------------------------------|--------------------
| :8080   | POST   | /api/register                 | cex-exchange/internal/controller/auth.(*ControllerV1).Register      |                   |
----------|--------|-------------------------------|---------------------------------------------------------------------|--------------------
| :8080   | GET    | /api/trades                   | cex-exchange/internal/controller/trade.(*ControllerV1).GetTrades    | middleware.Auth   |
----------|--------|-------------------------------|---------------------------------------------------------------------|--------------------

2025-11-30T17:23:34.767+08:00 [INFO] {b8343fe180be7c1847d45607787651ab} User 1 deposit 2 BTC
2025-11-30T18:07:24.937+08:00 [INFO] {c8c98543e5c07c18b31ec400e451838c} Config path set to: manifest/config
2025-11-30T18:07:27.904+08:00 [INFO] {c8c98543e5c07c18b31ec400e451838c} ✅ Database connected successfully!
2025-11-30T18:07:29.346+08:00 [INFO] ✅ Redis connected successfully (v8)!
2025-11-30T18:07:29.355+08:00 [INFO] pid[1939]: http server started listening on [:8080]
2025-11-30T18:07:29.356+08:00 [INFO] openapi specification is disabled

----------|--------|-------------------------------|---------------------------------------------------------------------|--------------------
| ADDRESS | METHOD |             ROUTE             |                               HANDLER                               |    MIDDLEWARE     |
----------|--------|-------------------------------|---------------------------------------------------------------------|--------------------
| :8080   | ALL    | /*                            | cex-exchange/internal/middleware.ResponseHandler                    | GLOBAL MIDDLEWARE |
----------|--------|-------------------------------|---------------------------------------------------------------------|--------------------
| :8080   | GET    | /api/accounts                 | cex-exchange/internal/controller/funds.(*ControllerV1).ListAccounts | middleware.Auth   |
----------|--------|-------------------------------|---------------------------------------------------------------------|--------------------
| :8080   | GET    | /api/admin/accounts           | cex-exchange/internal/controller/admin.(*ControllerV1).ListAccounts | middleware.Auth   |
----------|--------|-------------------------------|---------------------------------------------------------------------|--------------------
| :8080   | POST   | /api/admin/accounts/add-funds | cex-exchange/internal/controller/admin.(*ControllerV1).AddFunds     | middleware.Auth   |
----------|--------|-------------------------------|---------------------------------------------------------------------|--------------------
| :8080   | GET    | /api/admin/orders             | cex-exchange/internal/controller/admin.(*ControllerV1).ListOrders   | middleware.Auth   |
----------|--------|-------------------------------|---------------------------------------------------------------------|--------------------
| :8080   | GET    | /api/admin/users              | cex-exchange/internal/controller/admin.(*ControllerV1).ListUsers    | middleware.Auth   |
----------|--------|-------------------------------|---------------------------------------------------------------------|--------------------
| :8080   | POST   | /api/deposit                  | cex-exchange/internal/controller/funds.(*ControllerV1).Deposit      | middleware.Auth   |
----------|--------|-------------------------------|---------------------------------------------------------------------|--------------------
| :8080   | POST   | /api/login                    | cex-exchange/internal/controller/auth.(*ControllerV1).Login         |                   |
----------|--------|-------------------------------|---------------------------------------------------------------------|--------------------
| :8080   | GET    | /api/my_orders                | cex-exchange/internal/controller/order.(*ControllerV1).ListMyOrders | middleware.Auth   |
----------|--------|-------------------------------|---------------------------------------------------------------------|--------------------
| :8080   | GET    | /api/my_trades                | cex-exchange/internal/controller/order.(*ControllerV1).ListMyTrades | middleware.Auth   |
----------|--------|-------------------------------|---------------------------------------------------------------------|--------------------
| :8080   | POST   | /api/order                    | cex-exchange/internal/controller/order.(*ControllerV1).PlaceOrder   | middleware.Auth   |
----------|--------|-------------------------------|---------------------------------------------------------------------|--------------------
| :8080   | GET    | /api/orderbook                | cex-exchange/internal/controller/trade.(*ControllerV1).GetOrderBook | middleware.Auth   |
----------|--------|-------------------------------|---------------------------------------------------------------------|--------------------
| :8080   | POST   | /api/register                 | cex-exchange/internal/controller/auth.(*ControllerV1).Register      |                   |
----------|--------|-------------------------------|---------------------------------------------------------------------|--------------------
| :8080   | GET    | /api/trades                   | cex-exchange/internal/controller/trade.(*ControllerV1).GetTrades    | middleware.Auth   |
----------|--------|-------------------------------|---------------------------------------------------------------------|--------------------

2025-11-30T18:30:26.628+08:00 [INFO] {58d3b9f626c27c184fe5ba7b94ba2c48} Config path set to: manifest/config
2025-11-30T18:30:29.663+08:00 [INFO] {58d3b9f626c27c184fe5ba7b94ba2c48} ✅ Database connected successfully!
2025-11-30T18:30:31.102+08:00 [INFO] ✅ Redis connected successfully (v8)!
2025-11-30T18:30:31.108+08:00 [INFO] openapi specification is disabled
2025-11-30T18:30:31.108+08:00 [INFO] pid[2853]: http server started listening on [:8080]

----------|--------|-------------------------------|---------------------------------------------------------------------|--------------------
| ADDRESS | METHOD |             ROUTE             |                               HANDLER                               |    MIDDLEWARE     |
----------|--------|-------------------------------|---------------------------------------------------------------------|--------------------
| :8080   | ALL    | /*                            | cex-exchange/internal/middleware.ResponseHandler                    | GLOBAL MIDDLEWARE |
----------|--------|-------------------------------|---------------------------------------------------------------------|--------------------
| :8080   | GET    | /api/accounts                 | cex-exchange/internal/controller/funds.(*ControllerV1).ListAccounts | middleware.Auth   |
----------|--------|-------------------------------|---------------------------------------------------------------------|--------------------
| :8080   | GET    | /api/admin/accounts           | cex-exchange/internal/controller/admin.(*ControllerV1).ListAccounts | middleware.Auth   |
----------|--------|-------------------------------|---------------------------------------------------------------------|--------------------
| :8080   | POST   | /api/admin/accounts/add-funds | cex-exchange/internal/controller/admin.(*ControllerV1).AddFunds     | middleware.Auth   |
----------|--------|-------------------------------|---------------------------------------------------------------------|--------------------
| :8080   | GET    | /api/admin/orders             | cex-exchange/internal/controller/admin.(*ControllerV1).ListOrders   | middleware.Auth   |
----------|--------|-------------------------------|---------------------------------------------------------------------|--------------------
| :8080   | GET    | /api/admin/users              | cex-exchange/internal/controller/admin.(*ControllerV1).ListUsers    | middleware.Auth   |
----------|--------|-------------------------------|---------------------------------------------------------------------|--------------------
| :8080   | POST   | /api/deposit                  | cex-exchange/internal/controller/funds.(*ControllerV1).Deposit      | middleware.Auth   |
----------|--------|-------------------------------|---------------------------------------------------------------------|--------------------
| :8080   | POST   | /api/login                    | cex-exchange/internal/controller/auth.(*ControllerV1).Login         |                   |
----------|--------|-------------------------------|---------------------------------------------------------------------|--------------------
| :8080   | GET    | /api/my_orders                | cex-exchange/internal/controller/order.(*ControllerV1).ListMyOrders | middleware.Auth   |
----------|--------|-------------------------------|---------------------------------------------------------------------|--------------------
| :8080   | GET    | /api/my_trades                | cex-exchange/internal/controller/order.(*ControllerV1).ListMyTrades | middleware.Auth   |
----------|--------|-------------------------------|---------------------------------------------------------------------|--------------------
| :8080   | POST   | /api/order                    | cex-exchange/internal/controller/order.(*ControllerV1).PlaceOrder   | middleware.Auth   |
----------|--------|-------------------------------|---------------------------------------------------------------------|--------------------
| :8080   | GET    | /api/orderbook                | cex-exchange/internal/controller/trade.(*ControllerV1).GetOrderBook | middleware.Auth   |
----------|--------|-------------------------------|---------------------------------------------------------------------|--------------------
| :8080   | POST   | /api/register                 | cex-exchange/internal/controller/auth.(*ControllerV1).Register      |                   |
----------|--------|-------------------------------|---------------------------------------------------------------------|--------------------
| :8080   | GET    | /api/trades                   | cex-exchange/internal/controller/trade.(*ControllerV1).GetTrades    | middleware.Auth   |
----------|--------|-------------------------------|---------------------------------------------------------------------|--------------------

2025-11-30T18:30:32.727+08:00 [INFO] pid[2853]: all servers shutdown
2025-11-30T18:35:33.395+08:00 [INFO] {482e79636ec27c1813dfd35f10ad146f} Config path set to: manifest/config
2025-11-30T18:35:36.350+08:00 [INFO] {482e79636ec27c1813dfd35f10ad146f} ✅ Database connected successfully!
2025-11-30T18:35:37.950+08:00 [INFO] ✅ Redis connected successfully (v8)!
2025-11-30T18:35:37.956+08:00 [INFO] openapi specification is disabled
2025-11-30T18:35:37.956+08:00 [INFO] pid[3289]: http server started listening on [:8080]

----------|--------|-------------------------------|---------------------------------------------------------------------|--------------------
| ADDRESS | METHOD |             ROUTE             |                               HANDLER                               |    MIDDLEWARE     |
----------|--------|-------------------------------|---------------------------------------------------------------------|--------------------
| :8080   | ALL    | /*                            | cex-exchange/internal/middleware.ResponseHandler                    | GLOBAL MIDDLEWARE |
----------|--------|-------------------------------|---------------------------------------------------------------------|--------------------
| :8080   | GET    | /api/accounts                 | cex-exchange/internal/controller/funds.(*ControllerV1).ListAccounts | middleware.Auth   |
----------|--------|-------------------------------|---------------------------------------------------------------------|--------------------
| :8080   | GET    | /api/admin/accounts           | cex-exchange/internal/controller/admin.(*ControllerV1).ListAccounts | middleware.Auth   |
----------|--------|-------------------------------|---------------------------------------------------------------------|--------------------
| :8080   | POST   | /api/admin/accounts/add-funds | cex-exchange/internal/controller/admin.(*ControllerV1).AddFunds     | middleware.Auth   |
----------|--------|-------------------------------|---------------------------------------------------------------------|--------------------
| :8080   | GET    | /api/admin/orders             | cex-exchange/internal/controller/admin.(*ControllerV1).ListOrders   | middleware.Auth   |
----------|--------|-------------------------------|---------------------------------------------------------------------|--------------------
| :8080   | GET    | /api/admin/users              | cex-exchange/internal/controller/admin.(*ControllerV1).ListUsers    | middleware.Auth   |
----------|--------|-------------------------------|---------------------------------------------------------------------|--------------------
| :8080   | POST   | /api/deposit                  | cex-exchange/internal/controller/funds.(*ControllerV1).Deposit      | middleware.Auth   |
----------|--------|-------------------------------|---------------------------------------------------------------------|--------------------
| :8080   | POST   | /api/login                    | cex-exchange/internal/controller/auth.(*ControllerV1).Login         |                   |
----------|--------|-------------------------------|---------------------------------------------------------------------|--------------------
| :8080   | GET    | /api/my_orders                | cex-exchange/internal/controller/order.(*ControllerV1).ListMyOrders | middleware.Auth   |
----------|--------|-------------------------------|---------------------------------------------------------------------|--------------------
| :8080   | GET    | /api/my_trades                | cex-exchange/internal/controller/order.(*ControllerV1).ListMyTrades | middleware.Auth   |
----------|--------|-------------------------------|---------------------------------------------------------------------|--------------------
| :8080   | POST   | /api/order                    | cex-exchange/internal/controller/order.(*ControllerV1).PlaceOrder   | middleware.Auth   |
----------|--------|-------------------------------|---------------------------------------------------------------------|--------------------
| :8080   | GET    | /api/orderbook                | cex-exchange/internal/controller/trade.(*ControllerV1).GetOrderBook | middleware.Auth   |
----------|--------|-------------------------------|---------------------------------------------------------------------|--------------------
| :8080   | POST   | /api/register                 | cex-exchange/internal/controller/auth.(*ControllerV1).Register      |                   |
----------|--------|-------------------------------|---------------------------------------------------------------------|--------------------
| :8080   | GET    | /api/trades                   | cex-exchange/internal/controller/trade.(*ControllerV1).GetTrades    | middleware.Auth   |
----------|--------|-------------------------------|---------------------------------------------------------------------|--------------------

2025-11-30T18:46:19.681+08:00 [INFO] {408118dd04c37c18b027320e4bbb7caa} Config path set to: manifest/config
2025-11-30T18:46:22.626+08:00 [INFO] {408118dd04c37c18b027320e4bbb7caa} ✅ Database connected successfully!
2025-11-30T18:46:24.063+08:00 [INFO] ✅ Redis connected successfully (v8)!
2025-11-30T18:46:24.073+08:00 [INFO] openapi specification is disabled
2025-11-30T18:46:24.073+08:00 [INFO] pid[3560]: http server started listening on [:8080]

----------|--------|-------------------------------|---------------------------------------------------------------------|--------------------
| ADDRESS | METHOD |             ROUTE             |                               HANDLER                               |    MIDDLEWARE     |
----------|--------|-------------------------------|---------------------------------------------------------------------|--------------------
| :8080   | ALL    | /*                            | cex-exchange/internal/middleware.ResponseHandler                    | GLOBAL MIDDLEWARE |
----------|--------|-------------------------------|---------------------------------------------------------------------|--------------------
| :8080   | GET    | /api/accounts                 | cex-exchange/internal/controller/funds.(*ControllerV1).ListAccounts | middleware.Auth   |
----------|--------|-------------------------------|---------------------------------------------------------------------|--------------------
| :8080   | GET    | /api/admin/accounts           | cex-exchange/internal/controller/admin.(*ControllerV1).ListAccounts | middleware.Auth   |
----------|--------|-------------------------------|---------------------------------------------------------------------|--------------------
| :8080   | POST   | /api/admin/accounts/add-funds | cex-exchange/internal/controller/admin.(*ControllerV1).AddFunds     | middleware.Auth   |
----------|--------|-------------------------------|---------------------------------------------------------------------|--------------------
| :8080   | GET    | /api/admin/orders             | cex-exchange/internal/controller/admin.(*ControllerV1).ListOrders   | middleware.Auth   |
----------|--------|-------------------------------|---------------------------------------------------------------------|--------------------
| :8080   | GET    | /api/admin/users              | cex-exchange/internal/controller/admin.(*ControllerV1).ListUsers    | middleware.Auth   |
----------|--------|-------------------------------|---------------------------------------------------------------------|--------------------
| :8080   | POST   | /api/deposit                  | cex-exchange/internal/controller/funds.(*ControllerV1).Deposit      | middleware.Auth   |
----------|--------|-------------------------------|---------------------------------------------------------------------|--------------------
| :8080   | POST   | /api/login                    | cex-exchange/internal/controller/auth.(*ControllerV1).Login         |                   |
----------|--------|-------------------------------|---------------------------------------------------------------------|--------------------
| :8080   | GET    | /api/my_orders                | cex-exchange/internal/controller/order.(*ControllerV1).ListMyOrders | middleware.Auth   |
----------|--------|-------------------------------|---------------------------------------------------------------------|--------------------
| :8080   | GET    | /api/my_trades                | cex-exchange/internal/controller/order.(*ControllerV1).ListMyTrades | middleware.Auth   |
----------|--------|-------------------------------|---------------------------------------------------------------------|--------------------
| :8080   | POST   | /api/order                    | cex-exchange/internal/controller/order.(*ControllerV1).PlaceOrder   | middleware.Auth   |
----------|--------|-------------------------------|---------------------------------------------------------------------|--------------------
| :8080   | GET    | /api/orderbook                | cex-exchange/internal/controller/trade.(*ControllerV1).GetOrderBook | middleware.Auth   |
----------|--------|-------------------------------|---------------------------------------------------------------------|--------------------
| :8080   | POST   | /api/register                 | cex-exchange/internal/controller/auth.(*ControllerV1).Register      |                   |
----------|--------|-------------------------------|---------------------------------------------------------------------|--------------------
| :8080   | GET    | /api/trades                   | cex-exchange/internal/controller/trade.(*ControllerV1).GetTrades    | middleware.Auth   |
----------|--------|-------------------------------|---------------------------------------------------------------------|--------------------

2025-11-30T18:46:42.106+08:00 [ERRO] {50d8ee9a09c37c18b227320e2c55aacc} 查询账户失败: sql: no rows in result set 
Stack:
1.  cex-exchange/internal/service.(*orderImpl).PlaceOrder.func1
    /Users/zhanjun/IdeaProjects/cex-exchange/cex-exchange/internal/service/order.go:94
2.  cex-exchange/internal/service.(*orderImpl).PlaceOrder
    /Users/zhanjun/IdeaProjects/cex-exchange/cex-exchange/internal/service/order.go:80
3.  cex-exchange/internal/controller/order.(*ControllerV1).PlaceOrder
    /Users/zhanjun/IdeaProjects/cex-exchange/cex-exchange/internal/controller/order/order_v1.go:35
4.  cex-exchange/internal/middleware.Auth
    /Users/zhanjun/IdeaProjects/cex-exchange/cex-exchange/internal/middleware/auth.go:59
5.  cex-exchange/internal/middleware.ResponseHandler
    /Users/zhanjun/IdeaProjects/cex-exchange/cex-exchange/internal/middleware/middleware.go:16
6.  cex-exchange/internal/middleware.CORS
    /Users/zhanjun/IdeaProjects/cex-exchange/cex-exchange/internal/middleware/middleware.go:11

2025-11-30T18:51:38.459+08:00 [INFO] {2853c7154fc37c18543ab344dcaf8dd7} Config path set to: manifest/config
2025-11-30T18:51:41.470+08:00 [INFO] {2853c7154fc37c18543ab344dcaf8dd7} ✅ Database connected successfully!
2025-11-30T18:51:42.914+08:00 [INFO] ✅ Redis connected successfully (v8)!
2025-11-30T18:51:42.921+08:00 [INFO] openapi specification is disabled
2025-11-30T18:51:42.921+08:00 [INFO] pid[3704]: http server started listening on [:8080]

----------|--------|-------------------------------|---------------------------------------------------------------------|--------------------
| ADDRESS | METHOD |             ROUTE             |                               HANDLER                               |    MIDDLEWARE     |
----------|--------|-------------------------------|---------------------------------------------------------------------|--------------------
| :8080   | ALL    | /*                            | cex-exchange/internal/middleware.ResponseHandler                    | GLOBAL MIDDLEWARE |
----------|--------|-------------------------------|---------------------------------------------------------------------|--------------------
| :8080   | GET    | /api/accounts                 | cex-exchange/internal/controller/funds.(*ControllerV1).ListAccounts | middleware.Auth   |
----------|--------|-------------------------------|---------------------------------------------------------------------|--------------------
| :8080   | GET    | /api/admin/accounts           | cex-exchange/internal/controller/admin.(*ControllerV1).ListAccounts | middleware.Auth   |
----------|--------|-------------------------------|---------------------------------------------------------------------|--------------------
| :8080   | POST   | /api/admin/accounts/add-funds | cex-exchange/internal/controller/admin.(*ControllerV1).AddFunds     | middleware.Auth   |
----------|--------|-------------------------------|---------------------------------------------------------------------|--------------------
| :8080   | GET    | /api/admin/orders             | cex-exchange/internal/controller/admin.(*ControllerV1).ListOrders   | middleware.Auth   |
----------|--------|-------------------------------|---------------------------------------------------------------------|--------------------
| :8080   | GET    | /api/admin/users              | cex-exchange/internal/controller/admin.(*ControllerV1).ListUsers    | middleware.Auth   |
----------|--------|-------------------------------|---------------------------------------------------------------------|--------------------
| :8080   | POST   | /api/deposit                  | cex-exchange/internal/controller/funds.(*ControllerV1).Deposit      | middleware.Auth   |
----------|--------|-------------------------------|---------------------------------------------------------------------|--------------------
| :8080   | POST   | /api/login                    | cex-exchange/internal/controller/auth.(*ControllerV1).Login         |                   |
----------|--------|-------------------------------|---------------------------------------------------------------------|--------------------
| :8080   | GET    | /api/my_orders                | cex-exchange/internal/controller/order.(*ControllerV1).ListMyOrders | middleware.Auth   |
----------|--------|-------------------------------|---------------------------------------------------------------------|--------------------
| :8080   | GET    | /api/my_trades                | cex-exchange/internal/controller/order.(*ControllerV1).ListMyTrades | middleware.Auth   |
----------|--------|-------------------------------|---------------------------------------------------------------------|--------------------
| :8080   | POST   | /api/order                    | cex-exchange/internal/controller/order.(*ControllerV1).PlaceOrder   | middleware.Auth   |
----------|--------|-------------------------------|---------------------------------------------------------------------|--------------------
| :8080   | GET    | /api/orderbook                | cex-exchange/internal/controller/trade.(*ControllerV1).GetOrderBook | middleware.Auth   |
----------|--------|-------------------------------|---------------------------------------------------------------------|--------------------
| :8080   | POST   | /api/register                 | cex-exchange/internal/controller/auth.(*ControllerV1).Register      |                   |
----------|--------|-------------------------------|---------------------------------------------------------------------|--------------------
| :8080   | GET    | /api/trades                   | cex-exchange/internal/controller/trade.(*ControllerV1).GetTrades    | middleware.Auth   |
----------|--------|-------------------------------|---------------------------------------------------------------------|--------------------

2025-11-30T18:52:57.044+08:00 [ERRO] {d0c5203660c37c18563ab34491579eb3} 查询账户没有余额: sql: no rows in result set 
Stack:
1.  cex-exchange/internal/service.(*orderImpl).PlaceOrder.func1
    /Users/zhanjun/IdeaProjects/cex-exchange/cex-exchange/internal/service/order.go:94
2.  cex-exchange/internal/service.(*orderImpl).PlaceOrder
    /Users/zhanjun/IdeaProjects/cex-exchange/cex-exchange/internal/service/order.go:80
3.  cex-exchange/internal/controller/order.(*ControllerV1).PlaceOrder
    /Users/zhanjun/IdeaProjects/cex-exchange/cex-exchange/internal/controller/order/order_v1.go:35
4.  cex-exchange/internal/middleware.Auth
    /Users/zhanjun/IdeaProjects/cex-exchange/cex-exchange/internal/middleware/auth.go:59
5.  cex-exchange/internal/middleware.ResponseHandler
    /Users/zhanjun/IdeaProjects/cex-exchange/cex-exchange/internal/middleware/middleware.go:16
6.  cex-exchange/internal/middleware.CORS
    /Users/zhanjun/IdeaProjects/cex-exchange/cex-exchange/internal/middleware/middleware.go:11

2025-11-30T18:53:31.653+08:00 [ERRO] {08b3d21969c37c18593ab3440999509b} 查询账户没有余额: sql: no rows in result set 
Stack:
1.  cex-exchange/internal/service.(*orderImpl).PlaceOrder.func1
    /Users/zhanjun/IdeaProjects/cex-exchange/cex-exchange/internal/service/order.go:94
2.  cex-exchange/internal/service.(*orderImpl).PlaceOrder
    /Users/zhanjun/IdeaProjects/cex-exchange/cex-exchange/internal/service/order.go:80
3.  cex-exchange/internal/controller/order.(*ControllerV1).PlaceOrder
    /Users/zhanjun/IdeaProjects/cex-exchange/cex-exchange/internal/controller/order/order_v1.go:35
4.  cex-exchange/internal/middleware.Auth
    /Users/zhanjun/IdeaProjects/cex-exchange/cex-exchange/internal/middleware/auth.go:59
5.  cex-exchange/internal/middleware.ResponseHandler
    /Users/zhanjun/IdeaProjects/cex-exchange/cex-exchange/internal/middleware/middleware.go:16
6.  cex-exchange/internal/middleware.CORS
    /Users/zhanjun/IdeaProjects/cex-exchange/cex-exchange/internal/middleware/middleware.go:11

2025-11-30T18:59:13.366+08:00 [ERRO] {b0f94c93b8c37c18653ab34407a9d7dd} 查询账户没有余额: sql: no rows in result set 
Stack:
1.  cex-exchange/internal/service.(*orderImpl).PlaceOrder.func1
    /Users/zhanjun/IdeaProjects/cex-exchange/cex-exchange/internal/service/order.go:94
2.  cex-exchange/internal/service.(*orderImpl).PlaceOrder
    /Users/zhanjun/IdeaProjects/cex-exchange/cex-exchange/internal/service/order.go:80
3.  cex-exchange/internal/controller/order.(*ControllerV1).PlaceOrder
    /Users/zhanjun/IdeaProjects/cex-exchange/cex-exchange/internal/controller/order/order_v1.go:35
4.  cex-exchange/internal/middleware.Auth
    /Users/zhanjun/IdeaProjects/cex-exchange/cex-exchange/internal/middleware/auth.go:59
5.  cex-exchange/internal/middleware.ResponseHandler
    /Users/zhanjun/IdeaProjects/cex-exchange/cex-exchange/internal/middleware/middleware.go:16
6.  cex-exchange/internal/middleware.CORS
    /Users/zhanjun/IdeaProjects/cex-exchange/cex-exchange/internal/middleware/middleware.go:11

2025-11-30T19:02:25.790+08:00 [INFO] {587ca6cde5c37c18070f104161995eab} Config path set to: manifest/config
2025-11-30T19:02:28.676+08:00 [INFO] {587ca6cde5c37c18070f104161995eab} ✅ Database connected successfully!
2025-11-30T19:02:30.103+08:00 [INFO] ✅ Redis connected successfully (v8)!
2025-11-30T19:02:30.108+08:00 [INFO] pid[4108]: http server started listening on [:8080]
2025-11-30T19:02:30.108+08:00 [INFO] openapi specification is disabled

----------|--------|-------------------------------|---------------------------------------------------------------------|--------------------
| ADDRESS | METHOD |             ROUTE             |                               HANDLER                               |    MIDDLEWARE     |
----------|--------|-------------------------------|---------------------------------------------------------------------|--------------------
| :8080   | ALL    | /*                            | cex-exchange/internal/middleware.ResponseHandler                    | GLOBAL MIDDLEWARE |
----------|--------|-------------------------------|---------------------------------------------------------------------|--------------------
| :8080   | GET    | /api/accounts                 | cex-exchange/internal/controller/funds.(*ControllerV1).ListAccounts | middleware.Auth   |
----------|--------|-------------------------------|---------------------------------------------------------------------|--------------------
| :8080   | GET    | /api/admin/accounts           | cex-exchange/internal/controller/admin.(*ControllerV1).ListAccounts | middleware.Auth   |
----------|--------|-------------------------------|---------------------------------------------------------------------|--------------------
| :8080   | POST   | /api/admin/accounts/add-funds | cex-exchange/internal/controller/admin.(*ControllerV1).AddFunds     | middleware.Auth   |
----------|--------|-------------------------------|---------------------------------------------------------------------|--------------------
| :8080   | GET    | /api/admin/orders             | cex-exchange/internal/controller/admin.(*ControllerV1).ListOrders   | middleware.Auth   |
----------|--------|-------------------------------|---------------------------------------------------------------------|--------------------
| :8080   | GET    | /api/admin/users              | cex-exchange/internal/controller/admin.(*ControllerV1).ListUsers    | middleware.Auth   |
----------|--------|-------------------------------|---------------------------------------------------------------------|--------------------
| :8080   | POST   | /api/deposit                  | cex-exchange/internal/controller/funds.(*ControllerV1).Deposit      | middleware.Auth   |
----------|--------|-------------------------------|---------------------------------------------------------------------|--------------------
| :8080   | POST   | /api/login                    | cex-exchange/internal/controller/auth.(*ControllerV1).Login         |                   |
----------|--------|-------------------------------|---------------------------------------------------------------------|--------------------
| :8080   | GET    | /api/my_orders                | cex-exchange/internal/controller/order.(*ControllerV1).ListMyOrders | middleware.Auth   |
----------|--------|-------------------------------|---------------------------------------------------------------------|--------------------
| :8080   | GET    | /api/my_trades                | cex-exchange/internal/controller/order.(*ControllerV1).ListMyTrades | middleware.Auth   |
----------|--------|-------------------------------|---------------------------------------------------------------------|--------------------
| :8080   | POST   | /api/order                    | cex-exchange/internal/controller/order.(*ControllerV1).PlaceOrder   | middleware.Auth   |
----------|--------|-------------------------------|---------------------------------------------------------------------|--------------------
| :8080   | GET    | /api/orderbook                | cex-exchange/internal/controller/trade.(*ControllerV1).GetOrderBook | middleware.Auth   |
----------|--------|-------------------------------|---------------------------------------------------------------------|--------------------
| :8080   | POST   | /api/register                 | cex-exchange/internal/controller/auth.(*ControllerV1).Register      |                   |
----------|--------|-------------------------------|---------------------------------------------------------------------|--------------------
| :8080   | GET    | /api/trades                   | cex-exchange/internal/controller/trade.(*ControllerV1).GetTrades    | middleware.Auth   |
----------|--------|-------------------------------|---------------------------------------------------------------------|--------------------

2025-11-30T19:02:55.774+08:00 [ERRO] {10db515fecc37c18100f10417eaf031c} 查询账户没有余额: sql: no rows in result set 
Stack:
1.  cex-exchange/internal/service.(*orderImpl).PlaceOrder.func1
    /Users/zhanjun/IdeaProjects/cex-exchange/cex-exchange/internal/service/order.go:94
2.  cex-exchange/internal/service.(*orderImpl).PlaceOrder
    /Users/zhanjun/IdeaProjects/cex-exchange/cex-exchange/internal/service/order.go:80
3.  cex-exchange/internal/controller/order.(*ControllerV1).PlaceOrder
    /Users/zhanjun/IdeaProjects/cex-exchange/cex-exchange/internal/controller/order/order_v1.go:35
4.  cex-exchange/internal/middleware.Auth
    /Users/zhanjun/IdeaProjects/cex-exchange/cex-exchange/internal/middleware/auth.go:59
5.  cex-exchange/internal/middleware.ResponseHandler
    /Users/zhanjun/IdeaProjects/cex-exchange/cex-exchange/internal/middleware/middleware.go:16
6.  cex-exchange/internal/middleware.CORS
    /Users/zhanjun/IdeaProjects/cex-exchange/cex-exchange/internal/middleware/middleware.go:11

2025-11-30T19:04:34.632+08:00 [ERRO] {f02ebf6503c47c181c0f10416b3b6fbb} 查询账户没有余额: sql: no rows in result set 
Stack:
1.  cex-exchange/internal/service.(*orderImpl).PlaceOrder.func1
    /Users/zhanjun/IdeaProjects/cex-exchange/cex-exchange/internal/service/order.go:94
2.  cex-exchange/internal/service.(*orderImpl).PlaceOrder
    /Users/zhanjun/IdeaProjects/cex-exchange/cex-exchange/internal/service/order.go:80
3.  cex-exchange/internal/controller/order.(*ControllerV1).PlaceOrder
    /Users/zhanjun/IdeaProjects/cex-exchange/cex-exchange/internal/controller/order/order_v1.go:35
4.  cex-exchange/internal/middleware.Auth
    /Users/zhanjun/IdeaProjects/cex-exchange/cex-exchange/internal/middleware/auth.go:59
5.  cex-exchange/internal/middleware.ResponseHandler
    /Users/zhanjun/IdeaProjects/cex-exchange/cex-exchange/internal/middleware/middleware.go:16
6.  cex-exchange/internal/middleware.CORS
    /Users/zhanjun/IdeaProjects/cex-exchange/cex-exchange/internal/middleware/middleware.go:11

2025-11-30T19:05:31.393+08:00 [ERRO] {185a4bb510c47c18270f1041cd962e85} 查询账户没有余额: sql: no rows in result set 
Stack:
1.  cex-exchange/internal/service.(*orderImpl).PlaceOrder.func1
    /Users/zhanjun/IdeaProjects/cex-exchange/cex-exchange/internal/service/order.go:94
2.  cex-exchange/internal/service.(*orderImpl).PlaceOrder
    /Users/zhanjun/IdeaProjects/cex-exchange/cex-exchange/internal/service/order.go:80
3.  cex-exchange/internal/controller/order.(*ControllerV1).PlaceOrder
    /Users/zhanjun/IdeaProjects/cex-exchange/cex-exchange/internal/controller/order/order_v1.go:35
4.  cex-exchange/internal/middleware.Auth
    /Users/zhanjun/IdeaProjects/cex-exchange/cex-exchange/internal/middleware/auth.go:59
5.  cex-exchange/internal/middleware.ResponseHandler
    /Users/zhanjun/IdeaProjects/cex-exchange/cex-exchange/internal/middleware/middleware.go:16
6.  cex-exchange/internal/middleware.CORS
    /Users/zhanjun/IdeaProjects/cex-exchange/cex-exchange/internal/middleware/middleware.go:11

2025-11-30T19:06:27.937+08:00 [ERRO] {887944de1dc47c18330f1041245490a6} 查询账户没有余额: sql: no rows in result set 
Stack:
1.  cex-exchange/internal/service.(*orderImpl).PlaceOrder.func1
    /Users/zhanjun/IdeaProjects/cex-exchange/cex-exchange/internal/service/order.go:94
2.  cex-exchange/internal/service.(*orderImpl).PlaceOrder
    /Users/zhanjun/IdeaProjects/cex-exchange/cex-exchange/internal/service/order.go:80
3.  cex-exchange/internal/controller/order.(*ControllerV1).PlaceOrder
    /Users/zhanjun/IdeaProjects/cex-exchange/cex-exchange/internal/controller/order/order_v1.go:35
4.  cex-exchange/internal/middleware.Auth
    /Users/zhanjun/IdeaProjects/cex-exchange/cex-exchange/internal/middleware/auth.go:59
5.  cex-exchange/internal/middleware.ResponseHandler
    /Users/zhanjun/IdeaProjects/cex-exchange/cex-exchange/internal/middleware/middleware.go:16
6.  cex-exchange/internal/middleware.CORS
    /Users/zhanjun/IdeaProjects/cex-exchange/cex-exchange/internal/middleware/middleware.go:11

2025-11-30T19:07:56.316+08:00 [ERRO] {d82b5d5932c47c18400f104106a6b205} 查询账户没有余额: sql: no rows in result set 
Stack:
1.  cex-exchange/internal/service.(*orderImpl).PlaceOrder.func1
    /Users/zhanjun/IdeaProjects/cex-exchange/cex-exchange/internal/service/order.go:94
2.  cex-exchange/internal/service.(*orderImpl).PlaceOrder
    /Users/zhanjun/IdeaProjects/cex-exchange/cex-exchange/internal/service/order.go:80
3.  cex-exchange/internal/controller/order.(*ControllerV1).PlaceOrder
    /Users/zhanjun/IdeaProjects/cex-exchange/cex-exchange/internal/controller/order/order_v1.go:35
4.  cex-exchange/internal/middleware.Auth
    /Users/zhanjun/IdeaProjects/cex-exchange/cex-exchange/internal/middleware/auth.go:59
5.  cex-exchange/internal/middleware.ResponseHandler
    /Users/zhanjun/IdeaProjects/cex-exchange/cex-exchange/internal/middleware/middleware.go:16
6.  cex-exchange/internal/middleware.CORS
    /Users/zhanjun/IdeaProjects/cex-exchange/cex-exchange/internal/middleware/middleware.go:11

2025-11-30T19:09:17.930+08:00 [ERRO] {8869c5d244c47c18440f10417a6f6da9} 查询账户没有余额: sql: no rows in result set 
Stack:
1.  cex-exchange/internal/service.(*orderImpl).PlaceOrder.func1
    /Users/zhanjun/IdeaProjects/cex-exchange/cex-exchange/internal/service/order.go:94
2.  cex-exchange/internal/service.(*orderImpl).PlaceOrder
    /Users/zhanjun/IdeaProjects/cex-exchange/cex-exchange/internal/service/order.go:80
3.  cex-exchange/internal/controller/order.(*ControllerV1).PlaceOrder
    /Users/zhanjun/IdeaProjects/cex-exchange/cex-exchange/internal/controller/order/order_v1.go:35
4.  cex-exchange/internal/middleware.Auth
    /Users/zhanjun/IdeaProjects/cex-exchange/cex-exchange/internal/middleware/auth.go:59
5.  cex-exchange/internal/middleware.ResponseHandler
    /Users/zhanjun/IdeaProjects/cex-exchange/cex-exchange/internal/middleware/middleware.go:16
6.  cex-exchange/internal/middleware.CORS
    /Users/zhanjun/IdeaProjects/cex-exchange/cex-exchange/internal/middleware/middleware.go:11

2025-11-30T19:11:43.852+08:00 [ERRO] {289e235567c47c184f0f10413390c962} 查询账户没有余额: sql: no rows in result set 
Stack:
1.  cex-exchange/internal/service.(*orderImpl).PlaceOrder.func1
    /Users/zhanjun/IdeaProjects/cex-exchange/cex-exchange/internal/service/order.go:94
2.  cex-exchange/internal/service.(*orderImpl).PlaceOrder
    /Users/zhanjun/IdeaProjects/cex-exchange/cex-exchange/internal/service/order.go:80
3.  cex-exchange/internal/controller/order.(*ControllerV1).PlaceOrder
    /Users/zhanjun/IdeaProjects/cex-exchange/cex-exchange/internal/controller/order/order_v1.go:35
4.  cex-exchange/internal/middleware.Auth
    /Users/zhanjun/IdeaProjects/cex-exchange/cex-exchange/internal/middleware/auth.go:59
5.  cex-exchange/internal/middleware.ResponseHandler
    /Users/zhanjun/IdeaProjects/cex-exchange/cex-exchange/internal/middleware/middleware.go:16
6.  cex-exchange/internal/middleware.CORS
    /Users/zhanjun/IdeaProjects/cex-exchange/cex-exchange/internal/middleware/middleware.go:11

2025-11-30T19:13:29.821+08:00 [INFO] {e861ff6880c47c18aff4d805bd8935a3} Config path set to: manifest/config
2025-11-30T19:13:32.704+08:00 [INFO] {e861ff6880c47c18aff4d805bd8935a3} ✅ Database connected successfully!
2025-11-30T19:13:34.216+08:00 [INFO] ✅ Redis connected successfully (v8)!
2025-11-30T19:13:34.223+08:00 [INFO] pid[4573]: http server started listening on [:8080]
2025-11-30T19:13:34.223+08:00 [INFO] openapi specification is disabled

----------|--------|-------------------------------|---------------------------------------------------------------------|--------------------
| ADDRESS | METHOD |             ROUTE             |                               HANDLER                               |    MIDDLEWARE     |
----------|--------|-------------------------------|---------------------------------------------------------------------|--------------------
| :8080   | ALL    | /*                            | cex-exchange/internal/middleware.ResponseHandler                    | GLOBAL MIDDLEWARE |
----------|--------|-------------------------------|---------------------------------------------------------------------|--------------------
| :8080   | GET    | /api/accounts                 | cex-exchange/internal/controller/funds.(*ControllerV1).ListAccounts | middleware.Auth   |
----------|--------|-------------------------------|---------------------------------------------------------------------|--------------------
| :8080   | GET    | /api/admin/accounts           | cex-exchange/internal/controller/admin.(*ControllerV1).ListAccounts | middleware.Auth   |
----------|--------|-------------------------------|---------------------------------------------------------------------|--------------------
| :8080   | POST   | /api/admin/accounts/add-funds | cex-exchange/internal/controller/admin.(*ControllerV1).AddFunds     | middleware.Auth   |
----------|--------|-------------------------------|---------------------------------------------------------------------|--------------------
| :8080   | GET    | /api/admin/orders             | cex-exchange/internal/controller/admin.(*ControllerV1).ListOrders   | middleware.Auth   |
----------|--------|-------------------------------|---------------------------------------------------------------------|--------------------
| :8080   | GET    | /api/admin/users              | cex-exchange/internal/controller/admin.(*ControllerV1).ListUsers    | middleware.Auth   |
----------|--------|-------------------------------|---------------------------------------------------------------------|--------------------
| :8080   | POST   | /api/deposit                  | cex-exchange/internal/controller/funds.(*ControllerV1).Deposit      | middleware.Auth   |
----------|--------|-------------------------------|---------------------------------------------------------------------|--------------------
| :8080   | POST   | /api/login                    | cex-exchange/internal/controller/auth.(*ControllerV1).Login         |                   |
----------|--------|-------------------------------|---------------------------------------------------------------------|--------------------
| :8080   | GET    | /api/my_orders                | cex-exchange/internal/controller/order.(*ControllerV1).ListMyOrders | middleware.Auth   |
----------|--------|-------------------------------|---------------------------------------------------------------------|--------------------
| :8080   | GET    | /api/my_trades                | cex-exchange/internal/controller/order.(*ControllerV1).ListMyTrades | middleware.Auth   |
----------|--------|-------------------------------|---------------------------------------------------------------------|--------------------
| :8080   | POST   | /api/order                    | cex-exchange/internal/controller/order.(*ControllerV1).PlaceOrder   | middleware.Auth   |
----------|--------|-------------------------------|---------------------------------------------------------------------|--------------------
| :8080   | GET    | /api/orderbook                | cex-exchange/internal/controller/trade.(*ControllerV1).GetOrderBook | middleware.Auth   |
----------|--------|-------------------------------|---------------------------------------------------------------------|--------------------
| :8080   | POST   | /api/register                 | cex-exchange/internal/controller/auth.(*ControllerV1).Register      |                   |
----------|--------|-------------------------------|---------------------------------------------------------------------|--------------------
| :8080   | GET    | /api/trades                   | cex-exchange/internal/controller/trade.(*ControllerV1).GetTrades    | middleware.Auth   |
----------|--------|-------------------------------|---------------------------------------------------------------------|--------------------

2025-11-30T19:13:42.311+08:00 [ERRO] {c097b2d282c47c18b1f4d80551d33da4} 查询账户没有余额: sql: no rows in result set 
Stack:
1.  cex-exchange/internal/service.(*orderImpl).PlaceOrder.func1
    /Users/zhanjun/IdeaProjects/cex-exchange/cex-exchange/internal/service/order.go:94
2.  cex-exchange/internal/service.(*orderImpl).PlaceOrder
    /Users/zhanjun/IdeaProjects/cex-exchange/cex-exchange/internal/service/order.go:80
3.  cex-exchange/internal/controller/order.(*ControllerV1).PlaceOrder
    /Users/zhanjun/IdeaProjects/cex-exchange/cex-exchange/internal/controller/order/order_v1.go:35
4.  cex-exchange/internal/middleware.Auth
    /Users/zhanjun/IdeaProjects/cex-exchange/cex-exchange/internal/middleware/auth.go:59
5.  cex-exchange/internal/middleware.ResponseHandler
    /Users/zhanjun/IdeaProjects/cex-exchange/cex-exchange/internal/middleware/middleware.go:16
6.  cex-exchange/internal/middleware.CORS
    /Users/zhanjun/IdeaProjects/cex-exchange/cex-exchange/internal/middleware/middleware.go:11

2025-11-30T19:15:11.152+08:00 [WARN] {10798feb97c47c18b2f4d80585218989} Redis Get Error: redis: nil
2025-11-30T19:15:11.153+08:00 [INFO] {10798feb97c47c18b2f4d80585218989} ⚠️ Cache Miss for user: 1
2025-11-30T19:15:17.762+08:00 [INFO] {10798feb97c47c18b2f4d80585218989} ✅ Cache Set Success for user: 1
