2026-10-09T09:40:45.995+08:00 [INFO] 🚀 gRPC server starting on :50051
2026-10-09T09:42:43.880+08:00 [INFO] gRPC Register: username=testuser, email=test@example.com
2026-10-09T09:47:31.440+08:00 [INFO] {189c658543b9dc188bc22f524e8f6b8b} Config path set to: manifest/config
2026-10-09T09:47:32.636+08:00 [INFO] {189c658543b9dc188bc22f524e8f6b8b} ✅ Database connected successfully!
2026-10-09T09:47:37.637+08:00 [ERRO] ❌ Redis connection failed (v8): context deadline exceeded 
Stack:
1.  cex-exchange/internal/service.(*sRedis).Init
    /Users/zhanjun/IdeaProjects/cex-exchange/cex-exchange/internal/service/redis.go:35
2.  cex-exchange/internal/boot.init.0
    /Users/zhanjun/IdeaProjects/cex-exchange/cex-exchange/internal/boot/boot.go:40

2026-10-09T09:47:37.639+08:00 [INFO] 🚀 gRPC server starting on :50051
2026-10-09T09:47:56.668+08:00 [INFO] gRPC Register: username=testuser, email=test@example.com
2026-10-09T09:47:58.209+08:00 [INFO] gRPC Login: username=testuser
2026-10-09T09:47:58.982+08:00 [INFO] gRPC GetBalance
2026-10-09T09:47:58.983+08:00 [INFO] gRPC Deposit: asset=USDT, amount=10000
2026-10-09T09:47:58.983+08:00 [INFO] gRPC PlaceOrder: symbol=BTC/USDT, side=buy, price=50000, amount=0.1
2026-10-09T09:47:58.983+08:00 [INFO] gRPC GetMyOrders: symbol=BTC/USDT
2026-10-09T09:47:58.984+08:00 [INFO] gRPC GetOrderBook: symbol=BTC/USDT, depth=10
2026-10-09T09:47:58.985+08:00 [INFO] gRPC GetTicker: symbol=BTC/USDT
2026-10-09T09:47:58.986+08:00 [INFO] gRPC GetRecentTrades: symbol=BTC/USDT, limit=10
2026-10-09T09:47:58.987+08:00 [INFO] gRPC SubscribeOrderBook: symbol=BTC/USDT
2026-10-09T09:48:56.455+08:00 [INFO] gRPC GetOrderBook: symbol=BTC/USDT, depth=5
2026-10-09T09:48:56.469+08:00 [INFO] gRPC GetRecentTrades: symbol=BTC/USDT, limit=5
2026-10-09T09:53:39.619+08:00 [INFO] gRPC GetOrderBook: symbol=BTC/USDT, depth=20
2026-10-09T09:53:39.654+08:00 [INFO] gRPC GetRecentTrades: symbol=BTC/USDT, limit=20
2026-10-09T09:55:55.847+08:00 [INFO] gRPC GetOrderBook: symbol=BTC/USDT, depth=20
2026-10-09T09:55:55.887+08:00 [INFO] gRPC GetRecentTrades: symbol=BTC/USDT, limit=20
2026-10-09T11:30:25.982+08:00 [INFO] gRPC GetOrderBook: symbol=BTC/USDT, depth=20
2026-10-09T11:30:26.020+08:00 [INFO] gRPC GetRecentTrades: symbol=BTC/USDT, limit=20
2026-10-09T11:56:57.269+08:00 [INFO] gRPC GetOrderBook: symbol=BTC/USDT, depth=20
2026-10-09T11:56:57.269+08:00 [INFO] gRPC GetOrderBook: symbol=BTC/USDT, depth=20
2026-10-09T11:56:57.272+08:00 [INFO] gRPC GetRecentTrades: symbol=BTC/USDT, limit=10
2026-10-09T11:56:57.273+08:00 [INFO] gRPC GetTicker: symbol=BTC/USDT
2026-10-09T11:56:57.294+08:00 [INFO] gRPC GetRecentTrades: symbol=BTC/USDT, limit=20
2026-10-09T11:56:57.328+08:00 [INFO] gRPC GetOrderBook: symbol=BTC/USDT, depth=20
2026-10-09T11:56:57.329+08:00 [INFO] gRPC GetRecentTrades: symbol=BTC/USDT, limit=10
2026-10-09T11:56:57.329+08:00 [INFO] gRPC GetTicker: symbol=BTC/USDT
2026-10-09T11:56:58.129+08:00 [INFO] gRPC GetOrderBook: symbol=BTC/USDT, depth=20
2026-10-09T11:56:58.129+08:00 [INFO] gRPC GetRecentTrades: symbol=BTC/USDT, limit=10
2026-10-09T11:56:58.130+08:00 [INFO] gRPC GetTicker: symbol=BTC/USDT
2026-10-09T11:56:59.129+08:00 [INFO] gRPC GetOrderBook: symbol=BTC/USDT, depth=20
2026-10-09T11:56:59.129+08:00 [INFO] gRPC GetRecentTrades: symbol=BTC/USDT, limit=10
2026-10-09T11:56:59.130+08:00 [INFO] gRPC GetTicker: symbol=BTC/USDT
2026-10-09T11:57:00.129+08:00 [INFO] gRPC GetOrderBook: symbol=BTC/USDT, depth=20
2026-10-09T11:57:00.129+08:00 [INFO] gRPC GetRecentTrades: symbol=BTC/USDT, limit=10
2026-10-09T11:57:00.130+08:00 [INFO] gRPC GetTicker: symbol=BTC/USDT
2026-10-09T11:57:01.128+08:00 [INFO] gRPC GetOrderBook: symbol=BTC/USDT, depth=20
2026-10-09T11:57:01.129+08:00 [INFO] gRPC GetRecentTrades: symbol=BTC/USDT, limit=10
2026-10-09T11:57:01.129+08:00 [INFO] gRPC GetTicker: symbol=BTC/USDT
2026-10-09T11:57:02.128+08:00 [INFO] gRPC GetOrderBook: symbol=BTC/USDT, depth=20
2026-10-09T11:57:02.130+08:00 [INFO] gRPC GetRecentTrades: symbol=BTC/USDT, limit=10
2026-10-09T11:57:02.131+08:00 [INFO] gRPC GetTicker: symbol=BTC/USDT
2026-10-09T11:57:03.128+08:00 [INFO] gRPC GetOrderBook: symbol=BTC/USDT, depth=20
2026-10-09T11:57:03.129+08:00 [INFO] gRPC GetRecentTrades: symbol=BTC/USDT, limit=10
2026-10-09T11:57:03.130+08:00 [INFO] gRPC GetTicker: symbol=BTC/USDT
2026-10-09T11:57:04.128+08:00 [INFO] gRPC GetOrderBook: symbol=BTC/USDT, depth=20
2026-10-09T11:57:04.129+08:00 [INFO] gRPC GetRecentTrades: symbol=BTC/USDT, limit=10
2026-10-09T11:57:04.129+08:00 [INFO] gRPC GetTicker: symbol=BTC/USDT
2026-10-09T11:57:05.128+08:00 [INFO] gRPC GetOrderBook: symbol=BTC/USDT, depth=20
2026-10-09T11:57:05.129+08:00 [INFO] gRPC GetRecentTrades: symbol=BTC/USDT, limit=10
2026-10-09T11:57:05.129+08:00 [INFO] gRPC GetTicker: symbol=BTC/USDT
2026-10-09T11:57:06.128+08:00 [INFO] gRPC GetOrderBook: symbol=BTC/USDT, depth=20
2026-10-09T11:57:06.128+08:00 [INFO] gRPC GetRecentTrades: symbol=BTC/USDT, limit=10
2026-10-09T11:57:06.129+08:00 [INFO] gRPC GetTicker: symbol=BTC/USDT
2026-10-09T11:57:07.128+08:00 [INFO] gRPC GetOrderBook: symbol=BTC/USDT, depth=20
2026-10-09T11:57:07.129+08:00 [INFO] gRPC GetRecentTrades: symbol=BTC/USDT, limit=10
2026-10-09T11:57:07.129+08:00 [INFO] gRPC GetTicker: symbol=BTC/USDT
2026-10-09T11:57:08.128+08:00 [INFO] gRPC GetOrderBook: symbol=BTC/USDT, depth=20
2026-10-09T11:57:08.129+08:00 [INFO] gRPC GetRecentTrades: symbol=BTC/USDT, limit=10
2026-10-09T11:57:08.129+08:00 [INFO] gRPC GetTicker: symbol=BTC/USDT
2026-10-09T11:57:09.128+08:00 [INFO] gRPC GetOrderBook: symbol=BTC/USDT, depth=20
2026-10-09T11:57:09.129+08:00 [INFO] gRPC GetRecentTrades: symbol=BTC/USDT, limit=10
2026-10-09T11:57:09.129+08:00 [INFO] gRPC GetTicker: symbol=BTC/USDT
2026-10-09T11:57:10.143+08:00 [INFO] gRPC GetOrderBook: symbol=BTC/USDT, depth=20
2026-10-09T11:57:10.150+08:00 [INFO] gRPC GetRecentTrades: symbol=BTC/USDT, limit=10
2026-10-09T11:57:10.151+08:00 [INFO] gRPC GetTicker: symbol=BTC/USDT
2026-10-09T11:57:11.130+08:00 [INFO] gRPC GetOrderBook: symbol=BTC/USDT, depth=20
2026-10-09T11:57:11.130+08:00 [INFO] gRPC GetRecentTrades: symbol=BTC/USDT, limit=10
2026-10-09T11:57:11.131+08:00 [INFO] gRPC GetTicker: symbol=BTC/USDT
2026-10-09T11:57:11.952+08:00 [INFO] gRPC GetOrderBook: symbol=BTC/USDT, depth=20
2026-10-09T11:57:11.953+08:00 [INFO] gRPC GetRecentTrades: symbol=BTC/USDT, limit=10
2026-10-09T11:57:11.954+08:00 [INFO] gRPC GetTicker: symbol=BTC/USDT
2026-10-09T11:57:11.976+08:00 [INFO] gRPC GetOrderBook: symbol=BTC/USDT, depth=20
2026-10-09T11:57:11.991+08:00 [INFO] gRPC GetOrderBook: symbol=BTC/USDT, depth=20
2026-10-09T11:57:11.992+08:00 [INFO] gRPC GetRecentTrades: symbol=BTC/USDT, limit=10
2026-10-09T11:57:11.993+08:00 [INFO] gRPC GetTicker: symbol=BTC/USDT
2026-10-09T11:57:11.994+08:00 [INFO] gRPC GetRecentTrades: symbol=BTC/USDT, limit=20
2026-10-09T11:57:12.009+08:00 [INFO] gRPC GetOrderBook: symbol=BTC/USDT, depth=20
2026-10-09T11:57:12.009+08:00 [INFO] gRPC GetRecentTrades: symbol=BTC/USDT, limit=10
2026-10-09T11:57:12.009+08:00 [INFO] gRPC GetTicker: symbol=BTC/USDT
2026-10-09T11:57:12.128+08:00 [INFO] gRPC GetOrderBook: symbol=BTC/USDT, depth=20
2026-10-09T11:57:12.129+08:00 [INFO] gRPC GetRecentTrades: symbol=BTC/USDT, limit=10
2026-10-09T11:57:12.130+08:00 [INFO] gRPC GetTicker: symbol=BTC/USDT
2026-10-09T11:57:13.502+08:00 [INFO] gRPC GetOrderBook: symbol=BTC/USDT, depth=20
2026-10-09T11:57:13.503+08:00 [INFO] gRPC GetRecentTrades: symbol=BTC/USDT, limit=10
2026-10-09T11:57:13.503+08:00 [INFO] gRPC GetTicker: symbol=BTC/USDT
2026-10-09T11:57:14.128+08:00 [INFO] gRPC GetOrderBook: symbol=BTC/USDT, depth=20
2026-10-09T11:57:14.129+08:00 [INFO] gRPC GetRecentTrades: symbol=BTC/USDT, limit=10
2026-10-09T11:57:14.129+08:00 [INFO] gRPC GetTicker: symbol=BTC/USDT
2026-10-09T11:57:15.128+08:00 [INFO] gRPC GetOrderBook: symbol=BTC/USDT, depth=20
2026-10-09T11:57:15.130+08:00 [INFO] gRPC GetRecentTrades: symbol=BTC/USDT, limit=10
2026-10-09T11:57:15.130+08:00 [INFO] gRPC GetTicker: symbol=BTC/USDT
2026-10-09T11:57:16.128+08:00 [INFO] gRPC GetOrderBook: symbol=BTC/USDT, depth=20
2026-10-09T11:57:16.129+08:00 [INFO] gRPC GetRecentTrades: symbol=BTC/USDT, limit=10
2026-10-09T11:57:16.130+08:00 [INFO] gRPC GetTicker: symbol=BTC/USDT
2026-10-09T11:57:17.128+08:00 [INFO] gRPC GetOrderBook: symbol=BTC/USDT, depth=20
2026-10-09T11:57:17.129+08:00 [INFO] gRPC GetRecentTrades: symbol=BTC/USDT, limit=10
2026-10-09T11:57:17.129+08:00 [INFO] gRPC GetTicker: symbol=BTC/USDT
2026-10-09T11:57:18.128+08:00 [INFO] gRPC GetOrderBook: symbol=BTC/USDT, depth=20
2026-10-09T11:57:18.128+08:00 [INFO] gRPC GetRecentTrades: symbol=BTC/USDT, limit=10
2026-10-09T11:57:18.129+08:00 [INFO] gRPC GetTicker: symbol=BTC/USDT
2026-10-09T11:57:19.128+08:00 [INFO] gRPC GetOrderBook: symbol=BTC/USDT, depth=20
2026-10-09T11:57:19.129+08:00 [INFO] gRPC GetRecentTrades: symbol=BTC/USDT, limit=10
2026-10-09T11:57:19.129+08:00 [INFO] gRPC GetTicker: symbol=BTC/USDT
2026-10-09T12:11:15.582+08:00 [INFO] gRPC GetOrderBook: symbol=ETH/USDT, depth=20
2026-10-09T12:11:15.582+08:00 [INFO] gRPC GetOrderBook: symbol=BNB/USDT, depth=20
2026-10-09T12:11:15.582+08:00 [INFO] gRPC GetOrderBook: symbol=BTC/USDT, depth=20
2026-10-09T12:11:15.587+08:00 [INFO] gRPC GetRecentTrades: symbol=BTC/USDT, limit=10
2026-10-09T12:11:15.587+08:00 [INFO] gRPC GetRecentTrades: symbol=BNB/USDT, limit=10
2026-10-09T12:11:15.587+08:00 [INFO] gRPC GetRecentTrades: symbol=ETH/USDT, limit=10
2026-10-09T12:11:15.589+08:00 [INFO] gRPC GetTicker: symbol=BNB/USDT
2026-10-09T12:11:15.589+08:00 [INFO] gRPC GetTicker: symbol=BTC/USDT
2026-10-09T12:11:15.589+08:00 [INFO] gRPC GetTicker: symbol=ETH/USDT
2026-10-09T12:11:16.452+08:00 [INFO] gRPC GetOrderBook: symbol=BNB/USDT, depth=20
2026-10-09T12:11:16.454+08:00 [INFO] gRPC GetRecentTrades: symbol=BNB/USDT, limit=10
2026-10-09T12:11:16.455+08:00 [INFO] gRPC GetTicker: symbol=BNB/USDT
2026-10-09T12:11:16.734+08:00 [INFO] gRPC GetOrderBook: symbol=BTC/USDT, depth=20
2026-10-09T12:11:16.735+08:00 [INFO] gRPC GetRecentTrades: symbol=BTC/USDT, limit=10
2026-10-09T12:11:16.735+08:00 [INFO] gRPC GetTicker: symbol=BTC/USDT
2026-10-09T12:11:17.011+08:00 [INFO] gRPC GetOrderBook: symbol=ETH/USDT, depth=20
2026-10-09T12:11:17.011+08:00 [INFO] gRPC GetRecentTrades: symbol=ETH/USDT, limit=10
2026-10-09T12:11:17.012+08:00 [INFO] gRPC GetTicker: symbol=ETH/USDT
2026-10-09T12:11:17.449+08:00 [INFO] gRPC GetOrderBook: symbol=BTC/USDT, depth=20
2026-10-09T12:11:17.450+08:00 [INFO] gRPC GetRecentTrades: symbol=BTC/USDT, limit=10
2026-10-09T12:11:17.450+08:00 [INFO] gRPC GetTicker: symbol=BTC/USDT
2026-10-09T12:11:17.676+08:00 [INFO] gRPC GetOrderBook: symbol=ETH/USDT, depth=20
2026-10-09T12:11:17.677+08:00 [INFO] gRPC GetRecentTrades: symbol=ETH/USDT, limit=10
2026-10-09T12:11:17.677+08:00 [INFO] gRPC GetTicker: symbol=ETH/USDT
2026-10-09T12:11:18.008+08:00 [INFO] gRPC GetOrderBook: symbol=BNB/USDT, depth=20
2026-10-09T12:11:18.008+08:00 [INFO] gRPC GetRecentTrades: symbol=BNB/USDT, limit=10
2026-10-09T12:11:18.009+08:00 [INFO] gRPC GetTicker: symbol=BNB/USDT
2026-10-09T12:11:19.273+08:00 [INFO] gRPC GetOrderBook: symbol=BTC/USDT, depth=20
2026-10-09T12:11:19.274+08:00 [INFO] gRPC GetRecentTrades: symbol=BTC/USDT, limit=10
2026-10-09T12:11:19.274+08:00 [INFO] gRPC GetTicker: symbol=BTC/USDT
2026-10-09T12:11:20.010+08:00 [INFO] gRPC GetOrderBook: symbol=ETH/USDT, depth=20
2026-10-09T12:11:20.010+08:00 [INFO] gRPC GetRecentTrades: symbol=ETH/USDT, limit=10
2026-10-09T12:11:20.011+08:00 [INFO] gRPC GetTicker: symbol=ETH/USDT
2026-10-09T12:11:20.236+08:00 [INFO] gRPC GetOrderBook: symbol=BNB/USDT, depth=20
2026-10-09T12:11:20.236+08:00 [INFO] gRPC GetRecentTrades: symbol=BNB/USDT, limit=10
2026-10-09T12:11:20.237+08:00 [INFO] gRPC GetTicker: symbol=BNB/USDT
2026-10-09T12:11:20.459+08:00 [INFO] gRPC GetOrderBook: symbol=ETH/USDT, depth=20
2026-10-09T12:11:20.460+08:00 [INFO] gRPC GetRecentTrades: symbol=ETH/USDT, limit=10
2026-10-09T12:11:20.460+08:00 [INFO] gRPC GetTicker: symbol=ETH/USDT
2026-10-09T12:11:20.682+08:00 [INFO] gRPC GetOrderBook: symbol=BNB/USDT, depth=20
2026-10-09T12:11:20.683+08:00 [INFO] gRPC GetRecentTrades: symbol=BNB/USDT, limit=10
2026-10-09T12:11:20.683+08:00 [INFO] gRPC GetTicker: symbol=BNB/USDT
2026-10-09T12:11:20.976+08:00 [INFO] gRPC GetOrderBook: symbol=BTC/USDT, depth=20
2026-10-09T12:11:20.977+08:00 [INFO] gRPC GetRecentTrades: symbol=BTC/USDT, limit=10
2026-10-09T12:11:20.977+08:00 [INFO] gRPC GetTicker: symbol=BTC/USDT
2026-10-09T12:11:21.449+08:00 [INFO] gRPC GetOrderBook: symbol=BTC/USDT, depth=20
2026-10-09T12:11:21.450+08:00 [INFO] gRPC GetRecentTrades: symbol=BTC/USDT, limit=10
2026-10-09T12:11:21.450+08:00 [INFO] gRPC GetTicker: symbol=BTC/USDT
2026-10-09T12:11:21.675+08:00 [INFO] gRPC GetOrderBook: symbol=ETH/USDT, depth=20
2026-10-09T12:11:21.676+08:00 [INFO] gRPC GetRecentTrades: symbol=ETH/USDT, limit=10
2026-10-09T12:11:21.676+08:00 [INFO] gRPC GetTicker: symbol=ETH/USDT
2026-10-09T12:11:21.897+08:00 [INFO] gRPC GetOrderBook: symbol=BNB/USDT, depth=20
2026-10-09T12:11:21.898+08:00 [INFO] gRPC GetRecentTrades: symbol=BNB/USDT, limit=10
2026-10-09T12:11:21.898+08:00 [INFO] gRPC GetTicker: symbol=BNB/USDT
2026-10-09T12:11:22.449+08:00 [INFO] gRPC GetOrderBook: symbol=BTC/USDT, depth=20
2026-10-09T12:11:22.450+08:00 [INFO] gRPC GetRecentTrades: symbol=BTC/USDT, limit=10
2026-10-09T12:11:22.450+08:00 [INFO] gRPC GetTicker: symbol=BTC/USDT
2026-10-09T12:11:22.673+08:00 [INFO] gRPC GetOrderBook: symbol=ETH/USDT, depth=20
2026-10-09T12:11:22.673+08:00 [INFO] gRPC GetRecentTrades: symbol=ETH/USDT, limit=10
2026-10-09T12:11:22.674+08:00 [INFO] gRPC GetTicker: symbol=ETH/USDT
2026-10-09T12:11:22.902+08:00 [INFO] gRPC GetOrderBook: symbol=BNB/USDT, depth=20
2026-10-09T12:11:22.903+08:00 [INFO] gRPC GetRecentTrades: symbol=BNB/USDT, limit=10
2026-10-09T12:11:22.903+08:00 [INFO] gRPC GetTicker: symbol=BNB/USDT
2026-10-09T12:11:23.449+08:00 [INFO] gRPC GetOrderBook: symbol=ETH/USDT, depth=20
2026-10-09T12:11:23.450+08:00 [INFO] gRPC GetRecentTrades: symbol=ETH/USDT, limit=10
2026-10-09T12:11:23.451+08:00 [INFO] gRPC GetTicker: symbol=ETH/USDT
2026-10-09T12:11:23.678+08:00 [INFO] gRPC GetOrderBook: symbol=BNB/USDT, depth=20
2026-10-09T12:11:23.679+08:00 [INFO] gRPC GetRecentTrades: symbol=BNB/USDT, limit=10
2026-10-09T12:11:23.679+08:00 [INFO] gRPC GetTicker: symbol=BNB/USDT
2026-10-09T12:11:23.901+08:00 [INFO] gRPC GetOrderBook: symbol=BTC/USDT, depth=20
2026-10-09T12:11:23.901+08:00 [INFO] gRPC GetRecentTrades: symbol=BTC/USDT, limit=10
2026-10-09T12:11:23.901+08:00 [INFO] gRPC GetTicker: symbol=BTC/USDT
2026-10-09T12:11:24.449+08:00 [INFO] gRPC GetOrderBook: symbol=BTC/USDT, depth=20
2026-10-09T12:11:24.450+08:00 [INFO] gRPC GetRecentTrades: symbol=BTC/USDT, limit=10
2026-10-09T12:11:24.451+08:00 [INFO] gRPC GetTicker: symbol=BTC/USDT
2026-10-09T12:11:24.678+08:00 [INFO] gRPC GetOrderBook: symbol=ETH/USDT, depth=20
2026-10-09T12:11:24.679+08:00 [INFO] gRPC GetRecentTrades: symbol=ETH/USDT, limit=10
2026-10-09T12:11:24.679+08:00 [INFO] gRPC GetTicker: symbol=ETH/USDT
2026-10-09T12:11:24.903+08:00 [INFO] gRPC GetOrderBook: symbol=BNB/USDT, depth=20
2026-10-09T12:11:24.904+08:00 [INFO] gRPC GetRecentTrades: symbol=BNB/USDT, limit=10
2026-10-09T12:11:24.904+08:00 [INFO] gRPC GetTicker: symbol=BNB/USDT
2026-10-09T12:11:25.449+08:00 [INFO] gRPC GetOrderBook: symbol=ETH/USDT, depth=20
2026-10-09T12:11:25.450+08:00 [INFO] gRPC GetRecentTrades: symbol=ETH/USDT, limit=10
2026-10-09T12:11:25.450+08:00 [INFO] gRPC GetTicker: symbol=ETH/USDT
2026-10-09T12:11:25.680+08:00 [INFO] gRPC GetOrderBook: symbol=BNB/USDT, depth=20
2026-10-09T12:11:25.681+08:00 [INFO] gRPC GetRecentTrades: symbol=BNB/USDT, limit=10
2026-10-09T12:11:25.681+08:00 [INFO] gRPC GetTicker: symbol=BNB/USDT
2026-10-09T12:11:25.904+08:00 [INFO] gRPC GetOrderBook: symbol=BTC/USDT, depth=20
2026-10-09T12:11:25.904+08:00 [INFO] gRPC GetRecentTrades: symbol=BTC/USDT, limit=10
2026-10-09T12:11:25.905+08:00 [INFO] gRPC GetTicker: symbol=BTC/USDT
2026-10-09T12:11:26.449+08:00 [INFO] gRPC GetOrderBook: symbol=BNB/USDT, depth=20
2026-10-09T12:11:26.450+08:00 [INFO] gRPC GetRecentTrades: symbol=BNB/USDT, limit=10
2026-10-09T12:11:26.450+08:00 [INFO] gRPC GetTicker: symbol=BNB/USDT
2026-10-09T12:11:26.676+08:00 [INFO] gRPC GetOrderBook: symbol=BTC/USDT, depth=20
2026-10-09T12:11:26.676+08:00 [INFO] gRPC GetRecentTrades: symbol=BTC/USDT, limit=10
2026-10-09T12:11:26.677+08:00 [INFO] gRPC GetTicker: symbol=BTC/USDT
2026-10-09T12:11:26.915+08:00 [INFO] gRPC GetOrderBook: symbol=ETH/USDT, depth=20
2026-10-09T12:11:26.916+08:00 [INFO] gRPC GetRecentTrades: symbol=ETH/USDT, limit=10
2026-10-09T12:11:26.916+08:00 [INFO] gRPC GetTicker: symbol=ETH/USDT
2026-10-09T12:11:27.449+08:00 [INFO] gRPC GetOrderBook: symbol=BNB/USDT, depth=20
2026-10-09T12:11:27.450+08:00 [INFO] gRPC GetRecentTrades: symbol=BNB/USDT, limit=10
2026-10-09T12:11:27.450+08:00 [INFO] gRPC GetTicker: symbol=BNB/USDT
2026-10-09T12:11:27.735+08:00 [INFO] gRPC GetOrderBook: symbol=BTC/USDT, depth=20
2026-10-09T12:11:27.736+08:00 [INFO] gRPC GetRecentTrades: symbol=BTC/USDT, limit=10
2026-10-09T12:11:27.736+08:00 [INFO] gRPC GetTicker: symbol=BTC/USDT
2026-10-09T12:11:27.958+08:00 [INFO] gRPC GetOrderBook: symbol=ETH/USDT, depth=20
2026-10-09T12:11:27.959+08:00 [INFO] gRPC GetRecentTrades: symbol=ETH/USDT, limit=10
2026-10-09T12:11:27.959+08:00 [INFO] gRPC GetTicker: symbol=ETH/USDT
2026-10-09T12:11:28.449+08:00 [INFO] gRPC GetOrderBook: symbol=ETH/USDT, depth=20
2026-10-09T12:11:28.449+08:00 [INFO] gRPC GetRecentTrades: symbol=ETH/USDT, limit=10
2026-10-09T12:11:28.449+08:00 [INFO] gRPC GetTicker: symbol=ETH/USDT
2026-10-09T12:11:28.674+08:00 [INFO] gRPC GetOrderBook: symbol=BNB/USDT, depth=20
2026-10-09T12:11:28.674+08:00 [INFO] gRPC GetRecentTrades: symbol=BNB/USDT, limit=10
2026-10-09T12:11:28.675+08:00 [INFO] gRPC GetTicker: symbol=BNB/USDT
2026-10-09T12:11:28.897+08:00 [INFO] gRPC GetOrderBook: symbol=BTC/USDT, depth=20
2026-10-09T12:11:28.898+08:00 [INFO] gRPC GetRecentTrades: symbol=BTC/USDT, limit=10
2026-10-09T12:11:28.901+08:00 [INFO] gRPC GetTicker: symbol=BTC/USDT
2026-10-09T12:11:29.449+08:00 [INFO] gRPC GetOrderBook: symbol=ETH/USDT, depth=20
2026-10-09T12:11:29.450+08:00 [INFO] gRPC GetRecentTrades: symbol=ETH/USDT, limit=10
2026-10-09T12:11:29.450+08:00 [INFO] gRPC GetTicker: symbol=ETH/USDT
2026-10-09T12:11:29.783+08:00 [INFO] gRPC GetOrderBook: symbol=BNB/USDT, depth=20
2026-10-09T12:11:29.784+08:00 [INFO] gRPC GetRecentTrades: symbol=BNB/USDT, limit=10
2026-10-09T12:11:29.784+08:00 [INFO] gRPC GetTicker: symbol=BNB/USDT
2026-10-09T12:11:30.007+08:00 [INFO] gRPC GetOrderBook: symbol=BTC/USDT, depth=20
2026-10-09T12:11:30.008+08:00 [INFO] gRPC GetRecentTrades: symbol=BTC/USDT, limit=10
2026-10-09T12:11:30.009+08:00 [INFO] gRPC GetTicker: symbol=BTC/USDT
2026-10-09T12:11:30.449+08:00 [INFO] gRPC GetOrderBook: symbol=ETH/USDT, depth=20
2026-10-09T12:11:30.450+08:00 [INFO] gRPC GetRecentTrades: symbol=ETH/USDT, limit=10
2026-10-09T12:11:30.450+08:00 [INFO] gRPC GetTicker: symbol=ETH/USDT
2026-10-09T12:11:30.672+08:00 [INFO] gRPC GetOrderBook: symbol=BNB/USDT, depth=20
2026-10-09T12:11:30.672+08:00 [INFO] gRPC GetRecentTrades: symbol=BNB/USDT, limit=10
2026-10-09T12:11:30.673+08:00 [INFO] gRPC GetTicker: symbol=BNB/USDT
2026-10-09T12:11:30.897+08:00 [INFO] gRPC GetOrderBook: symbol=BTC/USDT, depth=20
2026-10-09T12:11:30.898+08:00 [INFO] gRPC GetRecentTrades: symbol=BTC/USDT, limit=10
2026-10-09T12:11:30.898+08:00 [INFO] gRPC GetTicker: symbol=BTC/USDT
2026-10-09T12:11:31.449+08:00 [INFO] gRPC GetOrderBook: symbol=ETH/USDT, depth=20
2026-10-09T12:11:31.449+08:00 [INFO] gRPC GetRecentTrades: symbol=ETH/USDT, limit=10
2026-10-09T12:11:31.450+08:00 [INFO] gRPC GetTicker: symbol=ETH/USDT
2026-10-09T12:11:31.678+08:00 [INFO] gRPC GetOrderBook: symbol=BNB/USDT, depth=20
2026-10-09T12:11:31.680+08:00 [INFO] gRPC GetRecentTrades: symbol=BNB/USDT, limit=10
2026-10-09T12:11:31.680+08:00 [INFO] gRPC GetTicker: symbol=BNB/USDT
2026-10-09T12:11:31.904+08:00 [INFO] gRPC GetOrderBook: symbol=BTC/USDT, depth=20
2026-10-09T12:11:31.908+08:00 [INFO] gRPC GetRecentTrades: symbol=BTC/USDT, limit=10
2026-10-09T12:11:31.913+08:00 [INFO] gRPC GetTicker: symbol=BTC/USDT
2026-10-09T12:11:32.449+08:00 [INFO] gRPC GetOrderBook: symbol=ETH/USDT, depth=20
2026-10-09T12:11:32.449+08:00 [INFO] gRPC GetRecentTrades: symbol=ETH/USDT, limit=10
2026-10-09T12:11:32.449+08:00 [INFO] gRPC GetTicker: symbol=ETH/USDT
2026-10-09T12:11:32.671+08:00 [INFO] gRPC GetOrderBook: symbol=BNB/USDT, depth=20
2026-10-09T12:11:32.672+08:00 [INFO] gRPC GetRecentTrades: symbol=BNB/USDT, limit=10
2026-10-09T12:11:32.672+08:00 [INFO] gRPC GetTicker: symbol=BNB/USDT
2026-10-09T12:11:32.959+08:00 [INFO] gRPC GetOrderBook: symbol=BTC/USDT, depth=20
2026-10-09T12:11:32.960+08:00 [INFO] gRPC GetRecentTrades: symbol=BTC/USDT, limit=10
2026-10-09T12:11:32.960+08:00 [INFO] gRPC GetTicker: symbol=BTC/USDT
2026-10-09T12:11:33.449+08:00 [INFO] gRPC GetOrderBook: symbol=BTC/USDT, depth=20
2026-10-09T12:11:33.450+08:00 [INFO] gRPC GetRecentTrades: symbol=BTC/USDT, limit=10
2026-10-09T12:11:33.451+08:00 [INFO] gRPC GetTicker: symbol=BTC/USDT
2026-10-09T12:11:33.676+08:00 [INFO] gRPC GetOrderBook: symbol=ETH/USDT, depth=20
2026-10-09T12:11:33.677+08:00 [INFO] gRPC GetRecentTrades: symbol=ETH/USDT, limit=10
2026-10-09T12:11:33.677+08:00 [INFO] gRPC GetTicker: symbol=ETH/USDT
2026-10-09T12:11:34.374+08:00 [INFO] gRPC GetOrderBook: symbol=BNB/USDT, depth=20
2026-10-09T12:11:34.375+08:00 [INFO] gRPC GetRecentTrades: symbol=BNB/USDT, limit=10
2026-10-09T12:11:34.375+08:00 [INFO] gRPC GetTicker: symbol=BNB/USDT
2026-10-09T12:11:35.054+08:00 [INFO] gRPC GetOrderBook: symbol=ETH/USDT, depth=20
2026-10-09T12:11:35.055+08:00 [INFO] gRPC GetRecentTrades: symbol=ETH/USDT, limit=10
2026-10-09T12:11:35.055+08:00 [INFO] gRPC GetTicker: symbol=ETH/USDT
2026-10-09T12:11:35.312+08:00 [INFO] gRPC GetOrderBook: symbol=BNB/USDT, depth=20
2026-10-09T12:11:35.312+08:00 [INFO] gRPC GetRecentTrades: symbol=BNB/USDT, limit=10
2026-10-09T12:11:35.313+08:00 [INFO] gRPC GetTicker: symbol=BNB/USDT
2026-10-09T12:11:35.536+08:00 [INFO] gRPC GetOrderBook: symbol=BTC/USDT, depth=20
2026-10-09T12:11:35.537+08:00 [INFO] gRPC GetRecentTrades: symbol=BTC/USDT, limit=10
2026-10-09T12:11:35.537+08:00 [INFO] gRPC GetTicker: symbol=BTC/USDT
2026-10-09T12:11:35.771+08:00 [INFO] gRPC GetOrderBook: symbol=ETH/USDT, depth=20
2026-10-09T12:11:35.774+08:00 [INFO] gRPC GetRecentTrades: symbol=ETH/USDT, limit=10
2026-10-09T12:11:35.776+08:00 [INFO] gRPC GetTicker: symbol=ETH/USDT
2026-10-09T12:11:36.002+08:00 [INFO] gRPC GetOrderBook: symbol=BNB/USDT, depth=20
2026-10-09T12:11:36.003+08:00 [INFO] gRPC GetRecentTrades: symbol=BNB/USDT, limit=10
2026-10-09T12:11:36.003+08:00 [INFO] gRPC GetTicker: symbol=BNB/USDT
2026-10-09T12:11:36.224+08:00 [INFO] gRPC GetOrderBook: symbol=BTC/USDT, depth=20
2026-10-09T12:11:36.225+08:00 [INFO] gRPC GetRecentTrades: symbol=BTC/USDT, limit=10
2026-10-09T12:11:36.225+08:00 [INFO] gRPC GetTicker: symbol=BTC/USDT
2026-10-09T12:11:36.448+08:00 [INFO] gRPC GetOrderBook: symbol=BTC/USDT, depth=20
2026-10-09T12:11:36.448+08:00 [INFO] gRPC GetRecentTrades: symbol=BTC/USDT, limit=10
2026-10-09T12:11:36.449+08:00 [INFO] gRPC GetTicker: symbol=BTC/USDT
2026-10-09T12:11:36.746+08:00 [INFO] gRPC GetOrderBook: symbol=ETH/USDT, depth=20
2026-10-09T12:11:36.746+08:00 [INFO] gRPC GetRecentTrades: symbol=ETH/USDT, limit=10
2026-10-09T12:11:36.746+08:00 [INFO] gRPC GetTicker: symbol=ETH/USDT
2026-10-09T12:11:36.972+08:00 [INFO] gRPC GetOrderBook: symbol=BNB/USDT, depth=20
2026-10-09T12:11:36.972+08:00 [INFO] gRPC GetRecentTrades: symbol=BNB/USDT, limit=10
2026-10-09T12:11:36.972+08:00 [INFO] gRPC GetTicker: symbol=BNB/USDT
2026-10-09T12:11:37.449+08:00 [INFO] gRPC GetOrderBook: symbol=BTC/USDT, depth=20
2026-10-09T12:11:37.449+08:00 [INFO] gRPC GetRecentTrades: symbol=BTC/USDT, limit=10
2026-10-09T12:11:37.450+08:00 [INFO] gRPC GetTicker: symbol=BTC/USDT
2026-10-09T12:11:37.678+08:00 [INFO] gRPC GetOrderBook: symbol=ETH/USDT, depth=20
2026-10-09T12:11:37.680+08:00 [INFO] gRPC GetRecentTrades: symbol=ETH/USDT, limit=10
2026-10-09T12:11:37.680+08:00 [INFO] gRPC GetTicker: symbol=ETH/USDT
2026-10-09T12:11:37.904+08:00 [INFO] gRPC GetOrderBook: symbol=BNB/USDT, depth=20
2026-10-09T12:11:37.907+08:00 [INFO] gRPC GetRecentTrades: symbol=BNB/USDT, limit=10
2026-10-09T12:11:37.908+08:00 [INFO] gRPC GetTicker: symbol=BNB/USDT
2026-10-09T12:11:38.449+08:00 [INFO] gRPC GetOrderBook: symbol=BTC/USDT, depth=20
2026-10-09T12:11:38.451+08:00 [INFO] gRPC GetRecentTrades: symbol=BTC/USDT, limit=10
2026-10-09T12:11:38.451+08:00 [INFO] gRPC GetTicker: symbol=BTC/USDT
2026-10-09T12:11:38.679+08:00 [INFO] gRPC GetOrderBook: symbol=ETH/USDT, depth=20
2026-10-09T12:11:38.680+08:00 [INFO] gRPC GetRecentTrades: symbol=ETH/USDT, limit=10
2026-10-09T12:11:38.680+08:00 [INFO] gRPC GetTicker: symbol=ETH/USDT
2026-10-09T12:11:38.903+08:00 [INFO] gRPC GetOrderBook: symbol=BNB/USDT, depth=20
2026-10-09T12:11:38.903+08:00 [INFO] gRPC GetRecentTrades: symbol=BNB/USDT, limit=10
2026-10-09T12:11:38.904+08:00 [INFO] gRPC GetTicker: symbol=BNB/USDT
2026-10-09T12:11:39.448+08:00 [INFO] gRPC GetOrderBook: symbol=BTC/USDT, depth=20
2026-10-09T12:11:39.449+08:00 [INFO] gRPC GetRecentTrades: symbol=BTC/USDT, limit=10
2026-10-09T12:11:39.449+08:00 [INFO] gRPC GetTicker: symbol=BTC/USDT
2026-10-09T12:11:39.673+08:00 [INFO] gRPC GetOrderBook: symbol=ETH/USDT, depth=20
2026-10-09T12:11:39.675+08:00 [INFO] gRPC GetRecentTrades: symbol=ETH/USDT, limit=10
2026-10-09T12:11:39.675+08:00 [INFO] gRPC GetTicker: symbol=ETH/USDT
2026-10-09T12:11:39.897+08:00 [INFO] gRPC GetOrderBook: symbol=BNB/USDT, depth=20
2026-10-09T12:11:39.898+08:00 [INFO] gRPC GetRecentTrades: symbol=BNB/USDT, limit=10
2026-10-09T12:11:39.898+08:00 [INFO] gRPC GetTicker: symbol=BNB/USDT
2026-10-09T12:11:40.449+08:00 [INFO] gRPC GetOrderBook: symbol=ETH/USDT, depth=20
2026-10-09T12:11:40.449+08:00 [INFO] gRPC GetRecentTrades: symbol=ETH/USDT, limit=10
2026-10-09T12:11:40.450+08:00 [INFO] gRPC GetTicker: symbol=ETH/USDT
2026-10-09T12:11:40.675+08:00 [INFO] gRPC GetOrderBook: symbol=BNB/USDT, depth=20
2026-10-09T12:11:40.676+08:00 [INFO] gRPC GetRecentTrades: symbol=BNB/USDT, limit=10
2026-10-09T12:11:40.677+08:00 [INFO] gRPC GetTicker: symbol=BNB/USDT
2026-10-09T12:11:40.906+08:00 [INFO] gRPC GetOrderBook: symbol=BTC/USDT, depth=20
2026-10-09T12:11:40.908+08:00 [INFO] gRPC GetRecentTrades: symbol=BTC/USDT, limit=10
2026-10-09T12:11:40.910+08:00 [INFO] gRPC GetTicker: symbol=BTC/USDT
2026-10-09T12:11:41.450+08:00 [INFO] gRPC GetOrderBook: symbol=ETH/USDT, depth=20
2026-10-09T12:11:41.451+08:00 [INFO] gRPC GetRecentTrades: symbol=ETH/USDT, limit=10
2026-10-09T12:11:41.451+08:00 [INFO] gRPC GetTicker: symbol=ETH/USDT
2026-10-09T12:11:41.677+08:00 [INFO] gRPC GetOrderBook: symbol=BNB/USDT, depth=20
2026-10-09T12:11:41.678+08:00 [INFO] gRPC GetRecentTrades: symbol=BNB/USDT, limit=10
2026-10-09T12:11:41.678+08:00 [INFO] gRPC GetTicker: symbol=BNB/USDT
2026-10-09T12:11:41.903+08:00 [INFO] gRPC GetOrderBook: symbol=BTC/USDT, depth=20
2026-10-09T12:11:41.903+08:00 [INFO] gRPC GetRecentTrades: symbol=BTC/USDT, limit=10
2026-10-09T12:11:41.904+08:00 [INFO] gRPC GetTicker: symbol=BTC/USDT
2026-10-09T12:11:42.449+08:00 [INFO] gRPC GetOrderBook: symbol=BTC/USDT, depth=20
2026-10-09T12:11:42.449+08:00 [INFO] gRPC GetRecentTrades: symbol=BTC/USDT, limit=10
2026-10-09T12:11:42.450+08:00 [INFO] gRPC GetTicker: symbol=BTC/USDT
2026-10-09T12:11:42.672+08:00 [INFO] gRPC GetOrderBook: symbol=ETH/USDT, depth=20
2026-10-09T12:11:42.673+08:00 [INFO] gRPC GetRecentTrades: symbol=ETH/USDT, limit=10
2026-10-09T12:11:42.673+08:00 [INFO] gRPC GetTicker: symbol=ETH/USDT
2026-10-09T12:11:42.975+08:00 [INFO] gRPC GetOrderBook: symbol=BNB/USDT, depth=20
2026-10-09T12:11:42.975+08:00 [INFO] gRPC GetRecentTrades: symbol=BNB/USDT, limit=10
2026-10-09T12:11:42.976+08:00 [INFO] gRPC GetTicker: symbol=BNB/USDT
2026-10-09T12:11:43.449+08:00 [INFO] gRPC GetOrderBook: symbol=BNB/USDT, depth=20
2026-10-09T12:11:43.449+08:00 [INFO] gRPC GetRecentTrades: symbol=BNB/USDT, limit=10
2026-10-09T12:11:43.450+08:00 [INFO] gRPC GetTicker: symbol=BNB/USDT
2026-10-09T12:11:43.675+08:00 [INFO] gRPC GetOrderBook: symbol=BTC/USDT, depth=20
2026-10-09T12:11:43.676+08:00 [INFO] gRPC GetRecentTrades: symbol=BTC/USDT, limit=10
2026-10-09T12:11:43.676+08:00 [INFO] gRPC GetTicker: symbol=BTC/USDT
2026-10-09T12:11:43.901+08:00 [INFO] gRPC GetOrderBook: symbol=ETH/USDT, depth=20
2026-10-09T12:11:43.902+08:00 [INFO] gRPC GetRecentTrades: symbol=ETH/USDT, limit=10
2026-10-09T12:11:43.902+08:00 [INFO] gRPC GetTicker: symbol=ETH/USDT
2026-10-09T12:11:44.449+08:00 [INFO] gRPC GetOrderBook: symbol=BNB/USDT, depth=20
2026-10-09T12:11:44.450+08:00 [INFO] gRPC GetRecentTrades: symbol=BNB/USDT, limit=10
2026-10-09T12:11:44.450+08:00 [INFO] gRPC GetTicker: symbol=BNB/USDT
2026-10-09T12:11:44.681+08:00 [INFO] gRPC GetOrderBook: symbol=BTC/USDT, depth=20
2026-10-09T12:11:44.682+08:00 [INFO] gRPC GetRecentTrades: symbol=BTC/USDT, limit=10
2026-10-09T12:11:44.682+08:00 [INFO] gRPC GetTicker: symbol=BTC/USDT
2026-10-09T12:11:44.938+08:00 [INFO] gRPC GetOrderBook: symbol=ETH/USDT, depth=20
2026-10-09T12:11:44.938+08:00 [INFO] gRPC GetRecentTrades: symbol=ETH/USDT, limit=10
2026-10-09T12:11:44.938+08:00 [INFO] gRPC GetTicker: symbol=ETH/USDT
2026-10-09T12:11:45.449+08:00 [INFO] gRPC GetOrderBook: symbol=BNB/USDT, depth=20
2026-10-09T12:11:45.450+08:00 [INFO] gRPC GetRecentTrades: symbol=BNB/USDT, limit=10
2026-10-09T12:11:45.450+08:00 [INFO] gRPC GetTicker: symbol=BNB/USDT
2026-10-09T12:11:45.672+08:00 [INFO] gRPC GetOrderBook: symbol=BTC/USDT, depth=20
2026-10-09T12:11:45.672+08:00 [INFO] gRPC GetRecentTrades: symbol=BTC/USDT, limit=10
2026-10-09T12:11:45.673+08:00 [INFO] gRPC GetTicker: symbol=BTC/USDT
2026-10-09T12:11:45.893+08:00 [INFO] gRPC GetOrderBook: symbol=ETH/USDT, depth=20
2026-10-09T12:11:45.894+08:00 [INFO] gRPC GetRecentTrades: symbol=ETH/USDT, limit=10
2026-10-09T12:11:45.894+08:00 [INFO] gRPC GetTicker: symbol=ETH/USDT
2026-10-09T12:11:46.450+08:00 [INFO] gRPC GetOrderBook: symbol=BTC/USDT, depth=20
2026-10-09T12:11:46.451+08:00 [INFO] gRPC GetRecentTrades: symbol=BTC/USDT, limit=10
2026-10-09T12:11:46.452+08:00 [INFO] gRPC GetTicker: symbol=BTC/USDT
2026-10-09T12:11:46.679+08:00 [INFO] gRPC GetOrderBook: symbol=ETH/USDT, depth=20
2026-10-09T12:11:46.680+08:00 [INFO] gRPC GetRecentTrades: symbol=ETH/USDT, limit=10
2026-10-09T12:11:46.680+08:00 [INFO] gRPC GetTicker: symbol=ETH/USDT
2026-10-09T12:11:46.903+08:00 [INFO] gRPC GetOrderBook: symbol=BNB/USDT, depth=20
2026-10-09T12:11:46.904+08:00 [INFO] gRPC GetRecentTrades: symbol=BNB/USDT, limit=10
2026-10-09T12:11:46.904+08:00 [INFO] gRPC GetTicker: symbol=BNB/USDT
2026-10-09T12:11:47.448+08:00 [INFO] gRPC GetOrderBook: symbol=BTC/USDT, depth=20
2026-10-09T12:11:47.449+08:00 [INFO] gRPC GetRecentTrades: symbol=BTC/USDT, limit=10
2026-10-09T12:11:47.449+08:00 [INFO] gRPC GetTicker: symbol=BTC/USDT
2026-10-09T12:11:47.674+08:00 [INFO] gRPC GetOrderBook: symbol=ETH/USDT, depth=20
2026-10-09T12:11:47.674+08:00 [INFO] gRPC GetRecentTrades: symbol=ETH/USDT, limit=10
2026-10-09T12:11:47.675+08:00 [INFO] gRPC GetTicker: symbol=ETH/USDT
2026-10-09T12:11:48.356+08:00 [INFO] gRPC GetOrderBook: symbol=BNB/USDT, depth=20
2026-10-09T12:11:48.357+08:00 [INFO] gRPC GetRecentTrades: symbol=BNB/USDT, limit=10
2026-10-09T12:11:48.358+08:00 [INFO] gRPC GetTicker: symbol=BNB/USDT
2026-10-09T12:11:48.582+08:00 [INFO] gRPC GetOrderBook: symbol=BTC/USDT, depth=20
2026-10-09T12:11:48.582+08:00 [INFO] gRPC GetRecentTrades: symbol=BTC/USDT, limit=10
2026-10-09T12:11:48.583+08:00 [INFO] gRPC GetTicker: symbol=BTC/USDT
2026-10-09T12:11:48.805+08:00 [INFO] gRPC GetOrderBook: symbol=ETH/USDT, depth=20
2026-10-09T12:11:48.805+08:00 [INFO] gRPC GetRecentTrades: symbol=ETH/USDT, limit=10
2026-10-09T12:11:48.806+08:00 [INFO] gRPC GetTicker: symbol=ETH/USDT
2026-10-09T12:11:49.028+08:00 [INFO] gRPC GetOrderBook: symbol=BNB/USDT, depth=20
2026-10-09T12:11:49.029+08:00 [INFO] gRPC GetRecentTrades: symbol=BNB/USDT, limit=10
2026-10-09T12:11:49.029+08:00 [INFO] gRPC GetTicker: symbol=BNB/USDT
2026-10-09T12:11:49.449+08:00 [INFO] gRPC GetOrderBook: symbol=ETH/USDT, depth=20
2026-10-09T12:11:49.450+08:00 [INFO] gRPC GetRecentTrades: symbol=ETH/USDT, limit=10
2026-10-09T12:11:49.450+08:00 [INFO] gRPC GetTicker: symbol=ETH/USDT
2026-10-09T12:11:49.752+08:00 [INFO] gRPC GetOrderBook: symbol=BNB/USDT, depth=20
2026-10-09T12:11:49.753+08:00 [INFO] gRPC GetRecentTrades: symbol=BNB/USDT, limit=10
2026-10-09T12:11:49.753+08:00 [INFO] gRPC GetTicker: symbol=BNB/USDT
2026-10-09T12:11:49.979+08:00 [INFO] gRPC GetOrderBook: symbol=BTC/USDT, depth=20
2026-10-09T12:11:49.979+08:00 [INFO] gRPC GetRecentTrades: symbol=BTC/USDT, limit=10
2026-10-09T12:11:49.980+08:00 [INFO] gRPC GetTicker: symbol=BTC/USDT
2026-10-09T12:11:50.448+08:00 [INFO] gRPC GetOrderBook: symbol=BTC/USDT, depth=20
2026-10-09T12:11:50.449+08:00 [INFO] gRPC GetRecentTrades: symbol=BTC/USDT, limit=10
2026-10-09T12:11:50.449+08:00 [INFO] gRPC GetTicker: symbol=BTC/USDT
2026-10-09T12:11:50.683+08:00 [INFO] gRPC GetOrderBook: symbol=ETH/USDT, depth=20
2026-10-09T12:11:50.684+08:00 [INFO] gRPC GetRecentTrades: symbol=ETH/USDT, limit=10
2026-10-09T12:11:50.684+08:00 [INFO] gRPC GetTicker: symbol=ETH/USDT
2026-10-09T12:11:50.905+08:00 [INFO] gRPC GetOrderBook: symbol=BNB/USDT, depth=20
2026-10-09T12:11:50.905+08:00 [INFO] gRPC GetRecentTrades: symbol=BNB/USDT, limit=10
2026-10-09T12:11:50.906+08:00 [INFO] gRPC GetTicker: symbol=BNB/USDT
2026-10-09T12:11:51.448+08:00 [INFO] gRPC GetOrderBook: symbol=ETH/USDT, depth=20
2026-10-09T12:11:51.449+08:00 [INFO] gRPC GetRecentTrades: symbol=ETH/USDT, limit=10
2026-10-09T12:11:51.449+08:00 [INFO] gRPC GetTicker: symbol=ETH/USDT
2026-10-09T12:11:51.672+08:00 [INFO] gRPC GetOrderBook: symbol=BNB/USDT, depth=20
2026-10-09T12:11:51.673+08:00 [INFO] gRPC GetRecentTrades: symbol=BNB/USDT, limit=10
2026-10-09T12:11:51.675+08:00 [INFO] gRPC GetTicker: symbol=BNB/USDT
2026-10-09T12:11:51.901+08:00 [INFO] gRPC GetOrderBook: symbol=BTC/USDT, depth=20
2026-10-09T12:11:51.901+08:00 [INFO] gRPC GetRecentTrades: symbol=BTC/USDT, limit=10
2026-10-09T12:11:51.902+08:00 [INFO] gRPC GetTicker: symbol=BTC/USDT
2026-10-09T12:11:52.449+08:00 [INFO] gRPC GetOrderBook: symbol=BNB/USDT, depth=20
2026-10-09T12:11:52.449+08:00 [INFO] gRPC GetRecentTrades: symbol=BNB/USDT, limit=10
2026-10-09T12:11:52.449+08:00 [INFO] gRPC GetTicker: symbol=BNB/USDT
2026-10-09T12:11:52.683+08:00 [INFO] gRPC GetOrderBook: symbol=BTC/USDT, depth=20
2026-10-09T12:11:52.684+08:00 [INFO] gRPC GetRecentTrades: symbol=BTC/USDT, limit=10
2026-10-09T12:11:52.684+08:00 [INFO] gRPC GetTicker: symbol=BTC/USDT
2026-10-09T12:11:52.908+08:00 [INFO] gRPC GetOrderBook: symbol=ETH/USDT, depth=20
2026-10-09T12:11:52.910+08:00 [INFO] gRPC GetRecentTrades: symbol=ETH/USDT, limit=10
2026-10-09T12:11:52.911+08:00 [INFO] gRPC GetTicker: symbol=ETH/USDT
2026-10-09T12:11:53.449+08:00 [INFO] gRPC GetOrderBook: symbol=BTC/USDT, depth=20
2026-10-09T12:11:53.450+08:00 [INFO] gRPC GetRecentTrades: symbol=BTC/USDT, limit=10
2026-10-09T12:11:53.450+08:00 [INFO] gRPC GetTicker: symbol=BTC/USDT
2026-10-09T12:11:53.674+08:00 [INFO] gRPC GetOrderBook: symbol=ETH/USDT, depth=20
2026-10-09T12:11:53.675+08:00 [INFO] gRPC GetRecentTrades: symbol=ETH/USDT, limit=10
2026-10-09T12:11:53.676+08:00 [INFO] gRPC GetTicker: symbol=ETH/USDT
2026-10-09T12:11:53.899+08:00 [INFO] gRPC GetOrderBook: symbol=BNB/USDT, depth=20
2026-10-09T12:11:53.900+08:00 [INFO] gRPC GetRecentTrades: symbol=BNB/USDT, limit=10
2026-10-09T12:11:53.900+08:00 [INFO] gRPC GetTicker: symbol=BNB/USDT
2026-10-09T12:11:54.449+08:00 [INFO] gRPC GetOrderBook: symbol=BTC/USDT, depth=20
2026-10-09T12:11:54.449+08:00 [INFO] gRPC GetRecentTrades: symbol=BTC/USDT, limit=10
2026-10-09T12:11:54.450+08:00 [INFO] gRPC GetTicker: symbol=BTC/USDT
2026-10-09T12:11:54.672+08:00 [INFO] gRPC GetOrderBook: symbol=ETH/USDT, depth=20
2026-10-09T12:11:54.672+08:00 [INFO] gRPC GetRecentTrades: symbol=ETH/USDT, limit=10
2026-10-09T12:11:54.673+08:00 [INFO] gRPC GetTicker: symbol=ETH/USDT
2026-10-09T12:11:54.932+08:00 [INFO] gRPC GetOrderBook: symbol=BNB/USDT, depth=20
2026-10-09T12:11:54.932+08:00 [INFO] gRPC GetRecentTrades: symbol=BNB/USDT, limit=10
2026-10-09T12:11:54.933+08:00 [INFO] gRPC GetTicker: symbol=BNB/USDT
2026-10-09T12:11:55.449+08:00 [INFO] gRPC GetOrderBook: symbol=BTC/USDT, depth=20
2026-10-09T12:11:55.449+08:00 [INFO] gRPC GetRecentTrades: symbol=BTC/USDT, limit=10
2026-10-09T12:11:55.450+08:00 [INFO] gRPC GetTicker: symbol=BTC/USDT
2026-10-09T12:11:55.673+08:00 [INFO] gRPC GetOrderBook: symbol=ETH/USDT, depth=20
2026-10-09T12:11:55.673+08:00 [INFO] gRPC GetRecentTrades: symbol=ETH/USDT, limit=10
2026-10-09T12:11:55.673+08:00 [INFO] gRPC GetTicker: symbol=ETH/USDT
2026-10-09T12:11:55.893+08:00 [INFO] gRPC GetOrderBook: symbol=BNB/USDT, depth=20
2026-10-09T12:11:55.894+08:00 [INFO] gRPC GetRecentTrades: symbol=BNB/USDT, limit=10
2026-10-09T12:11:55.894+08:00 [INFO] gRPC GetTicker: symbol=BNB/USDT
2026-10-09T12:11:56.546+08:00 [INFO] gRPC GetOrderBook: symbol=BNB/USDT, depth=20
2026-10-09T12:11:56.547+08:00 [INFO] gRPC GetRecentTrades: symbol=BNB/USDT, limit=10
2026-10-09T12:11:56.547+08:00 [INFO] gRPC GetTicker: symbol=BNB/USDT
2026-10-09T12:11:56.768+08:00 [INFO] gRPC GetOrderBook: symbol=BTC/USDT, depth=20
2026-10-09T12:11:56.769+08:00 [INFO] gRPC GetRecentTrades: symbol=BTC/USDT, limit=10
2026-10-09T12:11:56.769+08:00 [INFO] gRPC GetTicker: symbol=BTC/USDT
2026-10-09T12:11:57.021+08:00 [INFO] gRPC GetOrderBook: symbol=ETH/USDT, depth=20
2026-10-09T12:11:57.021+08:00 [INFO] gRPC GetRecentTrades: symbol=ETH/USDT, limit=10
2026-10-09T12:11:57.022+08:00 [INFO] gRPC GetTicker: symbol=ETH/USDT
2026-10-09T12:11:57.449+08:00 [INFO] gRPC GetOrderBook: symbol=BNB/USDT, depth=20
2026-10-09T12:11:57.449+08:00 [INFO] gRPC GetRecentTrades: symbol=BNB/USDT, limit=10
2026-10-09T12:11:57.450+08:00 [INFO] gRPC GetTicker: symbol=BNB/USDT
2026-10-09T12:11:57.674+08:00 [INFO] gRPC GetOrderBook: symbol=BTC/USDT, depth=20
2026-10-09T12:11:57.674+08:00 [INFO] gRPC GetRecentTrades: symbol=BTC/USDT, limit=10
2026-10-09T12:11:57.675+08:00 [INFO] gRPC GetTicker: symbol=BTC/USDT
2026-10-09T12:11:57.896+08:00 [INFO] gRPC GetOrderBook: symbol=ETH/USDT, depth=20
2026-10-09T12:11:57.896+08:00 [INFO] gRPC GetRecentTrades: symbol=ETH/USDT, limit=10
2026-10-09T12:11:57.897+08:00 [INFO] gRPC GetTicker: symbol=ETH/USDT
2026-10-09T12:11:58.449+08:00 [INFO] gRPC GetOrderBook: symbol=ETH/USDT, depth=20
2026-10-09T12:11:58.450+08:00 [INFO] gRPC GetRecentTrades: symbol=ETH/USDT, limit=10
2026-10-09T12:11:58.450+08:00 [INFO] gRPC GetTicker: symbol=ETH/USDT
2026-10-09T12:11:58.674+08:00 [INFO] gRPC GetOrderBook: symbol=BNB/USDT, depth=20
2026-10-09T12:11:58.674+08:00 [INFO] gRPC GetRecentTrades: symbol=BNB/USDT, limit=10
2026-10-09T12:11:58.675+08:00 [INFO] gRPC GetTicker: symbol=BNB/USDT
2026-10-09T12:11:58.896+08:00 [INFO] gRPC GetOrderBook: symbol=BTC/USDT, depth=20
2026-10-09T12:11:58.896+08:00 [INFO] gRPC GetRecentTrades: symbol=BTC/USDT, limit=10
2026-10-09T12:11:58.897+08:00 [INFO] gRPC GetTicker: symbol=BTC/USDT
2026-10-09T12:11:59.449+08:00 [INFO] gRPC GetOrderBook: symbol=BNB/USDT, depth=20
2026-10-09T12:11:59.449+08:00 [INFO] gRPC GetRecentTrades: symbol=BNB/USDT, limit=10
2026-10-09T12:11:59.450+08:00 [INFO] gRPC GetTicker: symbol=BNB/USDT
2026-10-09T12:11:59.674+08:00 [INFO] gRPC GetOrderBook: symbol=BTC/USDT, depth=20
2026-10-09T12:11:59.675+08:00 [INFO] gRPC GetRecentTrades: symbol=BTC/USDT, limit=10
2026-10-09T12:11:59.675+08:00 [INFO] gRPC GetTicker: symbol=BTC/USDT
2026-10-09T12:11:59.895+08:00 [INFO] gRPC GetOrderBook: symbol=ETH/USDT, depth=20
2026-10-09T12:11:59.896+08:00 [INFO] gRPC GetRecentTrades: symbol=ETH/USDT, limit=10
2026-10-09T12:11:59.896+08:00 [INFO] gRPC GetTicker: symbol=ETH/USDT
2026-10-09T12:12:00.449+08:00 [INFO] gRPC GetOrderBook: symbol=ETH/USDT, depth=20
2026-10-09T12:12:00.449+08:00 [INFO] gRPC GetRecentTrades: symbol=ETH/USDT, limit=10
2026-10-09T12:12:00.449+08:00 [INFO] gRPC GetTicker: symbol=ETH/USDT
2026-10-09T12:12:00.672+08:00 [INFO] gRPC GetOrderBook: symbol=BNB/USDT, depth=20
2026-10-09T12:12:00.673+08:00 [INFO] gRPC GetRecentTrades: symbol=BNB/USDT, limit=10
2026-10-09T12:12:00.675+08:00 [INFO] gRPC GetTicker: symbol=BNB/USDT
2026-10-09T12:12:00.897+08:00 [INFO] gRPC GetOrderBook: symbol=BTC/USDT, depth=20
2026-10-09T12:12:00.897+08:00 [INFO] gRPC GetRecentTrades: symbol=BTC/USDT, limit=10
2026-10-09T12:12:00.898+08:00 [INFO] gRPC GetTicker: symbol=BTC/USDT
2026-10-09T12:12:01.449+08:00 [INFO] gRPC GetOrderBook: symbol=ETH/USDT, depth=20
2026-10-09T12:12:01.449+08:00 [INFO] gRPC GetRecentTrades: symbol=ETH/USDT, limit=10
2026-10-09T12:12:01.450+08:00 [INFO] gRPC GetTicker: symbol=ETH/USDT
2026-10-09T12:12:01.674+08:00 [INFO] gRPC GetOrderBook: symbol=BNB/USDT, depth=20
2026-10-09T12:12:01.674+08:00 [INFO] gRPC GetRecentTrades: symbol=BNB/USDT, limit=10
2026-10-09T12:12:01.675+08:00 [INFO] gRPC GetTicker: symbol=BNB/USDT
2026-10-09T12:12:01.900+08:00 [INFO] gRPC GetOrderBook: symbol=BTC/USDT, depth=20
2026-10-09T12:12:01.900+08:00 [INFO] gRPC GetRecentTrades: symbol=BTC/USDT, limit=10
2026-10-09T12:12:01.900+08:00 [INFO] gRPC GetTicker: symbol=BTC/USDT
2026-10-09T12:12:02.449+08:00 [INFO] gRPC GetOrderBook: symbol=BNB/USDT, depth=20
2026-10-09T12:12:02.450+08:00 [INFO] gRPC GetRecentTrades: symbol=BNB/USDT, limit=10
2026-10-09T12:12:02.450+08:00 [INFO] gRPC GetTicker: symbol=BNB/USDT
2026-10-09T12:12:02.673+08:00 [INFO] gRPC GetOrderBook: symbol=BTC/USDT, depth=20
2026-10-09T12:12:02.673+08:00 [INFO] gRPC GetRecentTrades: symbol=BTC/USDT, limit=10
2026-10-09T12:12:02.674+08:00 [INFO] gRPC GetTicker: symbol=BTC/USDT
2026-10-09T12:12:02.899+08:00 [INFO] gRPC GetOrderBook: symbol=ETH/USDT, depth=20
2026-10-09T12:12:02.899+08:00 [INFO] gRPC GetRecentTrades: symbol=ETH/USDT, limit=10
2026-10-09T12:12:02.899+08:00 [INFO] gRPC GetTicker: symbol=ETH/USDT
2026-10-09T12:12:03.449+08:00 [INFO] gRPC GetOrderBook: symbol=BTC/USDT, depth=20
2026-10-09T12:12:03.449+08:00 [INFO] gRPC GetRecentTrades: symbol=BTC/USDT, limit=10
2026-10-09T12:12:03.449+08:00 [INFO] gRPC GetTicker: symbol=BTC/USDT
2026-10-09T12:12:03.676+08:00 [INFO] gRPC GetOrderBook: symbol=ETH/USDT, depth=20
2026-10-09T12:12:03.677+08:00 [INFO] gRPC GetRecentTrades: symbol=ETH/USDT, limit=10
2026-10-09T12:12:03.677+08:00 [INFO] gRPC GetTicker: symbol=ETH/USDT
2026-10-09T12:12:03.901+08:00 [INFO] gRPC GetOrderBook: symbol=BNB/USDT, depth=20
2026-10-09T12:12:03.902+08:00 [INFO] gRPC GetRecentTrades: symbol=BNB/USDT, limit=10
2026-10-09T12:12:03.902+08:00 [INFO] gRPC GetTicker: symbol=BNB/USDT
2026-10-09T12:12:04.448+08:00 [INFO] gRPC GetOrderBook: symbol=BNB/USDT, depth=20
2026-10-09T12:12:04.449+08:00 [INFO] gRPC GetRecentTrades: symbol=BNB/USDT, limit=10
2026-10-09T12:12:04.449+08:00 [INFO] gRPC GetTicker: symbol=BNB/USDT
2026-10-09T12:12:04.680+08:00 [INFO] gRPC GetOrderBook: symbol=BTC/USDT, depth=20
2026-10-09T12:12:04.680+08:00 [INFO] gRPC GetRecentTrades: symbol=BTC/USDT, limit=10
2026-10-09T12:12:04.681+08:00 [INFO] gRPC GetTicker: symbol=BTC/USDT
2026-10-09T12:12:04.908+08:00 [INFO] gRPC GetOrderBook: symbol=ETH/USDT, depth=20
2026-10-09T12:12:04.909+08:00 [INFO] gRPC GetRecentTrades: symbol=ETH/USDT, limit=10
2026-10-09T12:12:04.909+08:00 [INFO] gRPC GetTicker: symbol=ETH/USDT
2026-10-09T12:12:05.448+08:00 [INFO] gRPC GetOrderBook: symbol=BTC/USDT, depth=20
2026-10-09T12:12:05.450+08:00 [INFO] gRPC GetRecentTrades: symbol=BTC/USDT, limit=10
2026-10-09T12:12:05.450+08:00 [INFO] gRPC GetTicker: symbol=BTC/USDT
2026-10-09T12:12:05.684+08:00 [INFO] gRPC GetOrderBook: symbol=ETH/USDT, depth=20
2026-10-09T12:12:05.684+08:00 [INFO] gRPC GetRecentTrades: symbol=ETH/USDT, limit=10
2026-10-09T12:12:05.685+08:00 [INFO] gRPC GetTicker: symbol=ETH/USDT
2026-10-09T12:12:05.912+08:00 [INFO] gRPC GetOrderBook: symbol=BNB/USDT, depth=20
2026-10-09T12:12:05.912+08:00 [INFO] gRPC GetRecentTrades: symbol=BNB/USDT, limit=10
2026-10-09T12:12:05.913+08:00 [INFO] gRPC GetTicker: symbol=BNB/USDT
2026-10-09T12:12:06.448+08:00 [INFO] gRPC GetOrderBook: symbol=BNB/USDT, depth=20
2026-10-09T12:12:06.449+08:00 [INFO] gRPC GetRecentTrades: symbol=BNB/USDT, limit=10
2026-10-09T12:12:06.449+08:00 [INFO] gRPC GetTicker: symbol=BNB/USDT
2026-10-09T12:12:06.671+08:00 [INFO] gRPC GetOrderBook: symbol=BTC/USDT, depth=20
2026-10-09T12:12:06.672+08:00 [INFO] gRPC GetRecentTrades: symbol=BTC/USDT, limit=10
2026-10-09T12:12:06.672+08:00 [INFO] gRPC GetTicker: symbol=BTC/USDT
2026-10-09T12:12:06.955+08:00 [INFO] gRPC GetOrderBook: symbol=ETH/USDT, depth=20
2026-10-09T12:12:06.955+08:00 [INFO] gRPC GetRecentTrades: symbol=ETH/USDT, limit=10
2026-10-09T12:12:06.956+08:00 [INFO] gRPC GetTicker: symbol=ETH/USDT
2026-10-09T12:12:07.449+08:00 [INFO] gRPC GetOrderBook: symbol=BTC/USDT, depth=20
2026-10-09T12:12:07.449+08:00 [INFO] gRPC GetRecentTrades: symbol=BTC/USDT, limit=10
2026-10-09T12:12:07.450+08:00 [INFO] gRPC GetTicker: symbol=BTC/USDT
2026-10-09T12:12:07.679+08:00 [INFO] gRPC GetOrderBook: symbol=ETH/USDT, depth=20
2026-10-09T12:12:07.679+08:00 [INFO] gRPC GetRecentTrades: symbol=ETH/USDT, limit=10
2026-10-09T12:12:07.680+08:00 [INFO] gRPC GetTicker: symbol=ETH/USDT
2026-10-09T12:12:08.356+08:00 [INFO] gRPC GetOrderBook: symbol=BNB/USDT, depth=20
2026-10-09T12:12:08.357+08:00 [INFO] gRPC GetRecentTrades: symbol=BNB/USDT, limit=10
2026-10-09T12:12:08.357+08:00 [INFO] gRPC GetTicker: symbol=BNB/USDT
2026-10-09T12:12:08.585+08:00 [INFO] gRPC GetOrderBook: symbol=BTC/USDT, depth=20
2026-10-09T12:12:08.585+08:00 [INFO] gRPC GetRecentTrades: symbol=BTC/USDT, limit=10
2026-10-09T12:12:08.586+08:00 [INFO] gRPC GetTicker: symbol=BTC/USDT
2026-10-09T12:12:08.811+08:00 [INFO] gRPC GetOrderBook: symbol=ETH/USDT, depth=20
2026-10-09T12:12:08.812+08:00 [INFO] gRPC GetRecentTrades: symbol=ETH/USDT, limit=10
2026-10-09T12:12:08.812+08:00 [INFO] gRPC GetTicker: symbol=ETH/USDT
2026-10-09T12:12:09.033+08:00 [INFO] gRPC GetOrderBook: symbol=BNB/USDT, depth=20
2026-10-09T12:12:09.033+08:00 [INFO] gRPC GetRecentTrades: symbol=BNB/USDT, limit=10
2026-10-09T12:12:09.033+08:00 [INFO] gRPC GetTicker: symbol=BNB/USDT
2026-10-09T12:12:09.448+08:00 [INFO] gRPC GetOrderBook: symbol=BNB/USDT, depth=20
2026-10-09T12:12:09.449+08:00 [INFO] gRPC GetRecentTrades: symbol=BNB/USDT, limit=10
2026-10-09T12:12:09.450+08:00 [INFO] gRPC GetTicker: symbol=BNB/USDT
2026-10-09T12:12:09.671+08:00 [INFO] gRPC GetOrderBook: symbol=BTC/USDT, depth=20
2026-10-09T12:12:09.672+08:00 [INFO] gRPC GetRecentTrades: symbol=BTC/USDT, limit=10
2026-10-09T12:12:09.672+08:00 [INFO] gRPC GetTicker: symbol=BTC/USDT
2026-10-09T12:12:09.896+08:00 [INFO] gRPC GetOrderBook: symbol=ETH/USDT, depth=20
2026-10-09T12:12:09.897+08:00 [INFO] gRPC GetRecentTrades: symbol=ETH/USDT, limit=10
2026-10-09T12:12:09.897+08:00 [INFO] gRPC GetTicker: symbol=ETH/USDT
2026-10-09T12:12:10.448+08:00 [INFO] gRPC GetOrderBook: symbol=BTC/USDT, depth=20
2026-10-09T12:12:10.449+08:00 [INFO] gRPC GetRecentTrades: symbol=BTC/USDT, limit=10
2026-10-09T12:12:10.449+08:00 [INFO] gRPC GetTicker: symbol=BTC/USDT
2026-10-09T12:12:10.683+08:00 [INFO] gRPC GetOrderBook: symbol=ETH/USDT, depth=20
2026-10-09T12:12:10.683+08:00 [INFO] gRPC GetRecentTrades: symbol=ETH/USDT, limit=10
2026-10-09T12:12:10.684+08:00 [INFO] gRPC GetTicker: symbol=ETH/USDT
2026-10-09T12:12:10.946+08:00 [INFO] gRPC GetOrderBook: symbol=BNB/USDT, depth=20
2026-10-09T12:12:10.946+08:00 [INFO] gRPC GetRecentTrades: symbol=BNB/USDT, limit=10
2026-10-09T12:12:10.946+08:00 [INFO] gRPC GetTicker: symbol=BNB/USDT
2026-10-09T12:12:11.448+08:00 [INFO] gRPC GetOrderBook: symbol=BTC/USDT, depth=20
2026-10-09T12:12:11.449+08:00 [INFO] gRPC GetRecentTrades: symbol=BTC/USDT, limit=10
2026-10-09T12:12:11.449+08:00 [INFO] gRPC GetTicker: symbol=BTC/USDT
2026-10-09T12:12:11.674+08:00 [INFO] gRPC GetOrderBook: symbol=ETH/USDT, depth=20
2026-10-09T12:12:11.675+08:00 [INFO] gRPC GetRecentTrades: symbol=ETH/USDT, limit=10
2026-10-09T12:12:11.675+08:00 [INFO] gRPC GetTicker: symbol=ETH/USDT
2026-10-09T12:12:11.971+08:00 [INFO] gRPC GetOrderBook: symbol=BNB/USDT, depth=20
2026-10-09T12:12:11.972+08:00 [INFO] gRPC GetRecentTrades: symbol=BNB/USDT, limit=10
2026-10-09T12:12:11.973+08:00 [INFO] gRPC GetTicker: symbol=BNB/USDT
2026-10-09T12:12:12.448+08:00 [INFO] gRPC GetOrderBook: symbol=BTC/USDT, depth=20
2026-10-09T12:12:12.450+08:00 [INFO] gRPC GetRecentTrades: symbol=BTC/USDT, limit=10
2026-10-09T12:12:12.451+08:00 [INFO] gRPC GetTicker: symbol=BTC/USDT
2026-10-09T12:12:12.674+08:00 [INFO] gRPC GetOrderBook: symbol=ETH/USDT, depth=20
2026-10-09T12:12:12.674+08:00 [INFO] gRPC GetRecentTrades: symbol=ETH/USDT, limit=10
2026-10-09T12:12:12.675+08:00 [INFO] gRPC GetTicker: symbol=ETH/USDT
2026-10-09T12:12:12.896+08:00 [INFO] gRPC GetOrderBook: symbol=BNB/USDT, depth=20
2026-10-09T12:12:12.897+08:00 [INFO] gRPC GetRecentTrades: symbol=BNB/USDT, limit=10
2026-10-09T12:12:12.897+08:00 [INFO] gRPC GetTicker: symbol=BNB/USDT
2026-10-09T12:12:13.448+08:00 [INFO] gRPC GetOrderBook: symbol=ETH/USDT, depth=20
2026-10-09T12:12:13.449+08:00 [INFO] gRPC GetRecentTrades: symbol=ETH/USDT, limit=10
2026-10-09T12:12:13.449+08:00 [INFO] gRPC GetTicker: symbol=ETH/USDT
2026-10-09T12:12:13.674+08:00 [INFO] gRPC GetOrderBook: symbol=BNB/USDT, depth=20
2026-10-09T12:12:13.675+08:00 [INFO] gRPC GetRecentTrades: symbol=BNB/USDT, limit=10
2026-10-09T12:12:13.676+08:00 [INFO] gRPC GetTicker: symbol=BNB/USDT
2026-10-09T12:12:13.919+08:00 [INFO] gRPC GetOrderBook: symbol=BTC/USDT, depth=20
2026-10-09T12:12:13.920+08:00 [INFO] gRPC GetRecentTrades: symbol=BTC/USDT, limit=10
2026-10-09T12:12:13.920+08:00 [INFO] gRPC GetTicker: symbol=BTC/USDT
2026-10-09T12:12:14.449+08:00 [INFO] gRPC GetOrderBook: symbol=BTC/USDT, depth=20
2026-10-09T12:12:14.450+08:00 [INFO] gRPC GetRecentTrades: symbol=BTC/USDT, limit=10
2026-10-09T12:12:14.451+08:00 [INFO] gRPC GetTicker: symbol=BTC/USDT
2026-10-09T12:12:14.682+08:00 [INFO] gRPC GetOrderBook: symbol=ETH/USDT, depth=20
2026-10-09T12:12:14.685+08:00 [INFO] gRPC GetRecentTrades: symbol=ETH/USDT, limit=10
2026-10-09T12:12:14.689+08:00 [INFO] gRPC GetTicker: symbol=ETH/USDT
2026-10-09T12:12:14.942+08:00 [INFO] gRPC GetOrderBook: symbol=BNB/USDT, depth=20
2026-10-09T12:12:14.943+08:00 [INFO] gRPC GetRecentTrades: symbol=BNB/USDT, limit=10
2026-10-09T12:12:14.943+08:00 [INFO] gRPC GetTicker: symbol=BNB/USDT
2026-10-09T12:12:15.448+08:00 [INFO] gRPC GetOrderBook: symbol=BTC/USDT, depth=20
2026-10-09T12:12:15.449+08:00 [INFO] gRPC GetRecentTrades: symbol=BTC/USDT, limit=10
2026-10-09T12:12:15.450+08:00 [INFO] gRPC GetTicker: symbol=BTC/USDT
2026-10-09T12:12:15.679+08:00 [INFO] gRPC GetOrderBook: symbol=ETH/USDT, depth=20
2026-10-09T12:12:15.680+08:00 [INFO] gRPC GetRecentTrades: symbol=ETH/USDT, limit=10
2026-10-09T12:12:15.680+08:00 [INFO] gRPC GetTicker: symbol=ETH/USDT
2026-10-09T12:12:16.357+08:00 [INFO] gRPC GetOrderBook: symbol=BNB/USDT, depth=20
2026-10-09T12:12:16.358+08:00 [INFO] gRPC GetRecentTrades: symbol=BNB/USDT, limit=10
2026-10-09T12:12:16.358+08:00 [INFO] gRPC GetTicker: symbol=BNB/USDT
2026-10-09T12:12:16.593+08:00 [INFO] gRPC GetOrderBook: symbol=BNB/USDT, depth=20
2026-10-09T12:12:16.593+08:00 [INFO] gRPC GetRecentTrades: symbol=BNB/USDT, limit=10
2026-10-09T12:12:16.594+08:00 [INFO] gRPC GetTicker: symbol=BNB/USDT
2026-10-09T12:12:16.815+08:00 [INFO] gRPC GetOrderBook: symbol=BTC/USDT, depth=20
2026-10-09T12:12:16.815+08:00 [INFO] gRPC GetRecentTrades: symbol=BTC/USDT, limit=10
2026-10-09T12:12:16.816+08:00 [INFO] gRPC GetTicker: symbol=BTC/USDT
2026-10-09T12:12:17.304+08:00 [INFO] gRPC GetOrderBook: symbol=ETH/USDT, depth=20
2026-10-09T12:12:17.304+08:00 [INFO] gRPC GetRecentTrades: symbol=ETH/USDT, limit=10
2026-10-09T12:12:17.305+08:00 [INFO] gRPC GetTicker: symbol=ETH/USDT
2026-10-09T12:12:17.529+08:00 [INFO] gRPC GetOrderBook: symbol=BTC/USDT, depth=20
2026-10-09T12:12:17.529+08:00 [INFO] gRPC GetRecentTrades: symbol=BTC/USDT, limit=10
2026-10-09T12:12:17.529+08:00 [INFO] gRPC GetTicker: symbol=BTC/USDT
2026-10-09T12:12:17.754+08:00 [INFO] gRPC GetOrderBook: symbol=ETH/USDT, depth=20
2026-10-09T12:12:17.759+08:00 [INFO] gRPC GetRecentTrades: symbol=ETH/USDT, limit=10
2026-10-09T12:12:17.760+08:00 [INFO] gRPC GetTicker: symbol=ETH/USDT
2026-10-09T12:12:17.983+08:00 [INFO] gRPC GetOrderBook: symbol=BNB/USDT, depth=20
2026-10-09T12:12:17.984+08:00 [INFO] gRPC GetRecentTrades: symbol=BNB/USDT, limit=10
2026-10-09T12:12:17.984+08:00 [INFO] gRPC GetTicker: symbol=BNB/USDT
2026-10-09T12:12:18.449+08:00 [INFO] gRPC GetOrderBook: symbol=BNB/USDT, depth=20
2026-10-09T12:12:18.449+08:00 [INFO] gRPC GetRecentTrades: symbol=BNB/USDT, limit=10
2026-10-09T12:12:18.450+08:00 [INFO] gRPC GetTicker: symbol=BNB/USDT
2026-10-09T12:12:18.673+08:00 [INFO] gRPC GetOrderBook: symbol=BTC/USDT, depth=20
2026-10-09T12:12:18.673+08:00 [INFO] gRPC GetRecentTrades: symbol=BTC/USDT, limit=10
2026-10-09T12:12:18.675+08:00 [INFO] gRPC GetTicker: symbol=BTC/USDT
2026-10-09T12:12:19.395+08:00 [INFO] gRPC GetOrderBook: symbol=ETH/USDT, depth=20
2026-10-09T12:12:19.395+08:00 [INFO] gRPC GetRecentTrades: symbol=ETH/USDT, limit=10
2026-10-09T12:12:19.396+08:00 [INFO] gRPC GetTicker: symbol=ETH/USDT
2026-10-09T12:12:19.620+08:00 [INFO] gRPC GetOrderBook: symbol=BTC/USDT, depth=20
2026-10-09T12:12:19.621+08:00 [INFO] gRPC GetRecentTrades: symbol=BTC/USDT, limit=10
2026-10-09T12:12:19.621+08:00 [INFO] gRPC GetTicker: symbol=BTC/USDT
2026-10-09T12:12:19.857+08:00 [INFO] gRPC GetOrderBook: symbol=ETH/USDT, depth=20
2026-10-09T12:12:19.858+08:00 [INFO] gRPC GetRecentTrades: symbol=ETH/USDT, limit=10
2026-10-09T12:12:19.860+08:00 [INFO] gRPC GetTicker: symbol=ETH/USDT
2026-10-09T12:12:20.084+08:00 [INFO] gRPC GetOrderBook: symbol=BNB/USDT, depth=20
2026-10-09T12:12:20.085+08:00 [INFO] gRPC GetRecentTrades: symbol=BNB/USDT, limit=10
2026-10-09T12:12:20.085+08:00 [INFO] gRPC GetTicker: symbol=BNB/USDT
2026-10-09T12:12:20.448+08:00 [INFO] gRPC GetOrderBook: symbol=BNB/USDT, depth=20
2026-10-09T12:12:20.450+08:00 [INFO] gRPC GetRecentTrades: symbol=BNB/USDT, limit=10
2026-10-09T12:12:20.450+08:00 [INFO] gRPC GetTicker: symbol=BNB/USDT
2026-10-09T12:12:20.674+08:00 [INFO] gRPC GetOrderBook: symbol=BTC/USDT, depth=20
2026-10-09T12:12:20.675+08:00 [INFO] gRPC GetRecentTrades: symbol=BTC/USDT, limit=10
2026-10-09T12:12:20.676+08:00 [INFO] gRPC GetTicker: symbol=BTC/USDT
2026-10-09T12:12:20.900+08:00 [INFO] gRPC GetOrderBook: symbol=ETH/USDT, depth=20
2026-10-09T12:12:20.900+08:00 [INFO] gRPC GetRecentTrades: symbol=ETH/USDT, limit=10
2026-10-09T12:12:20.901+08:00 [INFO] gRPC GetTicker: symbol=ETH/USDT
2026-10-09T12:12:21.450+08:00 [INFO] gRPC GetOrderBook: symbol=BTC/USDT, depth=20
2026-10-09T12:12:21.450+08:00 [INFO] gRPC GetRecentTrades: symbol=BTC/USDT, limit=10
2026-10-09T12:12:21.451+08:00 [INFO] gRPC GetTicker: symbol=BTC/USDT
2026-10-09T12:12:21.673+08:00 [INFO] gRPC GetOrderBook: symbol=ETH/USDT, depth=20
2026-10-09T12:12:21.673+08:00 [INFO] gRPC GetRecentTrades: symbol=ETH/USDT, limit=10
2026-10-09T12:12:21.674+08:00 [INFO] gRPC GetTicker: symbol=ETH/USDT
2026-10-09T12:12:21.895+08:00 [INFO] gRPC GetOrderBook: symbol=BNB/USDT, depth=20
2026-10-09T12:12:21.895+08:00 [INFO] gRPC GetRecentTrades: symbol=BNB/USDT, limit=10
2026-10-09T12:12:21.896+08:00 [INFO] gRPC GetTicker: symbol=BNB/USDT
2026-10-09T12:12:22.448+08:00 [INFO] gRPC GetOrderBook: symbol=BTC/USDT, depth=20
2026-10-09T12:12:22.448+08:00 [INFO] gRPC GetRecentTrades: symbol=BTC/USDT, limit=10
2026-10-09T12:12:22.449+08:00 [INFO] gRPC GetTicker: symbol=BTC/USDT
2026-10-09T12:12:22.724+08:00 [INFO] gRPC GetOrderBook: symbol=ETH/USDT, depth=20
2026-10-09T12:12:22.724+08:00 [INFO] gRPC GetRecentTrades: symbol=ETH/USDT, limit=10
2026-10-09T12:12:22.725+08:00 [INFO] gRPC GetTicker: symbol=ETH/USDT
2026-10-09T12:12:22.947+08:00 [INFO] gRPC GetOrderBook: symbol=BNB/USDT, depth=20
2026-10-09T12:12:22.947+08:00 [INFO] gRPC GetRecentTrades: symbol=BNB/USDT, limit=10
2026-10-09T12:12:22.948+08:00 [INFO] gRPC GetTicker: symbol=BNB/USDT
2026-10-09T12:12:23.448+08:00 [INFO] gRPC GetOrderBook: symbol=BTC/USDT, depth=20
2026-10-09T12:12:23.449+08:00 [INFO] gRPC GetRecentTrades: symbol=BTC/USDT, limit=10
2026-10-09T12:12:23.449+08:00 [INFO] gRPC GetTicker: symbol=BTC/USDT
2026-10-09T12:12:23.675+08:00 [INFO] gRPC GetOrderBook: symbol=ETH/USDT, depth=20
2026-10-09T12:12:23.676+08:00 [INFO] gRPC GetRecentTrades: symbol=ETH/USDT, limit=10
2026-10-09T12:12:23.676+08:00 [INFO] gRPC GetTicker: symbol=ETH/USDT
2026-10-09T12:12:23.900+08:00 [INFO] gRPC GetOrderBook: symbol=BNB/USDT, depth=20
2026-10-09T12:12:23.901+08:00 [INFO] gRPC GetRecentTrades: symbol=BNB/USDT, limit=10
2026-10-09T12:12:23.904+08:00 [INFO] gRPC GetTicker: symbol=BNB/USDT
2026-10-09T12:12:24.448+08:00 [INFO] gRPC GetOrderBook: symbol=BTC/USDT, depth=20
2026-10-09T12:12:24.449+08:00 [INFO] gRPC GetRecentTrades: symbol=BTC/USDT, limit=10
2026-10-09T12:12:24.449+08:00 [INFO] gRPC GetTicker: symbol=BTC/USDT
2026-10-09T12:12:24.725+08:00 [INFO] gRPC GetOrderBook: symbol=ETH/USDT, depth=20
2026-10-09T12:12:24.728+08:00 [INFO] gRPC GetRecentTrades: symbol=ETH/USDT, limit=10
2026-10-09T12:12:24.735+08:00 [INFO] gRPC GetTicker: symbol=ETH/USDT
2026-10-09T12:12:24.958+08:00 [INFO] gRPC GetOrderBook: symbol=BNB/USDT, depth=20
2026-10-09T12:12:24.959+08:00 [INFO] gRPC GetRecentTrades: symbol=BNB/USDT, limit=10
2026-10-09T12:12:24.959+08:00 [INFO] gRPC GetTicker: symbol=BNB/USDT
2026-10-09T12:12:25.448+08:00 [INFO] gRPC GetOrderBook: symbol=BTC/USDT, depth=20
2026-10-09T12:12:25.448+08:00 [INFO] gRPC GetRecentTrades: symbol=BTC/USDT, limit=10
2026-10-09T12:12:25.449+08:00 [INFO] gRPC GetTicker: symbol=BTC/USDT
2026-10-09T12:12:25.671+08:00 [INFO] gRPC GetOrderBook: symbol=ETH/USDT, depth=20
2026-10-09T12:12:25.671+08:00 [INFO] gRPC GetRecentTrades: symbol=ETH/USDT, limit=10
2026-10-09T12:12:25.671+08:00 [INFO] gRPC GetTicker: symbol=ETH/USDT
2026-10-09T12:12:26.000+08:00 [INFO] gRPC GetOrderBook: symbol=BNB/USDT, depth=20
2026-10-09T12:12:26.001+08:00 [INFO] gRPC GetRecentTrades: symbol=BNB/USDT, limit=10
2026-10-09T12:12:26.001+08:00 [INFO] gRPC GetTicker: symbol=BNB/USDT
2026-10-09T12:12:26.453+08:00 [INFO] gRPC GetOrderBook: symbol=BTC/USDT, depth=20
2026-10-09T12:12:26.454+08:00 [INFO] gRPC GetRecentTrades: symbol=BTC/USDT, limit=10
2026-10-09T12:12:26.455+08:00 [INFO] gRPC GetTicker: symbol=BTC/USDT
2026-10-09T12:12:26.677+08:00 [INFO] gRPC GetOrderBook: symbol=ETH/USDT, depth=20
2026-10-09T12:12:26.678+08:00 [INFO] gRPC GetRecentTrades: symbol=ETH/USDT, limit=10
2026-10-09T12:12:26.678+08:00 [INFO] gRPC GetTicker: symbol=ETH/USDT
2026-10-09T12:12:26.903+08:00 [INFO] gRPC GetOrderBook: symbol=BNB/USDT, depth=20
2026-10-09T12:12:26.903+08:00 [INFO] gRPC GetRecentTrades: symbol=BNB/USDT, limit=10
2026-10-09T12:12:26.904+08:00 [INFO] gRPC GetTicker: symbol=BNB/USDT
2026-10-09T12:12:27.448+08:00 [INFO] gRPC GetOrderBook: symbol=ETH/USDT, depth=20
2026-10-09T12:12:27.449+08:00 [INFO] gRPC GetRecentTrades: symbol=ETH/USDT, limit=10
2026-10-09T12:12:27.449+08:00 [INFO] gRPC GetTicker: symbol=ETH/USDT
2026-10-09T12:12:27.682+08:00 [INFO] gRPC GetOrderBook: symbol=BNB/USDT, depth=20
2026-10-09T12:12:27.682+08:00 [INFO] gRPC GetRecentTrades: symbol=BNB/USDT, limit=10
2026-10-09T12:12:27.683+08:00 [INFO] gRPC GetTicker: symbol=BNB/USDT
2026-10-09T12:12:27.906+08:00 [INFO] gRPC GetOrderBook: symbol=BTC/USDT, depth=20
2026-10-09T12:12:27.906+08:00 [INFO] gRPC GetRecentTrades: symbol=BTC/USDT, limit=10
2026-10-09T12:12:27.907+08:00 [INFO] gRPC GetTicker: symbol=BTC/USDT
2026-10-09T12:12:28.448+08:00 [INFO] gRPC GetOrderBook: symbol=BTC/USDT, depth=20
2026-10-09T12:12:28.449+08:00 [INFO] gRPC GetRecentTrades: symbol=BTC/USDT, limit=10
2026-10-09T12:12:28.449+08:00 [INFO] gRPC GetTicker: symbol=BTC/USDT
2026-10-09T12:12:28.765+08:00 [INFO] gRPC GetOrderBook: symbol=ETH/USDT, depth=20
2026-10-09T12:12:28.765+08:00 [INFO] gRPC GetRecentTrades: symbol=ETH/USDT, limit=10
2026-10-09T12:12:28.766+08:00 [INFO] gRPC GetTicker: symbol=ETH/USDT
2026-10-09T12:12:29.030+08:00 [INFO] gRPC GetOrderBook: symbol=BNB/USDT, depth=20
2026-10-09T12:12:29.030+08:00 [INFO] gRPC GetRecentTrades: symbol=BNB/USDT, limit=10
2026-10-09T12:12:29.031+08:00 [INFO] gRPC GetTicker: symbol=BNB/USDT
2026-10-09T12:12:29.448+08:00 [INFO] gRPC GetOrderBook: symbol=BTC/USDT, depth=20
2026-10-09T12:12:29.448+08:00 [INFO] gRPC GetRecentTrades: symbol=BTC/USDT, limit=10
2026-10-09T12:12:29.449+08:00 [INFO] gRPC GetTicker: symbol=BTC/USDT
2026-10-09T12:12:29.673+08:00 [INFO] gRPC GetOrderBook: symbol=ETH/USDT, depth=20
2026-10-09T12:12:29.675+08:00 [INFO] gRPC GetRecentTrades: symbol=ETH/USDT, limit=10
2026-10-09T12:12:29.676+08:00 [INFO] gRPC GetTicker: symbol=ETH/USDT
2026-10-09T12:12:29.993+08:00 [INFO] gRPC GetOrderBook: symbol=BNB/USDT, depth=20
2026-10-09T12:12:29.994+08:00 [INFO] gRPC GetRecentTrades: symbol=BNB/USDT, limit=10
2026-10-09T12:12:29.994+08:00 [INFO] gRPC GetTicker: symbol=BNB/USDT
2026-10-09T12:12:30.448+08:00 [INFO] gRPC GetOrderBook: symbol=BTC/USDT, depth=20
2026-10-09T12:12:30.449+08:00 [INFO] gRPC GetRecentTrades: symbol=BTC/USDT, limit=10
2026-10-09T12:12:30.449+08:00 [INFO] gRPC GetTicker: symbol=BTC/USDT
2026-10-09T12:12:31.145+08:00 [INFO] gRPC GetOrderBook: symbol=ETH/USDT, depth=20
2026-10-09T12:12:31.145+08:00 [INFO] gRPC GetRecentTrades: symbol=ETH/USDT, limit=10
2026-10-09T12:12:31.146+08:00 [INFO] gRPC GetTicker: symbol=ETH/USDT
2026-10-09T12:12:31.369+08:00 [INFO] gRPC GetOrderBook: symbol=BNB/USDT, depth=20
2026-10-09T12:12:31.370+08:00 [INFO] gRPC GetRecentTrades: symbol=BNB/USDT, limit=10
2026-10-09T12:12:31.370+08:00 [INFO] gRPC GetTicker: symbol=BNB/USDT
2026-10-09T12:12:31.591+08:00 [INFO] gRPC GetOrderBook: symbol=ETH/USDT, depth=20
2026-10-09T12:12:31.592+08:00 [INFO] gRPC GetRecentTrades: symbol=ETH/USDT, limit=10
2026-10-09T12:12:31.592+08:00 [INFO] gRPC GetTicker: symbol=ETH/USDT
2026-10-09T12:12:31.837+08:00 [INFO] gRPC GetOrderBook: symbol=BNB/USDT, depth=20
2026-10-09T12:12:31.838+08:00 [INFO] gRPC GetRecentTrades: symbol=BNB/USDT, limit=10
2026-10-09T12:12:31.838+08:00 [INFO] gRPC GetTicker: symbol=BNB/USDT
2026-10-09T12:12:32.065+08:00 [INFO] gRPC GetOrderBook: symbol=BTC/USDT, depth=20
2026-10-09T12:12:32.066+08:00 [INFO] gRPC GetRecentTrades: symbol=BTC/USDT, limit=10
2026-10-09T12:12:32.066+08:00 [INFO] gRPC GetTicker: symbol=BTC/USDT
2026-10-09T12:12:32.448+08:00 [INFO] gRPC GetOrderBook: symbol=ETH/USDT, depth=20
2026-10-09T12:12:32.448+08:00 [INFO] gRPC GetRecentTrades: symbol=ETH/USDT, limit=10
2026-10-09T12:12:32.449+08:00 [INFO] gRPC GetTicker: symbol=ETH/USDT
2026-10-09T12:12:32.672+08:00 [INFO] gRPC GetOrderBook: symbol=BNB/USDT, depth=20
2026-10-09T12:12:32.673+08:00 [INFO] gRPC GetRecentTrades: symbol=BNB/USDT, limit=10
2026-10-09T12:12:32.673+08:00 [INFO] gRPC GetTicker: symbol=BNB/USDT
2026-10-09T12:12:32.892+08:00 [INFO] gRPC GetOrderBook: symbol=BTC/USDT, depth=20
2026-10-09T12:12:32.892+08:00 [INFO] gRPC GetRecentTrades: symbol=BTC/USDT, limit=10
2026-10-09T12:12:32.893+08:00 [INFO] gRPC GetTicker: symbol=BTC/USDT
2026-10-09T12:12:33.448+08:00 [INFO] gRPC GetOrderBook: symbol=BTC/USDT, depth=20
2026-10-09T12:12:33.449+08:00 [INFO] gRPC GetRecentTrades: symbol=BTC/USDT, limit=10
2026-10-09T12:12:33.449+08:00 [INFO] gRPC GetTicker: symbol=BTC/USDT
2026-10-09T12:12:33.683+08:00 [INFO] gRPC GetOrderBook: symbol=ETH/USDT, depth=20
2026-10-09T12:12:33.683+08:00 [INFO] gRPC GetRecentTrades: symbol=ETH/USDT, limit=10
2026-10-09T12:12:33.684+08:00 [INFO] gRPC GetTicker: symbol=ETH/USDT
2026-10-09T12:12:33.911+08:00 [INFO] gRPC GetOrderBook: symbol=BNB/USDT, depth=20
2026-10-09T12:12:33.911+08:00 [INFO] gRPC GetRecentTrades: symbol=BNB/USDT, limit=10
2026-10-09T12:12:33.911+08:00 [INFO] gRPC GetTicker: symbol=BNB/USDT
2026-10-09T12:12:34.449+08:00 [INFO] gRPC GetOrderBook: symbol=BTC/USDT, depth=20
2026-10-09T12:12:34.453+08:00 [INFO] gRPC GetRecentTrades: symbol=BTC/USDT, limit=10
2026-10-09T12:12:34.453+08:00 [INFO] gRPC GetTicker: symbol=BTC/USDT
2026-10-09T12:12:34.688+08:00 [INFO] gRPC GetOrderBook: symbol=ETH/USDT, depth=20
2026-10-09T12:12:34.688+08:00 [INFO] gRPC GetRecentTrades: symbol=ETH/USDT, limit=10
2026-10-09T12:12:34.689+08:00 [INFO] gRPC GetTicker: symbol=ETH/USDT
2026-10-09T12:12:35.012+08:00 [INFO] gRPC GetOrderBook: symbol=BNB/USDT, depth=20
2026-10-09T12:12:35.013+08:00 [INFO] gRPC GetRecentTrades: symbol=BNB/USDT, limit=10
2026-10-09T12:12:35.017+08:00 [INFO] gRPC GetTicker: symbol=BNB/USDT
2026-10-09T12:12:35.447+08:00 [INFO] gRPC GetOrderBook: symbol=BNB/USDT, depth=20
2026-10-09T12:12:35.448+08:00 [INFO] gRPC GetRecentTrades: symbol=BNB/USDT, limit=10
2026-10-09T12:12:35.448+08:00 [INFO] gRPC GetTicker: symbol=BNB/USDT
2026-10-09T12:12:36.336+08:00 [INFO] gRPC GetOrderBook: symbol=BTC/USDT, depth=20
2026-10-09T12:12:36.336+08:00 [INFO] gRPC GetRecentTrades: symbol=BTC/USDT, limit=10
2026-10-09T12:12:36.336+08:00 [INFO] gRPC GetTicker: symbol=BTC/USDT
2026-10-09T12:12:36.561+08:00 [INFO] gRPC GetOrderBook: symbol=ETH/USDT, depth=20
2026-10-09T12:12:36.561+08:00 [INFO] gRPC GetRecentTrades: symbol=ETH/USDT, limit=10
2026-10-09T12:12:36.562+08:00 [INFO] gRPC GetTicker: symbol=ETH/USDT
2026-10-09T12:12:36.822+08:00 [INFO] gRPC GetOrderBook: symbol=ETH/USDT, depth=20
2026-10-09T12:12:36.823+08:00 [INFO] gRPC GetRecentTrades: symbol=ETH/USDT, limit=10
2026-10-09T12:12:36.825+08:00 [INFO] gRPC GetTicker: symbol=ETH/USDT
2026-10-09T12:12:37.198+08:00 [INFO] gRPC GetOrderBook: symbol=BNB/USDT, depth=20
2026-10-09T12:12:37.199+08:00 [INFO] gRPC GetRecentTrades: symbol=BNB/USDT, limit=10
2026-10-09T12:12:37.199+08:00 [INFO] gRPC GetTicker: symbol=BNB/USDT
2026-10-09T12:12:37.425+08:00 [INFO] gRPC GetOrderBook: symbol=BTC/USDT, depth=20
2026-10-09T12:12:37.425+08:00 [INFO] gRPC GetRecentTrades: symbol=BTC/USDT, limit=10
2026-10-09T12:12:37.426+08:00 [INFO] gRPC GetTicker: symbol=BTC/USDT
2026-10-09T12:12:37.721+08:00 [INFO] gRPC GetOrderBook: symbol=ETH/USDT, depth=20
2026-10-09T12:12:37.721+08:00 [INFO] gRPC GetRecentTrades: symbol=ETH/USDT, limit=10
2026-10-09T12:12:37.722+08:00 [INFO] gRPC GetTicker: symbol=ETH/USDT
2026-10-09T12:12:37.944+08:00 [INFO] gRPC GetOrderBook: symbol=BNB/USDT, depth=20
2026-10-09T12:12:37.945+08:00 [INFO] gRPC GetRecentTrades: symbol=BNB/USDT, limit=10
2026-10-09T12:12:37.945+08:00 [INFO] gRPC GetTicker: symbol=BNB/USDT
2026-10-09T12:12:38.291+08:00 [INFO] gRPC GetOrderBook: symbol=BTC/USDT, depth=20
2026-10-09T12:12:38.292+08:00 [INFO] gRPC GetRecentTrades: symbol=BTC/USDT, limit=10
2026-10-09T12:12:38.292+08:00 [INFO] gRPC GetTicker: symbol=BTC/USDT
2026-10-09T12:12:38.519+08:00 [INFO] gRPC GetOrderBook: symbol=BNB/USDT, depth=20
2026-10-09T12:12:38.519+08:00 [INFO] gRPC GetRecentTrades: symbol=BNB/USDT, limit=10
2026-10-09T12:12:38.519+08:00 [INFO] gRPC GetTicker: symbol=BNB/USDT
2026-10-09T12:12:39.340+08:00 [INFO] gRPC GetOrderBook: symbol=BTC/USDT, depth=20
2026-10-09T12:12:39.341+08:00 [INFO] gRPC GetRecentTrades: symbol=BTC/USDT, limit=10
2026-10-09T12:12:39.342+08:00 [INFO] gRPC GetTicker: symbol=BTC/USDT
2026-10-09T12:12:39.564+08:00 [INFO] gRPC GetOrderBook: symbol=ETH/USDT, depth=20
2026-10-09T12:12:39.564+08:00 [INFO] gRPC GetRecentTrades: symbol=ETH/USDT, limit=10
2026-10-09T12:12:39.565+08:00 [INFO] gRPC GetTicker: symbol=ETH/USDT
2026-10-09T12:12:39.864+08:00 [INFO] gRPC GetOrderBook: symbol=BTC/USDT, depth=20
2026-10-09T12:12:39.865+08:00 [INFO] gRPC GetRecentTrades: symbol=BTC/USDT, limit=10
2026-10-09T12:12:39.866+08:00 [INFO] gRPC GetTicker: symbol=BTC/USDT
2026-10-09T12:12:40.091+08:00 [INFO] gRPC GetOrderBook: symbol=ETH/USDT, depth=20
2026-10-09T12:12:40.092+08:00 [INFO] gRPC GetRecentTrades: symbol=ETH/USDT, limit=10
2026-10-09T12:12:40.092+08:00 [INFO] gRPC GetTicker: symbol=ETH/USDT
2026-10-09T12:12:40.389+08:00 [INFO] gRPC GetOrderBook: symbol=BNB/USDT, depth=20
2026-10-09T12:12:40.389+08:00 [INFO] gRPC GetRecentTrades: symbol=BNB/USDT, limit=10
2026-10-09T12:12:40.393+08:00 [INFO] gRPC GetTicker: symbol=BNB/USDT
2026-10-09T12:12:40.616+08:00 [INFO] gRPC GetOrderBook: symbol=BNB/USDT, depth=20
2026-10-09T12:12:40.617+08:00 [INFO] gRPC GetRecentTrades: symbol=BNB/USDT, limit=10
2026-10-09T12:12:40.618+08:00 [INFO] gRPC GetTicker: symbol=BNB/USDT
2026-10-09T12:12:40.913+08:00 [INFO] gRPC GetOrderBook: symbol=BTC/USDT, depth=20
2026-10-09T12:12:40.913+08:00 [INFO] gRPC GetRecentTrades: symbol=BTC/USDT, limit=10
2026-10-09T12:12:40.914+08:00 [INFO] gRPC GetTicker: symbol=BTC/USDT
2026-10-09T12:12:41.136+08:00 [INFO] gRPC GetOrderBook: symbol=ETH/USDT, depth=20
2026-10-09T12:12:41.136+08:00 [INFO] gRPC GetRecentTrades: symbol=ETH/USDT, limit=10
2026-10-09T12:12:41.137+08:00 [INFO] gRPC GetTicker: symbol=ETH/USDT
2026-10-09T12:12:41.447+08:00 [INFO] gRPC GetOrderBook: symbol=BTC/USDT, depth=20
2026-10-09T12:12:41.448+08:00 [INFO] gRPC GetRecentTrades: symbol=BTC/USDT, limit=10
2026-10-09T12:12:41.449+08:00 [INFO] gRPC GetTicker: symbol=BTC/USDT
2026-10-09T12:12:41.903+08:00 [INFO] gRPC GetOrderBook: symbol=ETH/USDT, depth=20
2026-10-09T12:12:41.904+08:00 [INFO] gRPC GetRecentTrades: symbol=ETH/USDT, limit=10
2026-10-09T12:12:41.904+08:00 [INFO] gRPC GetTicker: symbol=ETH/USDT
2026-10-09T12:12:42.143+08:00 [INFO] gRPC GetOrderBook: symbol=BNB/USDT, depth=20
2026-10-09T12:12:42.144+08:00 [INFO] gRPC GetRecentTrades: symbol=BNB/USDT, limit=10
2026-10-09T12:12:42.144+08:00 [INFO] gRPC GetTicker: symbol=BNB/USDT
2026-10-09T12:12:42.486+08:00 [INFO] gRPC GetOrderBook: symbol=BTC/USDT, depth=20
2026-10-09T12:12:42.487+08:00 [INFO] gRPC GetRecentTrades: symbol=BTC/USDT, limit=10
2026-10-09T12:12:42.487+08:00 [INFO] gRPC GetTicker: symbol=BTC/USDT
2026-10-09T12:12:42.709+08:00 [INFO] gRPC GetOrderBook: symbol=ETH/USDT, depth=20
2026-10-09T12:12:42.710+08:00 [INFO] gRPC GetRecentTrades: symbol=ETH/USDT, limit=10
2026-10-09T12:12:42.710+08:00 [INFO] gRPC GetTicker: symbol=ETH/USDT
2026-10-09T12:12:43.011+08:00 [INFO] gRPC GetOrderBook: symbol=BNB/USDT, depth=20
2026-10-09T12:12:43.012+08:00 [INFO] gRPC GetRecentTrades: symbol=BNB/USDT, limit=10
2026-10-09T12:12:43.012+08:00 [INFO] gRPC GetTicker: symbol=BNB/USDT
2026-10-09T12:12:43.448+08:00 [INFO] gRPC GetOrderBook: symbol=BTC/USDT, depth=20
2026-10-09T12:12:43.449+08:00 [INFO] gRPC GetRecentTrades: symbol=BTC/USDT, limit=10
2026-10-09T12:12:43.450+08:00 [INFO] gRPC GetTicker: symbol=BTC/USDT
2026-10-09T12:12:43.755+08:00 [INFO] gRPC GetOrderBook: symbol=ETH/USDT, depth=20
2026-10-09T12:12:43.755+08:00 [INFO] gRPC GetRecentTrades: symbol=ETH/USDT, limit=10
2026-10-09T12:12:43.758+08:00 [INFO] gRPC GetTicker: symbol=ETH/USDT
2026-10-09T12:12:44.000+08:00 [INFO] gRPC GetOrderBook: symbol=BNB/USDT, depth=20
2026-10-09T12:12:44.002+08:00 [INFO] gRPC GetRecentTrades: symbol=BNB/USDT, limit=10
2026-10-09T12:12:44.003+08:00 [INFO] gRPC GetTicker: symbol=BNB/USDT
2026-10-09T12:12:44.448+08:00 [INFO] gRPC GetOrderBook: symbol=BTC/USDT, depth=20
2026-10-09T12:12:44.449+08:00 [INFO] gRPC GetRecentTrades: symbol=BTC/USDT, limit=10
2026-10-09T12:12:44.449+08:00 [INFO] gRPC GetTicker: symbol=BTC/USDT
2026-10-09T12:12:44.747+08:00 [INFO] gRPC GetOrderBook: symbol=ETH/USDT, depth=20
2026-10-09T12:12:44.747+08:00 [INFO] gRPC GetRecentTrades: symbol=ETH/USDT, limit=10
2026-10-09T12:12:44.748+08:00 [INFO] gRPC GetTicker: symbol=ETH/USDT
2026-10-09T12:12:45.045+08:00 [INFO] gRPC GetOrderBook: symbol=BNB/USDT, depth=20
2026-10-09T12:12:45.045+08:00 [INFO] gRPC GetRecentTrades: symbol=BNB/USDT, limit=10
2026-10-09T12:12:45.046+08:00 [INFO] gRPC GetTicker: symbol=BNB/USDT
2026-10-09T12:12:45.448+08:00 [INFO] gRPC GetOrderBook: symbol=BNB/USDT, depth=20
2026-10-09T12:12:45.448+08:00 [INFO] gRPC GetRecentTrades: symbol=BNB/USDT, limit=10
2026-10-09T12:12:45.448+08:00 [INFO] gRPC GetTicker: symbol=BNB/USDT
2026-10-09T12:12:45.791+08:00 [INFO] gRPC GetOrderBook: symbol=BTC/USDT, depth=20
2026-10-09T12:12:45.793+08:00 [INFO] gRPC GetRecentTrades: symbol=BTC/USDT, limit=10
2026-10-09T12:12:45.794+08:00 [INFO] gRPC GetTicker: symbol=BTC/USDT
2026-10-09T12:12:46.622+08:00 [INFO] gRPC GetOrderBook: symbol=ETH/USDT, depth=20
2026-10-09T12:12:46.623+08:00 [INFO] gRPC GetRecentTrades: symbol=ETH/USDT, limit=10
2026-10-09T12:12:46.623+08:00 [INFO] gRPC GetTicker: symbol=ETH/USDT
2026-10-09T12:12:47.342+08:00 [INFO] gRPC GetOrderBook: symbol=BNB/USDT, depth=20
2026-10-09T12:12:47.343+08:00 [INFO] gRPC GetRecentTrades: symbol=BNB/USDT, limit=10
2026-10-09T12:12:47.343+08:00 [INFO] gRPC GetTicker: symbol=BNB/USDT
2026-10-09T12:12:47.670+08:00 [INFO] gRPC GetOrderBook: symbol=BTC/USDT, depth=20
2026-10-09T12:12:47.671+08:00 [INFO] gRPC GetRecentTrades: symbol=BTC/USDT, limit=10
2026-10-09T12:12:47.671+08:00 [INFO] gRPC GetTicker: symbol=BTC/USDT
2026-10-09T12:12:47.896+08:00 [INFO] gRPC GetOrderBook: symbol=ETH/USDT, depth=20
2026-10-09T12:12:47.896+08:00 [INFO] gRPC GetRecentTrades: symbol=ETH/USDT, limit=10
2026-10-09T12:12:47.897+08:00 [INFO] gRPC GetTicker: symbol=ETH/USDT
2026-10-09T12:12:48.195+08:00 [INFO] gRPC GetOrderBook: symbol=BNB/USDT, depth=20
2026-10-09T12:12:48.195+08:00 [INFO] gRPC GetRecentTrades: symbol=BNB/USDT, limit=10
2026-10-09T12:12:48.196+08:00 [INFO] gRPC GetTicker: symbol=BNB/USDT
2026-10-09T12:12:48.442+08:00 [INFO] gRPC GetOrderBook: symbol=BTC/USDT, depth=20
2026-10-09T12:12:48.442+08:00 [INFO] gRPC GetRecentTrades: symbol=BTC/USDT, limit=10
2026-10-09T12:12:48.443+08:00 [INFO] gRPC GetTicker: symbol=BTC/USDT
2026-10-09T12:12:48.718+08:00 [INFO] gRPC GetOrderBook: symbol=ETH/USDT, depth=20
2026-10-09T12:12:48.718+08:00 [INFO] gRPC GetRecentTrades: symbol=ETH/USDT, limit=10
2026-10-09T12:12:48.719+08:00 [INFO] gRPC GetTicker: symbol=ETH/USDT
2026-10-09T12:12:48.943+08:00 [INFO] gRPC GetOrderBook: symbol=ETH/USDT, depth=20
2026-10-09T12:12:48.944+08:00 [INFO] gRPC GetRecentTrades: symbol=ETH/USDT, limit=10
2026-10-09T12:12:48.945+08:00 [INFO] gRPC GetTicker: symbol=ETH/USDT
2026-10-09T12:12:49.241+08:00 [INFO] gRPC GetOrderBook: symbol=BNB/USDT, depth=20
2026-10-09T12:12:49.242+08:00 [INFO] gRPC GetRecentTrades: symbol=BNB/USDT, limit=10
2026-10-09T12:12:49.242+08:00 [INFO] gRPC GetTicker: symbol=BNB/USDT
2026-10-09T12:12:49.470+08:00 [INFO] gRPC GetOrderBook: symbol=BTC/USDT, depth=20
2026-10-09T12:12:49.471+08:00 [INFO] gRPC GetRecentTrades: symbol=BTC/USDT, limit=10
2026-10-09T12:12:49.472+08:00 [INFO] gRPC GetTicker: symbol=BTC/USDT
2026-10-09T12:12:49.767+08:00 [INFO] gRPC GetOrderBook: symbol=BTC/USDT, depth=20
2026-10-09T12:12:49.771+08:00 [INFO] gRPC GetRecentTrades: symbol=BTC/USDT, limit=10
2026-10-09T12:12:49.772+08:00 [INFO] gRPC GetTicker: symbol=BTC/USDT
2026-10-09T12:12:50.020+08:00 [INFO] gRPC GetOrderBook: symbol=ETH/USDT, depth=20
2026-10-09T12:12:50.021+08:00 [INFO] gRPC GetRecentTrades: symbol=ETH/USDT, limit=10
2026-10-09T12:12:50.022+08:00 [INFO] gRPC GetTicker: symbol=ETH/USDT
2026-10-09T12:12:50.292+08:00 [INFO] gRPC GetOrderBook: symbol=BNB/USDT, depth=20
2026-10-09T12:12:50.292+08:00 [INFO] gRPC GetRecentTrades: symbol=BNB/USDT, limit=10
2026-10-09T12:12:50.292+08:00 [INFO] gRPC GetTicker: symbol=BNB/USDT
2026-10-09T12:12:50.518+08:00 [INFO] gRPC GetOrderBook: symbol=BTC/USDT, depth=20
2026-10-09T12:12:50.518+08:00 [INFO] gRPC GetRecentTrades: symbol=BTC/USDT, limit=10
2026-10-09T12:12:50.519+08:00 [INFO] gRPC GetTicker: symbol=BTC/USDT
2026-10-09T12:12:50.816+08:00 [INFO] gRPC GetOrderBook: symbol=ETH/USDT, depth=20
2026-10-09T12:12:50.818+08:00 [INFO] gRPC GetRecentTrades: symbol=ETH/USDT, limit=10
2026-10-09T12:12:50.820+08:00 [INFO] gRPC GetTicker: symbol=ETH/USDT
2026-10-09T12:12:51.042+08:00 [INFO] gRPC GetOrderBook: symbol=BNB/USDT, depth=20
2026-10-09T12:12:51.043+08:00 [INFO] gRPC GetRecentTrades: symbol=BNB/USDT, limit=10
2026-10-09T12:12:51.043+08:00 [INFO] gRPC GetTicker: symbol=BNB/USDT
2026-10-09T12:12:51.447+08:00 [INFO] gRPC GetOrderBook: symbol=BTC/USDT, depth=20
2026-10-09T12:12:51.447+08:00 [INFO] gRPC GetRecentTrades: symbol=BTC/USDT, limit=10
2026-10-09T12:12:51.448+08:00 [INFO] gRPC GetTicker: symbol=BTC/USDT
2026-10-09T12:12:51.672+08:00 [INFO] gRPC GetOrderBook: symbol=ETH/USDT, depth=20
2026-10-09T12:12:51.673+08:00 [INFO] gRPC GetRecentTrades: symbol=ETH/USDT, limit=10
2026-10-09T12:12:51.673+08:00 [INFO] gRPC GetTicker: symbol=ETH/USDT
2026-10-09T12:12:51.900+08:00 [INFO] gRPC GetOrderBook: symbol=BNB/USDT, depth=20
2026-10-09T12:12:51.902+08:00 [INFO] gRPC GetRecentTrades: symbol=BNB/USDT, limit=10
2026-10-09T12:12:51.902+08:00 [INFO] gRPC GetTicker: symbol=BNB/USDT
2026-10-09T12:12:52.448+08:00 [INFO] gRPC GetOrderBook: symbol=BTC/USDT, depth=20
2026-10-09T12:12:52.448+08:00 [INFO] gRPC GetRecentTrades: symbol=BTC/USDT, limit=10
2026-10-09T12:12:52.449+08:00 [INFO] gRPC GetTicker: symbol=BTC/USDT
2026-10-09T12:12:52.670+08:00 [INFO] gRPC GetOrderBook: symbol=ETH/USDT, depth=20
2026-10-09T12:12:52.671+08:00 [INFO] gRPC GetRecentTrades: symbol=ETH/USDT, limit=10
2026-10-09T12:12:52.672+08:00 [INFO] gRPC GetTicker: symbol=ETH/USDT
2026-10-09T12:12:52.912+08:00 [INFO] gRPC GetOrderBook: symbol=BNB/USDT, depth=20
2026-10-09T12:12:52.913+08:00 [INFO] gRPC GetRecentTrades: symbol=BNB/USDT, limit=10
2026-10-09T12:12:52.913+08:00 [INFO] gRPC GetTicker: symbol=BNB/USDT
2026-10-09T12:12:53.448+08:00 [INFO] gRPC GetOrderBook: symbol=BNB/USDT, depth=20
2026-10-09T12:12:53.448+08:00 [INFO] gRPC GetRecentTrades: symbol=BNB/USDT, limit=10
2026-10-09T12:12:53.448+08:00 [INFO] gRPC GetTicker: symbol=BNB/USDT
2026-10-09T12:12:53.674+08:00 [INFO] gRPC GetOrderBook: symbol=BTC/USDT, depth=20
2026-10-09T12:12:53.675+08:00 [INFO] gRPC GetRecentTrades: symbol=BTC/USDT, limit=10
2026-10-09T12:12:53.675+08:00 [INFO] gRPC GetTicker: symbol=BTC/USDT
2026-10-09T12:12:53.959+08:00 [INFO] gRPC GetOrderBook: symbol=ETH/USDT, depth=20
2026-10-09T12:12:53.959+08:00 [INFO] gRPC GetRecentTrades: symbol=ETH/USDT, limit=10
2026-10-09T12:12:53.960+08:00 [INFO] gRPC GetTicker: symbol=ETH/USDT
2026-10-09T12:12:54.448+08:00 [INFO] gRPC GetOrderBook: symbol=BTC/USDT, depth=20
2026-10-09T12:12:54.448+08:00 [INFO] gRPC GetRecentTrades: symbol=BTC/USDT, limit=10
2026-10-09T12:12:54.449+08:00 [INFO] gRPC GetTicker: symbol=BTC/USDT
2026-10-09T12:12:54.704+08:00 [INFO] gRPC GetOrderBook: symbol=ETH/USDT, depth=20
2026-10-09T12:12:54.706+08:00 [INFO] gRPC GetRecentTrades: symbol=ETH/USDT, limit=10
2026-10-09T12:12:54.706+08:00 [INFO] gRPC GetTicker: symbol=ETH/USDT
2026-10-09T12:12:55.010+08:00 [INFO] gRPC GetOrderBook: symbol=BNB/USDT, depth=20
2026-10-09T12:12:55.010+08:00 [INFO] gRPC GetRecentTrades: symbol=BNB/USDT, limit=10
2026-10-09T12:12:55.011+08:00 [INFO] gRPC GetTicker: symbol=BNB/USDT
2026-10-09T12:12:55.447+08:00 [INFO] gRPC GetOrderBook: symbol=BTC/USDT, depth=20
2026-10-09T12:12:55.448+08:00 [INFO] gRPC GetRecentTrades: symbol=BTC/USDT, limit=10
2026-10-09T12:12:55.449+08:00 [INFO] gRPC GetTicker: symbol=BTC/USDT
2026-10-09T12:12:55.758+08:00 [INFO] gRPC GetOrderBook: symbol=ETH/USDT, depth=20
2026-10-09T12:12:55.758+08:00 [INFO] gRPC GetRecentTrades: symbol=ETH/USDT, limit=10
2026-10-09T12:12:55.759+08:00 [INFO] gRPC GetTicker: symbol=ETH/USDT
2026-10-09T12:12:56.058+08:00 [INFO] gRPC GetOrderBook: symbol=BNB/USDT, depth=20
2026-10-09T12:12:56.059+08:00 [INFO] gRPC GetRecentTrades: symbol=BNB/USDT, limit=10
2026-10-09T12:12:56.059+08:00 [INFO] gRPC GetTicker: symbol=BNB/USDT
2026-10-09T12:12:56.448+08:00 [INFO] gRPC GetOrderBook: symbol=BTC/USDT, depth=20
2026-10-09T12:12:56.448+08:00 [INFO] gRPC GetRecentTrades: symbol=BTC/USDT, limit=10
2026-10-09T12:12:56.448+08:00 [INFO] gRPC GetTicker: symbol=BTC/USDT
2026-10-09T12:12:56.679+08:00 [INFO] gRPC GetOrderBook: symbol=ETH/USDT, depth=20
2026-10-09T12:12:56.680+08:00 [INFO] gRPC GetRecentTrades: symbol=ETH/USDT, limit=10
2026-10-09T12:12:56.680+08:00 [INFO] gRPC GetTicker: symbol=ETH/USDT
2026-10-09T12:12:56.905+08:00 [INFO] gRPC GetOrderBook: symbol=BNB/USDT, depth=20
2026-10-09T12:12:56.906+08:00 [INFO] gRPC GetRecentTrades: symbol=BNB/USDT, limit=10
2026-10-09T12:12:56.906+08:00 [INFO] gRPC GetTicker: symbol=BNB/USDT
2026-10-09T12:12:57.448+08:00 [INFO] gRPC GetOrderBook: symbol=BNB/USDT, depth=20
2026-10-09T12:12:57.448+08:00 [INFO] gRPC GetRecentTrades: symbol=BNB/USDT, limit=10
2026-10-09T12:12:57.448+08:00 [INFO] gRPC GetTicker: symbol=BNB/USDT
2026-10-09T12:12:57.677+08:00 [INFO] gRPC GetOrderBook: symbol=BTC/USDT, depth=20
2026-10-09T12:12:57.678+08:00 [INFO] gRPC GetRecentTrades: symbol=BTC/USDT, limit=10
2026-10-09T12:12:57.678+08:00 [INFO] gRPC GetTicker: symbol=BTC/USDT
2026-10-09T12:12:57.903+08:00 [INFO] gRPC GetOrderBook: symbol=ETH/USDT, depth=20
2026-10-09T12:12:57.903+08:00 [INFO] gRPC GetRecentTrades: symbol=ETH/USDT, limit=10
2026-10-09T12:12:57.904+08:00 [INFO] gRPC GetTicker: symbol=ETH/USDT
2026-10-09T12:12:58.447+08:00 [INFO] gRPC GetOrderBook: symbol=BNB/USDT, depth=20
2026-10-09T12:12:58.448+08:00 [INFO] gRPC GetRecentTrades: symbol=BNB/USDT, limit=10
2026-10-09T12:12:58.448+08:00 [INFO] gRPC GetTicker: symbol=BNB/USDT
2026-10-09T12:12:59.204+08:00 [INFO] gRPC GetOrderBook: symbol=BTC/USDT, depth=20
2026-10-09T12:12:59.205+08:00 [INFO] gRPC GetRecentTrades: symbol=BTC/USDT, limit=10
2026-10-09T12:12:59.206+08:00 [INFO] gRPC GetTicker: symbol=BTC/USDT
2026-10-09T12:12:59.428+08:00 [INFO] gRPC GetOrderBook: symbol=ETH/USDT, depth=20
2026-10-09T12:12:59.429+08:00 [INFO] gRPC GetRecentTrades: symbol=ETH/USDT, limit=10
2026-10-09T12:12:59.429+08:00 [INFO] gRPC GetTicker: symbol=ETH/USDT
2026-10-09T12:12:59.729+08:00 [INFO] gRPC GetOrderBook: symbol=BTC/USDT, depth=20
2026-10-09T12:12:59.730+08:00 [INFO] gRPC GetRecentTrades: symbol=BTC/USDT, limit=10
2026-10-09T12:12:59.730+08:00 [INFO] gRPC GetTicker: symbol=BTC/USDT
2026-10-09T12:12:59.954+08:00 [INFO] gRPC GetOrderBook: symbol=ETH/USDT, depth=20
2026-10-09T12:12:59.955+08:00 [INFO] gRPC GetRecentTrades: symbol=ETH/USDT, limit=10
2026-10-09T12:12:59.955+08:00 [INFO] gRPC GetTicker: symbol=ETH/USDT
2026-10-09T12:13:00.654+08:00 [INFO] gRPC GetOrderBook: symbol=BNB/USDT, depth=20
2026-10-09T12:13:00.654+08:00 [INFO] gRPC GetRecentTrades: symbol=BNB/USDT, limit=10
2026-10-09T12:13:00.655+08:00 [INFO] gRPC GetTicker: symbol=BNB/USDT
2026-10-09T12:13:00.882+08:00 [INFO] gRPC GetOrderBook: symbol=ETH/USDT, depth=20
2026-10-09T12:13:00.886+08:00 [INFO] gRPC GetRecentTrades: symbol=ETH/USDT, limit=10
2026-10-09T12:13:00.888+08:00 [INFO] gRPC GetTicker: symbol=ETH/USDT
2026-10-09T12:13:01.111+08:00 [INFO] gRPC GetOrderBook: symbol=BNB/USDT, depth=20
2026-10-09T12:13:01.111+08:00 [INFO] gRPC GetRecentTrades: symbol=BNB/USDT, limit=10
2026-10-09T12:13:01.111+08:00 [INFO] gRPC GetTicker: symbol=BNB/USDT
2026-10-09T12:13:01.334+08:00 [INFO] gRPC GetOrderBook: symbol=BTC/USDT, depth=20
2026-10-09T12:13:01.335+08:00 [INFO] gRPC GetRecentTrades: symbol=BTC/USDT, limit=10
2026-10-09T12:13:01.335+08:00 [INFO] gRPC GetTicker: symbol=BTC/USDT
2026-10-09T12:13:01.557+08:00 [INFO] gRPC GetOrderBook: symbol=BTC/USDT, depth=20
2026-10-09T12:13:01.558+08:00 [INFO] gRPC GetRecentTrades: symbol=BTC/USDT, limit=10
2026-10-09T12:13:01.558+08:00 [INFO] gRPC GetTicker: symbol=BTC/USDT
2026-10-09T12:13:01.826+08:00 [INFO] gRPC GetOrderBook: symbol=ETH/USDT, depth=20
2026-10-09T12:13:01.827+08:00 [INFO] gRPC GetRecentTrades: symbol=ETH/USDT, limit=10
2026-10-09T12:13:01.827+08:00 [INFO] gRPC GetTicker: symbol=ETH/USDT
2026-10-09T12:13:02.056+08:00 [INFO] gRPC GetOrderBook: symbol=BNB/USDT, depth=20
2026-10-09T12:13:02.057+08:00 [INFO] gRPC GetRecentTrades: symbol=BNB/USDT, limit=10
2026-10-09T12:13:02.057+08:00 [INFO] gRPC GetTicker: symbol=BNB/USDT
2026-10-09T12:13:02.447+08:00 [INFO] gRPC GetOrderBook: symbol=ETH/USDT, depth=20
2026-10-09T12:13:02.448+08:00 [INFO] gRPC GetRecentTrades: symbol=ETH/USDT, limit=10
2026-10-09T12:13:02.449+08:00 [INFO] gRPC GetTicker: symbol=ETH/USDT
2026-10-09T12:13:02.673+08:00 [INFO] gRPC GetOrderBook: symbol=BNB/USDT, depth=20
2026-10-09T12:13:02.674+08:00 [INFO] gRPC GetRecentTrades: symbol=BNB/USDT, limit=10
2026-10-09T12:13:02.674+08:00 [INFO] gRPC GetTicker: symbol=BNB/USDT
2026-10-09T12:13:02.905+08:00 [INFO] gRPC GetOrderBook: symbol=BTC/USDT, depth=20
2026-10-09T12:13:02.906+08:00 [INFO] gRPC GetRecentTrades: symbol=BTC/USDT, limit=10
2026-10-09T12:13:02.906+08:00 [INFO] gRPC GetTicker: symbol=BTC/USDT
2026-10-09T12:13:03.449+08:00 [INFO] gRPC GetOrderBook: symbol=BTC/USDT, depth=20
2026-10-09T12:13:03.449+08:00 [INFO] gRPC GetRecentTrades: symbol=BTC/USDT, limit=10
2026-10-09T12:13:03.450+08:00 [INFO] gRPC GetTicker: symbol=BTC/USDT
2026-10-09T12:13:03.676+08:00 [INFO] gRPC GetOrderBook: symbol=ETH/USDT, depth=20
2026-10-09T12:13:03.676+08:00 [INFO] gRPC GetRecentTrades: symbol=ETH/USDT, limit=10
2026-10-09T12:13:03.677+08:00 [INFO] gRPC GetTicker: symbol=ETH/USDT
2026-10-09T12:13:04.448+08:00 [INFO] gRPC GetOrderBook: symbol=BNB/USDT, depth=20
2026-10-09T12:13:04.448+08:00 [INFO] gRPC GetRecentTrades: symbol=BNB/USDT, limit=10
2026-10-09T12:13:04.449+08:00 [INFO] gRPC GetTicker: symbol=BNB/USDT
2026-10-09T12:13:04.674+08:00 [INFO] gRPC GetOrderBook: symbol=BNB/USDT, depth=20
2026-10-09T12:13:04.674+08:00 [INFO] gRPC GetRecentTrades: symbol=BNB/USDT, limit=10
2026-10-09T12:13:04.675+08:00 [INFO] gRPC GetTicker: symbol=BNB/USDT
2026-10-09T12:13:04.971+08:00 [INFO] gRPC GetOrderBook: symbol=BTC/USDT, depth=20
2026-10-09T12:13:04.971+08:00 [INFO] gRPC GetRecentTrades: symbol=BTC/USDT, limit=10
2026-10-09T12:13:04.972+08:00 [INFO] gRPC GetTicker: symbol=BTC/USDT
2026-10-09T12:13:05.196+08:00 [INFO] gRPC GetOrderBook: symbol=ETH/USDT, depth=20
2026-10-09T12:13:05.197+08:00 [INFO] gRPC GetRecentTrades: symbol=ETH/USDT, limit=10
2026-10-09T12:13:05.197+08:00 [INFO] gRPC GetTicker: symbol=ETH/USDT
2026-10-09T12:13:05.496+08:00 [INFO] gRPC GetOrderBook: symbol=BTC/USDT, depth=20
2026-10-09T12:13:05.496+08:00 [INFO] gRPC GetRecentTrades: symbol=BTC/USDT, limit=10
2026-10-09T12:13:05.496+08:00 [INFO] gRPC GetTicker: symbol=BTC/USDT
2026-10-09T12:13:05.720+08:00 [INFO] gRPC GetOrderBook: symbol=ETH/USDT, depth=20
2026-10-09T12:13:05.720+08:00 [INFO] gRPC GetRecentTrades: symbol=ETH/USDT, limit=10
2026-10-09T12:13:05.721+08:00 [INFO] gRPC GetTicker: symbol=ETH/USDT
2026-10-09T12:13:06.020+08:00 [INFO] gRPC GetOrderBook: symbol=BNB/USDT, depth=20
2026-10-09T12:13:06.021+08:00 [INFO] gRPC GetRecentTrades: symbol=BNB/USDT, limit=10
2026-10-09T12:13:06.022+08:00 [INFO] gRPC GetTicker: symbol=BNB/USDT
2026-10-09T12:13:06.448+08:00 [INFO] gRPC GetOrderBook: symbol=BTC/USDT, depth=20
2026-10-09T12:13:06.450+08:00 [INFO] gRPC GetRecentTrades: symbol=BTC/USDT, limit=10
2026-10-09T12:13:06.451+08:00 [INFO] gRPC GetTicker: symbol=BTC/USDT
2026-10-09T12:13:06.771+08:00 [INFO] gRPC GetOrderBook: symbol=ETH/USDT, depth=20
2026-10-09T12:13:06.773+08:00 [INFO] gRPC GetRecentTrades: symbol=ETH/USDT, limit=10
2026-10-09T12:13:06.774+08:00 [INFO] gRPC GetTicker: symbol=ETH/USDT
2026-10-09T12:13:07.066+08:00 [INFO] gRPC GetOrderBook: symbol=BNB/USDT, depth=20
2026-10-09T12:13:07.067+08:00 [INFO] gRPC GetRecentTrades: symbol=BNB/USDT, limit=10
2026-10-09T12:13:07.067+08:00 [INFO] gRPC GetTicker: symbol=BNB/USDT
2026-10-09T12:13:07.447+08:00 [INFO] gRPC GetOrderBook: symbol=BNB/USDT, depth=20
2026-10-09T12:13:07.448+08:00 [INFO] gRPC GetRecentTrades: symbol=BNB/USDT, limit=10
2026-10-09T12:13:07.448+08:00 [INFO] gRPC GetTicker: symbol=BNB/USDT
2026-10-09T12:13:07.695+08:00 [INFO] gRPC GetOrderBook: symbol=BTC/USDT, depth=20
2026-10-09T12:13:07.696+08:00 [INFO] gRPC GetRecentTrades: symbol=BTC/USDT, limit=10
2026-10-09T12:13:07.696+08:00 [INFO] gRPC GetTicker: symbol=BTC/USDT
2026-10-09T12:13:07.923+08:00 [INFO] gRPC GetOrderBook: symbol=ETH/USDT, depth=20
2026-10-09T12:13:07.924+08:00 [INFO] gRPC GetRecentTrades: symbol=ETH/USDT, limit=10
2026-10-09T12:13:07.924+08:00 [INFO] gRPC GetTicker: symbol=ETH/USDT
2026-10-09T12:13:08.450+08:00 [INFO] gRPC GetOrderBook: symbol=BTC/USDT, depth=20
2026-10-09T12:13:08.451+08:00 [INFO] gRPC GetRecentTrades: symbol=BTC/USDT, limit=10
2026-10-09T12:13:08.453+08:00 [INFO] gRPC GetTicker: symbol=BTC/USDT
2026-10-09T12:13:08.678+08:00 [INFO] gRPC GetOrderBook: symbol=ETH/USDT, depth=20
2026-10-09T12:13:08.679+08:00 [INFO] gRPC GetRecentTrades: symbol=ETH/USDT, limit=10
2026-10-09T12:13:08.679+08:00 [INFO] gRPC GetTicker: symbol=ETH/USDT
2026-10-09T12:13:08.923+08:00 [INFO] gRPC GetOrderBook: symbol=BNB/USDT, depth=20
2026-10-09T12:13:08.925+08:00 [INFO] gRPC GetRecentTrades: symbol=BNB/USDT, limit=10
2026-10-09T12:13:08.925+08:00 [INFO] gRPC GetTicker: symbol=BNB/USDT
2026-10-09T12:13:09.447+08:00 [INFO] gRPC GetOrderBook: symbol=BTC/USDT, depth=20
2026-10-09T12:13:09.447+08:00 [INFO] gRPC GetRecentTrades: symbol=BTC/USDT, limit=10
2026-10-09T12:13:09.448+08:00 [INFO] gRPC GetTicker: symbol=BTC/USDT
2026-10-09T12:13:09.692+08:00 [INFO] gRPC GetOrderBook: symbol=ETH/USDT, depth=20
2026-10-09T12:13:09.692+08:00 [INFO] gRPC GetRecentTrades: symbol=ETH/USDT, limit=10
2026-10-09T12:13:09.693+08:00 [INFO] gRPC GetTicker: symbol=ETH/USDT
2026-10-09T12:13:09.926+08:00 [INFO] gRPC GetOrderBook: symbol=BNB/USDT, depth=20
2026-10-09T12:13:09.927+08:00 [INFO] gRPC GetRecentTrades: symbol=BNB/USDT, limit=10
2026-10-09T12:13:09.927+08:00 [INFO] gRPC GetTicker: symbol=BNB/USDT
2026-10-09T12:13:10.447+08:00 [INFO] gRPC GetOrderBook: symbol=ETH/USDT, depth=20
2026-10-09T12:13:10.448+08:00 [INFO] gRPC GetRecentTrades: symbol=ETH/USDT, limit=10
2026-10-09T12:13:10.449+08:00 [INFO] gRPC GetTicker: symbol=ETH/USDT
2026-10-09T12:13:10.740+08:00 [INFO] gRPC GetOrderBook: symbol=BNB/USDT, depth=20
2026-10-09T12:13:10.741+08:00 [INFO] gRPC GetRecentTrades: symbol=BNB/USDT, limit=10
2026-10-09T12:13:10.742+08:00 [INFO] gRPC GetTicker: symbol=BNB/USDT
2026-10-09T12:13:10.967+08:00 [INFO] gRPC GetOrderBook: symbol=BTC/USDT, depth=20
2026-10-09T12:13:10.968+08:00 [INFO] gRPC GetRecentTrades: symbol=BTC/USDT, limit=10
2026-10-09T12:13:10.969+08:00 [INFO] gRPC GetTicker: symbol=BTC/USDT
2026-10-09T12:13:11.447+08:00 [INFO] gRPC GetOrderBook: symbol=ETH/USDT, depth=20
2026-10-09T12:13:11.448+08:00 [INFO] gRPC GetRecentTrades: symbol=ETH/USDT, limit=10
2026-10-09T12:13:11.448+08:00 [INFO] gRPC GetTicker: symbol=ETH/USDT
2026-10-09T12:13:11.673+08:00 [INFO] gRPC GetOrderBook: symbol=BNB/USDT, depth=20
2026-10-09T12:13:11.674+08:00 [INFO] gRPC GetRecentTrades: symbol=BNB/USDT, limit=10
2026-10-09T12:13:11.674+08:00 [INFO] gRPC GetTicker: symbol=BNB/USDT
2026-10-09T12:13:11.896+08:00 [INFO] gRPC GetOrderBook: symbol=BTC/USDT, depth=20
2026-10-09T12:13:11.897+08:00 [INFO] gRPC GetRecentTrades: symbol=BTC/USDT, limit=10
2026-10-09T12:13:11.898+08:00 [INFO] gRPC GetTicker: symbol=BTC/USDT
2026-10-09T12:13:12.447+08:00 [INFO] gRPC GetOrderBook: symbol=BTC/USDT, depth=20
2026-10-09T12:13:12.448+08:00 [INFO] gRPC GetRecentTrades: symbol=BTC/USDT, limit=10
2026-10-09T12:13:12.448+08:00 [INFO] gRPC GetTicker: symbol=BTC/USDT
2026-10-09T12:13:12.669+08:00 [INFO] gRPC GetOrderBook: symbol=ETH/USDT, depth=20
2026-10-09T12:13:12.669+08:00 [INFO] gRPC GetRecentTrades: symbol=ETH/USDT, limit=10
2026-10-09T12:13:12.669+08:00 [INFO] gRPC GetTicker: symbol=ETH/USDT
2026-10-09T12:13:12.894+08:00 [INFO] gRPC GetOrderBook: symbol=BNB/USDT, depth=20
2026-10-09T12:13:12.895+08:00 [INFO] gRPC GetRecentTrades: symbol=BNB/USDT, limit=10
2026-10-09T12:13:12.895+08:00 [INFO] gRPC GetTicker: symbol=BNB/USDT
2026-10-09T12:13:13.447+08:00 [INFO] gRPC GetOrderBook: symbol=BTC/USDT, depth=20
2026-10-09T12:13:13.447+08:00 [INFO] gRPC GetRecentTrades: symbol=BTC/USDT, limit=10
2026-10-09T12:13:13.448+08:00 [INFO] gRPC GetTicker: symbol=BTC/USDT
2026-10-09T12:13:14.118+08:00 [INFO] gRPC GetOrderBook: symbol=ETH/USDT, depth=20
2026-10-09T12:13:14.119+08:00 [INFO] gRPC GetRecentTrades: symbol=ETH/USDT, limit=10
2026-10-09T12:13:14.122+08:00 [INFO] gRPC GetTicker: symbol=ETH/USDT
2026-10-09T12:13:14.350+08:00 [INFO] gRPC GetOrderBook: symbol=BNB/USDT, depth=20
2026-10-09T12:13:14.351+08:00 [INFO] gRPC GetRecentTrades: symbol=BNB/USDT, limit=10
2026-10-09T12:13:14.351+08:00 [INFO] gRPC GetTicker: symbol=BNB/USDT
2026-10-09T12:13:14.572+08:00 [INFO] gRPC GetOrderBook: symbol=BTC/USDT, depth=20
2026-10-09T12:13:14.574+08:00 [INFO] gRPC GetRecentTrades: symbol=BTC/USDT, limit=10
2026-10-09T12:13:14.575+08:00 [INFO] gRPC GetTicker: symbol=BTC/USDT
2026-10-09T12:13:14.802+08:00 [INFO] gRPC GetOrderBook: symbol=ETH/USDT, depth=20
2026-10-09T12:13:14.803+08:00 [INFO] gRPC GetRecentTrades: symbol=ETH/USDT, limit=10
2026-10-09T12:13:14.803+08:00 [INFO] gRPC GetTicker: symbol=ETH/USDT
2026-10-09T12:13:15.030+08:00 [INFO] gRPC GetOrderBook: symbol=BNB/USDT, depth=20
2026-10-09T12:13:15.033+08:00 [INFO] gRPC GetRecentTrades: symbol=BNB/USDT, limit=10
2026-10-09T12:13:15.034+08:00 [INFO] gRPC GetTicker: symbol=BNB/USDT
2026-10-09T12:13:15.454+08:00 [INFO] gRPC GetOrderBook: symbol=BTC/USDT, depth=20
2026-10-09T12:13:15.455+08:00 [INFO] gRPC GetRecentTrades: symbol=BTC/USDT, limit=10
2026-10-09T12:13:15.458+08:00 [INFO] gRPC GetTicker: symbol=BTC/USDT
2026-10-09T12:13:15.683+08:00 [INFO] gRPC GetOrderBook: symbol=ETH/USDT, depth=20
2026-10-09T12:13:15.684+08:00 [INFO] gRPC GetRecentTrades: symbol=ETH/USDT, limit=10
2026-10-09T12:13:15.684+08:00 [INFO] gRPC GetTicker: symbol=ETH/USDT
2026-10-09T12:13:15.911+08:00 [INFO] gRPC GetOrderBook: symbol=BNB/USDT, depth=20
2026-10-09T12:13:15.912+08:00 [INFO] gRPC GetRecentTrades: symbol=BNB/USDT, limit=10
2026-10-09T12:13:15.912+08:00 [INFO] gRPC GetTicker: symbol=BNB/USDT
2026-10-09T12:13:16.447+08:00 [INFO] gRPC GetOrderBook: symbol=BTC/USDT, depth=20
2026-10-09T12:13:16.448+08:00 [INFO] gRPC GetRecentTrades: symbol=BTC/USDT, limit=10
2026-10-09T12:13:16.448+08:00 [INFO] gRPC GetTicker: symbol=BTC/USDT
2026-10-09T12:13:16.687+08:00 [INFO] gRPC GetOrderBook: symbol=ETH/USDT, depth=20
2026-10-09T12:13:16.687+08:00 [INFO] gRPC GetRecentTrades: symbol=ETH/USDT, limit=10
2026-10-09T12:13:16.687+08:00 [INFO] gRPC GetTicker: symbol=ETH/USDT
2026-10-09T12:13:16.911+08:00 [INFO] gRPC GetOrderBook: symbol=BNB/USDT, depth=20
2026-10-09T12:13:16.912+08:00 [INFO] gRPC GetRecentTrades: symbol=BNB/USDT, limit=10
2026-10-09T12:13:16.912+08:00 [INFO] gRPC GetTicker: symbol=BNB/USDT
2026-10-09T12:13:17.451+08:00 [INFO] gRPC GetOrderBook: symbol=ETH/USDT, depth=20
2026-10-09T12:13:17.454+08:00 [INFO] gRPC GetRecentTrades: symbol=ETH/USDT, limit=10
2026-10-09T12:13:17.455+08:00 [INFO] gRPC GetTicker: symbol=ETH/USDT
2026-10-09T12:13:17.711+08:00 [INFO] gRPC GetOrderBook: symbol=BNB/USDT, depth=20
2026-10-09T12:13:17.712+08:00 [INFO] gRPC GetRecentTrades: symbol=BNB/USDT, limit=10
2026-10-09T12:13:17.712+08:00 [INFO] gRPC GetTicker: symbol=BNB/USDT
2026-10-09T12:13:17.937+08:00 [INFO] gRPC GetOrderBook: symbol=BTC/USDT, depth=20
2026-10-09T12:13:17.938+08:00 [INFO] gRPC GetRecentTrades: symbol=BTC/USDT, limit=10
2026-10-09T12:13:17.938+08:00 [INFO] gRPC GetTicker: symbol=BTC/USDT
2026-10-09T12:13:18.447+08:00 [INFO] gRPC GetOrderBook: symbol=BTC/USDT, depth=20
2026-10-09T12:13:18.448+08:00 [INFO] gRPC GetRecentTrades: symbol=BTC/USDT, limit=10
2026-10-09T12:13:18.448+08:00 [INFO] gRPC GetTicker: symbol=BTC/USDT
2026-10-09T12:13:18.674+08:00 [INFO] gRPC GetOrderBook: symbol=ETH/USDT, depth=20
2026-10-09T12:13:18.674+08:00 [INFO] gRPC GetRecentTrades: symbol=ETH/USDT, limit=10
2026-10-09T12:13:18.674+08:00 [INFO] gRPC GetTicker: symbol=ETH/USDT
2026-10-09T12:13:18.933+08:00 [INFO] gRPC GetOrderBook: symbol=BNB/USDT, depth=20
2026-10-09T12:13:18.933+08:00 [INFO] gRPC GetRecentTrades: symbol=BNB/USDT, limit=10
2026-10-09T12:13:18.933+08:00 [INFO] gRPC GetTicker: symbol=BNB/USDT
2026-10-09T12:13:19.447+08:00 [INFO] gRPC GetOrderBook: symbol=BTC/USDT, depth=20
2026-10-09T12:13:19.448+08:00 [INFO] gRPC GetRecentTrades: symbol=BTC/USDT, limit=10
2026-10-09T12:13:19.449+08:00 [INFO] gRPC GetTicker: symbol=BTC/USDT
2026-10-09T12:13:19.673+08:00 [INFO] gRPC GetOrderBook: symbol=ETH/USDT, depth=20
2026-10-09T12:13:19.673+08:00 [INFO] gRPC GetRecentTrades: symbol=ETH/USDT, limit=10
2026-10-09T12:13:19.674+08:00 [INFO] gRPC GetTicker: symbol=ETH/USDT
2026-10-09T12:13:19.964+08:00 [INFO] gRPC GetOrderBook: symbol=BNB/USDT, depth=20
2026-10-09T12:13:19.964+08:00 [INFO] gRPC GetRecentTrades: symbol=BNB/USDT, limit=10
2026-10-09T12:13:19.965+08:00 [INFO] gRPC GetTicker: symbol=BNB/USDT
2026-10-09T12:13:20.447+08:00 [INFO] gRPC GetOrderBook: symbol=BTC/USDT, depth=20
2026-10-09T12:13:20.447+08:00 [INFO] gRPC GetRecentTrades: symbol=BTC/USDT, limit=10
2026-10-09T12:13:20.448+08:00 [INFO] gRPC GetTicker: symbol=BTC/USDT
2026-10-09T12:13:20.672+08:00 [INFO] gRPC GetOrderBook: symbol=ETH/USDT, depth=20
2026-10-09T12:13:20.673+08:00 [INFO] gRPC GetRecentTrades: symbol=ETH/USDT, limit=10
2026-10-09T12:13:20.673+08:00 [INFO] gRPC GetTicker: symbol=ETH/USDT
2026-10-09T12:13:20.899+08:00 [INFO] gRPC GetOrderBook: symbol=BNB/USDT, depth=20
2026-10-09T12:13:20.899+08:00 [INFO] gRPC GetRecentTrades: symbol=BNB/USDT, limit=10
2026-10-09T12:13:20.900+08:00 [INFO] gRPC GetTicker: symbol=BNB/USDT
2026-10-09T12:13:21.449+08:00 [INFO] gRPC GetOrderBook: symbol=ETH/USDT, depth=20
2026-10-09T12:13:21.449+08:00 [INFO] gRPC GetRecentTrades: symbol=ETH/USDT, limit=10
2026-10-09T12:13:21.450+08:00 [INFO] gRPC GetTicker: symbol=ETH/USDT
2026-10-09T12:13:21.705+08:00 [INFO] gRPC GetOrderBook: symbol=BNB/USDT, depth=20
2026-10-09T12:13:21.706+08:00 [INFO] gRPC GetRecentTrades: symbol=BNB/USDT, limit=10
2026-10-09T12:13:21.706+08:00 [INFO] gRPC GetTicker: symbol=BNB/USDT
2026-10-09T12:13:21.929+08:00 [INFO] gRPC GetOrderBook: symbol=BTC/USDT, depth=20
2026-10-09T12:13:21.929+08:00 [INFO] gRPC GetRecentTrades: symbol=BTC/USDT, limit=10
2026-10-09T12:13:21.930+08:00 [INFO] gRPC GetTicker: symbol=BTC/USDT
2026-10-09T12:13:22.447+08:00 [INFO] gRPC GetOrderBook: symbol=BTC/USDT, depth=20
2026-10-09T12:13:22.449+08:00 [INFO] gRPC GetRecentTrades: symbol=BTC/USDT, limit=10
2026-10-09T12:13:22.451+08:00 [INFO] gRPC GetTicker: symbol=BTC/USDT
2026-10-09T12:13:22.678+08:00 [INFO] gRPC GetOrderBook: symbol=ETH/USDT, depth=20
2026-10-09T12:13:22.678+08:00 [INFO] gRPC GetRecentTrades: symbol=ETH/USDT, limit=10
2026-10-09T12:13:22.678+08:00 [INFO] gRPC GetTicker: symbol=ETH/USDT
2026-10-09T12:13:22.903+08:00 [INFO] gRPC GetOrderBook: symbol=BNB/USDT, depth=20
2026-10-09T12:13:22.903+08:00 [INFO] gRPC GetRecentTrades: symbol=BNB/USDT, limit=10
2026-10-09T12:13:22.904+08:00 [INFO] gRPC GetTicker: symbol=BNB/USDT
2026-10-09T12:13:23.447+08:00 [INFO] gRPC GetOrderBook: symbol=ETH/USDT, depth=20
2026-10-09T12:13:23.447+08:00 [INFO] gRPC GetRecentTrades: symbol=ETH/USDT, limit=10
2026-10-09T12:13:23.448+08:00 [INFO] gRPC GetTicker: symbol=ETH/USDT
2026-10-09T12:13:23.669+08:00 [INFO] gRPC GetOrderBook: symbol=BNB/USDT, depth=20
2026-10-09T12:13:23.669+08:00 [INFO] gRPC GetRecentTrades: symbol=BNB/USDT, limit=10
2026-10-09T12:13:23.670+08:00 [INFO] gRPC GetTicker: symbol=BNB/USDT
2026-10-09T12:13:23.893+08:00 [INFO] gRPC GetOrderBook: symbol=BTC/USDT, depth=20
2026-10-09T12:13:23.893+08:00 [INFO] gRPC GetRecentTrades: symbol=BTC/USDT, limit=10
2026-10-09T12:13:23.894+08:00 [INFO] gRPC GetTicker: symbol=BTC/USDT
2026-10-09T12:13:24.447+08:00 [INFO] gRPC GetOrderBook: symbol=BTC/USDT, depth=20
2026-10-09T12:13:24.448+08:00 [INFO] gRPC GetRecentTrades: symbol=BTC/USDT, limit=10
2026-10-09T12:13:24.448+08:00 [INFO] gRPC GetTicker: symbol=BTC/USDT
2026-10-09T12:13:24.673+08:00 [INFO] gRPC GetOrderBook: symbol=ETH/USDT, depth=20
2026-10-09T12:13:24.673+08:00 [INFO] gRPC GetRecentTrades: symbol=ETH/USDT, limit=10
2026-10-09T12:13:24.673+08:00 [INFO] gRPC GetTicker: symbol=ETH/USDT
2026-10-09T12:13:24.892+08:00 [INFO] gRPC GetOrderBook: symbol=BNB/USDT, depth=20
2026-10-09T12:13:24.892+08:00 [INFO] gRPC GetRecentTrades: symbol=BNB/USDT, limit=10
2026-10-09T12:13:24.892+08:00 [INFO] gRPC GetTicker: symbol=BNB/USDT
2026-10-09T12:13:25.447+08:00 [INFO] gRPC GetOrderBook: symbol=BTC/USDT, depth=20
2026-10-09T12:13:25.448+08:00 [INFO] gRPC GetRecentTrades: symbol=BTC/USDT, limit=10
2026-10-09T12:13:25.448+08:00 [INFO] gRPC GetTicker: symbol=BTC/USDT
2026-10-09T12:13:25.697+08:00 [INFO] gRPC GetOrderBook: symbol=ETH/USDT, depth=20
2026-10-09T12:13:25.698+08:00 [INFO] gRPC GetRecentTrades: symbol=ETH/USDT, limit=10
2026-10-09T12:13:25.698+08:00 [INFO] gRPC GetTicker: symbol=ETH/USDT
2026-10-09T12:13:26.007+08:00 [INFO] gRPC GetOrderBook: symbol=BNB/USDT, depth=20
2026-10-09T12:13:26.008+08:00 [INFO] gRPC GetRecentTrades: symbol=BNB/USDT, limit=10
2026-10-09T12:13:26.011+08:00 [INFO] gRPC GetTicker: symbol=BNB/USDT
2026-10-09T12:13:26.449+08:00 [INFO] gRPC GetOrderBook: symbol=BTC/USDT, depth=20
2026-10-09T12:13:26.450+08:00 [INFO] gRPC GetRecentTrades: symbol=BTC/USDT, limit=10
2026-10-09T12:13:26.452+08:00 [INFO] gRPC GetTicker: symbol=BTC/USDT
2026-10-09T12:13:26.678+08:00 [INFO] gRPC GetOrderBook: symbol=ETH/USDT, depth=20
2026-10-09T12:13:26.679+08:00 [INFO] gRPC GetRecentTrades: symbol=ETH/USDT, limit=10
2026-10-09T12:13:26.679+08:00 [INFO] gRPC GetTicker: symbol=ETH/USDT
2026-10-09T12:13:26.926+08:00 [INFO] gRPC GetOrderBook: symbol=BNB/USDT, depth=20
2026-10-09T12:13:26.927+08:00 [INFO] gRPC GetRecentTrades: symbol=BNB/USDT, limit=10
2026-10-09T12:13:26.927+08:00 [INFO] gRPC GetTicker: symbol=BNB/USDT
2026-10-09T12:13:27.447+08:00 [INFO] gRPC GetOrderBook: symbol=BNB/USDT, depth=20
2026-10-09T12:13:27.448+08:00 [INFO] gRPC GetRecentTrades: symbol=BNB/USDT, limit=10
2026-10-09T12:13:27.448+08:00 [INFO] gRPC GetTicker: symbol=BNB/USDT
2026-10-09T12:13:27.746+08:00 [INFO] gRPC GetOrderBook: symbol=BTC/USDT, depth=20
2026-10-09T12:13:27.746+08:00 [INFO] gRPC GetRecentTrades: symbol=BTC/USDT, limit=10
2026-10-09T12:13:27.746+08:00 [INFO] gRPC GetTicker: symbol=BTC/USDT
2026-10-09T12:13:27.969+08:00 [INFO] gRPC GetOrderBook: symbol=ETH/USDT, depth=20
2026-10-09T12:13:27.970+08:00 [INFO] gRPC GetRecentTrades: symbol=ETH/USDT, limit=10
2026-10-09T12:13:27.970+08:00 [INFO] gRPC GetTicker: symbol=ETH/USDT
2026-10-09T12:13:28.447+08:00 [INFO] gRPC GetOrderBook: symbol=BTC/USDT, depth=20
2026-10-09T12:13:28.448+08:00 [INFO] gRPC GetRecentTrades: symbol=BTC/USDT, limit=10
2026-10-09T12:13:28.448+08:00 [INFO] gRPC GetTicker: symbol=BTC/USDT
2026-10-09T12:13:28.770+08:00 [INFO] gRPC GetOrderBook: symbol=ETH/USDT, depth=20
2026-10-09T12:13:28.771+08:00 [INFO] gRPC GetRecentTrades: symbol=ETH/USDT, limit=10
2026-10-09T12:13:28.772+08:00 [INFO] gRPC GetTicker: symbol=ETH/USDT
2026-10-09T12:13:28.993+08:00 [INFO] gRPC GetOrderBook: symbol=BNB/USDT, depth=20
2026-10-09T12:13:28.993+08:00 [INFO] gRPC GetRecentTrades: symbol=BNB/USDT, limit=10
2026-10-09T12:13:28.994+08:00 [INFO] gRPC GetTicker: symbol=BNB/USDT
2026-10-09T12:13:29.447+08:00 [INFO] gRPC GetOrderBook: symbol=BNB/USDT, depth=20
2026-10-09T12:13:29.447+08:00 [INFO] gRPC GetRecentTrades: symbol=BNB/USDT, limit=10
2026-10-09T12:13:29.447+08:00 [INFO] gRPC GetTicker: symbol=BNB/USDT
2026-10-09T12:13:30.145+08:00 [INFO] gRPC GetOrderBook: symbol=BTC/USDT, depth=20
2026-10-09T12:13:30.145+08:00 [INFO] gRPC GetRecentTrades: symbol=BTC/USDT, limit=10
2026-10-09T12:13:30.145+08:00 [INFO] gRPC GetTicker: symbol=BTC/USDT
2026-10-09T12:13:30.368+08:00 [INFO] gRPC GetOrderBook: symbol=ETH/USDT, depth=20
2026-10-09T12:13:30.369+08:00 [INFO] gRPC GetRecentTrades: symbol=ETH/USDT, limit=10
2026-10-09T12:13:30.370+08:00 [INFO] gRPC GetTicker: symbol=ETH/USDT
2026-10-09T12:13:31.074+08:00 [INFO] gRPC GetOrderBook: symbol=ETH/USDT, depth=20
2026-10-09T12:13:31.074+08:00 [INFO] gRPC GetRecentTrades: symbol=ETH/USDT, limit=10
2026-10-09T12:13:31.074+08:00 [INFO] gRPC GetTicker: symbol=ETH/USDT
2026-10-09T12:13:31.300+08:00 [INFO] gRPC GetOrderBook: symbol=BNB/USDT, depth=20
2026-10-09T12:13:31.300+08:00 [INFO] gRPC GetRecentTrades: symbol=BNB/USDT, limit=10
2026-10-09T12:13:31.302+08:00 [INFO] gRPC GetTicker: symbol=BNB/USDT
2026-10-09T12:13:31.536+08:00 [INFO] gRPC GetOrderBook: symbol=BTC/USDT, depth=20
2026-10-09T12:13:31.536+08:00 [INFO] gRPC GetRecentTrades: symbol=BTC/USDT, limit=10
2026-10-09T12:13:31.536+08:00 [INFO] gRPC GetTicker: symbol=BTC/USDT
2026-10-09T12:13:31.841+08:00 [INFO] gRPC GetOrderBook: symbol=ETH/USDT, depth=20
2026-10-09T12:13:31.842+08:00 [INFO] gRPC GetRecentTrades: symbol=ETH/USDT, limit=10
2026-10-09T12:13:31.842+08:00 [INFO] gRPC GetTicker: symbol=ETH/USDT
2026-10-09T12:13:32.077+08:00 [INFO] gRPC GetOrderBook: symbol=BNB/USDT, depth=20
2026-10-09T12:13:32.077+08:00 [INFO] gRPC GetRecentTrades: symbol=BNB/USDT, limit=10
2026-10-09T12:13:32.078+08:00 [INFO] gRPC GetTicker: symbol=BNB/USDT
2026-10-09T12:13:32.303+08:00 [INFO] gRPC GetOrderBook: symbol=BTC/USDT, depth=20
2026-10-09T12:13:32.304+08:00 [INFO] gRPC GetRecentTrades: symbol=BTC/USDT, limit=10
2026-10-09T12:13:32.305+08:00 [INFO] gRPC GetTicker: symbol=BTC/USDT
2026-10-09T12:13:32.533+08:00 [INFO] gRPC GetOrderBook: symbol=BNB/USDT, depth=20
2026-10-09T12:13:32.534+08:00 [INFO] gRPC GetRecentTrades: symbol=BNB/USDT, limit=10
2026-10-09T12:13:32.534+08:00 [INFO] gRPC GetTicker: symbol=BNB/USDT
2026-10-09T12:13:32.754+08:00 [INFO] gRPC GetOrderBook: symbol=BTC/USDT, depth=20
2026-10-09T12:13:32.755+08:00 [INFO] gRPC GetRecentTrades: symbol=BTC/USDT, limit=10
2026-10-09T12:13:32.755+08:00 [INFO] gRPC GetTicker: symbol=BTC/USDT
2026-10-09T12:13:33.071+08:00 [INFO] gRPC GetOrderBook: symbol=ETH/USDT, depth=20
2026-10-09T12:13:33.071+08:00 [INFO] gRPC GetRecentTrades: symbol=ETH/USDT, limit=10
2026-10-09T12:13:33.072+08:00 [INFO] gRPC GetTicker: symbol=ETH/USDT
2026-10-09T12:13:33.446+08:00 [INFO] gRPC GetOrderBook: symbol=BTC/USDT, depth=20
2026-10-09T12:13:33.447+08:00 [INFO] gRPC GetRecentTrades: symbol=BTC/USDT, limit=10
2026-10-09T12:13:33.447+08:00 [INFO] gRPC GetTicker: symbol=BTC/USDT
2026-10-09T12:13:33.669+08:00 [INFO] gRPC GetOrderBook: symbol=ETH/USDT, depth=20
2026-10-09T12:13:33.670+08:00 [INFO] gRPC GetRecentTrades: symbol=ETH/USDT, limit=10
2026-10-09T12:13:33.670+08:00 [INFO] gRPC GetTicker: symbol=ETH/USDT
2026-10-09T12:13:33.892+08:00 [INFO] gRPC GetOrderBook: symbol=BNB/USDT, depth=20
2026-10-09T12:13:33.892+08:00 [INFO] gRPC GetRecentTrades: symbol=BNB/USDT, limit=10
2026-10-09T12:13:33.893+08:00 [INFO] gRPC GetTicker: symbol=BNB/USDT
2026-10-09T12:13:34.446+08:00 [INFO] gRPC GetOrderBook: symbol=BNB/USDT, depth=20
2026-10-09T12:13:34.447+08:00 [INFO] gRPC GetRecentTrades: symbol=BNB/USDT, limit=10
2026-10-09T12:13:34.447+08:00 [INFO] gRPC GetTicker: symbol=BNB/USDT
2026-10-09T12:13:34.670+08:00 [INFO] gRPC GetOrderBook: symbol=BTC/USDT, depth=20
2026-10-09T12:13:34.670+08:00 [INFO] gRPC GetRecentTrades: symbol=BTC/USDT, limit=10
2026-10-09T12:13:34.670+08:00 [INFO] gRPC GetTicker: symbol=BTC/USDT
2026-10-09T12:13:34.913+08:00 [INFO] gRPC GetOrderBook: symbol=ETH/USDT, depth=20
2026-10-09T12:13:34.914+08:00 [INFO] gRPC GetRecentTrades: symbol=ETH/USDT, limit=10
2026-10-09T12:13:34.914+08:00 [INFO] gRPC GetTicker: symbol=ETH/USDT
2026-10-09T12:13:35.447+08:00 [INFO] gRPC GetOrderBook: symbol=BTC/USDT, depth=20
2026-10-09T12:13:35.448+08:00 [INFO] gRPC GetRecentTrades: symbol=BTC/USDT, limit=10
2026-10-09T12:13:35.448+08:00 [INFO] gRPC GetTicker: symbol=BTC/USDT
2026-10-09T12:13:35.676+08:00 [INFO] gRPC GetOrderBook: symbol=ETH/USDT, depth=20
2026-10-09T12:13:35.676+08:00 [INFO] gRPC GetRecentTrades: symbol=ETH/USDT, limit=10
2026-10-09T12:13:35.677+08:00 [INFO] gRPC GetTicker: symbol=ETH/USDT
2026-10-09T12:13:35.938+08:00 [INFO] gRPC GetOrderBook: symbol=BNB/USDT, depth=20
2026-10-09T12:13:35.939+08:00 [INFO] gRPC GetRecentTrades: symbol=BNB/USDT, limit=10
2026-10-09T12:13:35.939+08:00 [INFO] gRPC GetTicker: symbol=BNB/USDT
2026-10-09T12:13:36.611+08:00 [INFO] gRPC GetOrderBook: symbol=BNB/USDT, depth=20
2026-10-09T12:13:36.613+08:00 [INFO] gRPC GetRecentTrades: symbol=BNB/USDT, limit=10
2026-10-09T12:13:36.613+08:00 [INFO] gRPC GetTicker: symbol=BNB/USDT
2026-10-09T12:13:36.839+08:00 [INFO] gRPC GetOrderBook: symbol=BTC/USDT, depth=20
2026-10-09T12:13:36.839+08:00 [INFO] gRPC GetRecentTrades: symbol=BTC/USDT, limit=10
2026-10-09T12:13:36.840+08:00 [INFO] gRPC GetTicker: symbol=BTC/USDT
2026-10-09T12:13:37.166+08:00 [INFO] gRPC GetOrderBook: symbol=ETH/USDT, depth=20
2026-10-09T12:13:37.167+08:00 [INFO] gRPC GetRecentTrades: symbol=ETH/USDT, limit=10
2026-10-09T12:13:37.167+08:00 [INFO] gRPC GetTicker: symbol=ETH/USDT
2026-10-09T12:13:37.879+08:00 [INFO] gRPC GetOrderBook: symbol=BTC/USDT, depth=20
2026-10-09T12:13:37.880+08:00 [INFO] gRPC GetRecentTrades: symbol=BTC/USDT, limit=10
2026-10-09T12:13:37.880+08:00 [INFO] gRPC GetTicker: symbol=BTC/USDT
2026-10-09T12:13:38.105+08:00 [INFO] gRPC GetOrderBook: symbol=ETH/USDT, depth=20
2026-10-09T12:13:38.106+08:00 [INFO] gRPC GetRecentTrades: symbol=ETH/USDT, limit=10
2026-10-09T12:13:38.106+08:00 [INFO] gRPC GetTicker: symbol=ETH/USDT
2026-10-09T12:13:38.329+08:00 [INFO] gRPC GetOrderBook: symbol=BNB/USDT, depth=20
2026-10-09T12:13:38.330+08:00 [INFO] gRPC GetRecentTrades: symbol=BNB/USDT, limit=10
2026-10-09T12:13:38.330+08:00 [INFO] gRPC GetTicker: symbol=BNB/USDT
2026-10-09T12:13:38.557+08:00 [INFO] gRPC GetOrderBook: symbol=BNB/USDT, depth=20
2026-10-09T12:13:38.557+08:00 [INFO] gRPC GetRecentTrades: symbol=BNB/USDT, limit=10
2026-10-09T12:13:38.558+08:00 [INFO] gRPC GetTicker: symbol=BNB/USDT
2026-10-09T12:13:38.782+08:00 [INFO] gRPC GetOrderBook: symbol=BTC/USDT, depth=20
2026-10-09T12:13:38.783+08:00 [INFO] gRPC GetRecentTrades: symbol=BTC/USDT, limit=10
2026-10-09T12:13:38.783+08:00 [INFO] gRPC GetTicker: symbol=BTC/USDT
2026-10-09T12:13:39.007+08:00 [INFO] gRPC GetOrderBook: symbol=ETH/USDT, depth=20
2026-10-09T12:13:39.008+08:00 [INFO] gRPC GetRecentTrades: symbol=ETH/USDT, limit=10
2026-10-09T12:13:39.008+08:00 [INFO] gRPC GetTicker: symbol=ETH/USDT
2026-10-09T12:13:39.447+08:00 [INFO] gRPC GetOrderBook: symbol=ETH/USDT, depth=20
2026-10-09T12:13:39.447+08:00 [INFO] gRPC GetRecentTrades: symbol=ETH/USDT, limit=10
2026-10-09T12:13:39.448+08:00 [INFO] gRPC GetTicker: symbol=ETH/USDT
2026-10-09T12:13:39.731+08:00 [INFO] gRPC GetOrderBook: symbol=BNB/USDT, depth=20
2026-10-09T12:13:39.731+08:00 [INFO] gRPC GetRecentTrades: symbol=BNB/USDT, limit=10
2026-10-09T12:13:39.732+08:00 [INFO] gRPC GetTicker: symbol=BNB/USDT
2026-10-09T12:13:39.952+08:00 [INFO] gRPC GetOrderBook: symbol=BTC/USDT, depth=20
2026-10-09T12:13:39.953+08:00 [INFO] gRPC GetRecentTrades: symbol=BTC/USDT, limit=10
2026-10-09T12:13:39.953+08:00 [INFO] gRPC GetTicker: symbol=BTC/USDT
2026-10-09T12:13:40.447+08:00 [INFO] gRPC GetOrderBook: symbol=BTC/USDT, depth=20
2026-10-09T12:13:40.447+08:00 [INFO] gRPC GetRecentTrades: symbol=BTC/USDT, limit=10
2026-10-09T12:13:40.448+08:00 [INFO] gRPC GetTicker: symbol=BTC/USDT
2026-10-09T12:13:40.671+08:00 [INFO] gRPC GetOrderBook: symbol=ETH/USDT, depth=20
2026-10-09T12:13:40.672+08:00 [INFO] gRPC GetRecentTrades: symbol=ETH/USDT, limit=10
2026-10-09T12:13:40.672+08:00 [INFO] gRPC GetTicker: symbol=ETH/USDT
2026-10-09T12:13:40.959+08:00 [INFO] gRPC GetOrderBook: symbol=BNB/USDT, depth=20
2026-10-09T12:13:40.959+08:00 [INFO] gRPC GetRecentTrades: symbol=BNB/USDT, limit=10
2026-10-09T12:13:40.960+08:00 [INFO] gRPC GetTicker: symbol=BNB/USDT
2026-10-09T12:13:41.446+08:00 [INFO] gRPC GetOrderBook: symbol=BTC/USDT, depth=20
2026-10-09T12:13:41.447+08:00 [INFO] gRPC GetRecentTrades: symbol=BTC/USDT, limit=10
2026-10-09T12:13:41.447+08:00 [INFO] gRPC GetTicker: symbol=BTC/USDT
2026-10-09T12:13:41.670+08:00 [INFO] gRPC GetOrderBook: symbol=ETH/USDT, depth=20
2026-10-09T12:13:41.671+08:00 [INFO] gRPC GetRecentTrades: symbol=ETH/USDT, limit=10
2026-10-09T12:13:41.672+08:00 [INFO] gRPC GetTicker: symbol=ETH/USDT
2026-10-09T12:13:41.980+08:00 [INFO] gRPC GetOrderBook: symbol=BNB/USDT, depth=20
2026-10-09T12:13:41.980+08:00 [INFO] gRPC GetRecentTrades: symbol=BNB/USDT, limit=10
2026-10-09T12:13:41.981+08:00 [INFO] gRPC GetTicker: symbol=BNB/USDT
2026-10-09T12:13:42.446+08:00 [INFO] gRPC GetOrderBook: symbol=BNB/USDT, depth=20
2026-10-09T12:13:42.447+08:00 [INFO] gRPC GetRecentTrades: symbol=BNB/USDT, limit=10
2026-10-09T12:13:42.447+08:00 [INFO] gRPC GetTicker: symbol=BNB/USDT
2026-10-09T12:13:42.672+08:00 [INFO] gRPC GetOrderBook: symbol=BTC/USDT, depth=20
2026-10-09T12:13:42.672+08:00 [INFO] gRPC GetRecentTrades: symbol=BTC/USDT, limit=10
2026-10-09T12:13:42.673+08:00 [INFO] gRPC GetTicker: symbol=BTC/USDT
2026-10-09T12:13:42.895+08:00 [INFO] gRPC GetOrderBook: symbol=ETH/USDT, depth=20
2026-10-09T12:13:42.896+08:00 [INFO] gRPC GetRecentTrades: symbol=ETH/USDT, limit=10
2026-10-09T12:13:42.896+08:00 [INFO] gRPC GetTicker: symbol=ETH/USDT
2026-10-09T12:13:43.447+08:00 [INFO] gRPC GetOrderBook: symbol=BNB/USDT, depth=20
2026-10-09T12:13:43.452+08:00 [INFO] gRPC GetRecentTrades: symbol=BNB/USDT, limit=10
2026-10-09T12:13:43.453+08:00 [INFO] gRPC GetTicker: symbol=BNB/USDT
2026-10-09T12:13:43.679+08:00 [INFO] gRPC GetOrderBook: symbol=BTC/USDT, depth=20
2026-10-09T12:13:43.679+08:00 [INFO] gRPC GetRecentTrades: symbol=BTC/USDT, limit=10
2026-10-09T12:13:43.680+08:00 [INFO] gRPC GetTicker: symbol=BTC/USDT
2026-10-09T12:13:43.903+08:00 [INFO] gRPC GetOrderBook: symbol=ETH/USDT, depth=20
2026-10-09T12:13:43.903+08:00 [INFO] gRPC GetRecentTrades: symbol=ETH/USDT, limit=10
2026-10-09T12:13:43.904+08:00 [INFO] gRPC GetTicker: symbol=ETH/USDT
2026-10-09T12:13:44.446+08:00 [INFO] gRPC GetOrderBook: symbol=BNB/USDT, depth=20
2026-10-09T12:13:44.447+08:00 [INFO] gRPC GetRecentTrades: symbol=BNB/USDT, limit=10
2026-10-09T12:13:44.447+08:00 [INFO] gRPC GetTicker: symbol=BNB/USDT
2026-10-09T12:13:44.743+08:00 [INFO] gRPC GetOrderBook: symbol=BTC/USDT, depth=20
2026-10-09T12:13:44.743+08:00 [INFO] gRPC GetRecentTrades: symbol=BTC/USDT, limit=10
2026-10-09T12:13:44.744+08:00 [INFO] gRPC GetTicker: symbol=BTC/USDT
2026-10-09T12:13:44.968+08:00 [INFO] gRPC GetOrderBook: symbol=ETH/USDT, depth=20
2026-10-09T12:13:44.968+08:00 [INFO] gRPC GetRecentTrades: symbol=ETH/USDT, limit=10
2026-10-09T12:13:44.969+08:00 [INFO] gRPC GetTicker: symbol=ETH/USDT
2026-10-09T12:13:45.446+08:00 [INFO] gRPC GetOrderBook: symbol=ETH/USDT, depth=20
2026-10-09T12:13:45.447+08:00 [INFO] gRPC GetRecentTrades: symbol=ETH/USDT, limit=10
2026-10-09T12:13:45.447+08:00 [INFO] gRPC GetTicker: symbol=ETH/USDT
2026-10-09T12:13:45.667+08:00 [INFO] gRPC GetOrderBook: symbol=BNB/USDT, depth=20
2026-10-09T12:13:45.668+08:00 [INFO] gRPC GetRecentTrades: symbol=BNB/USDT, limit=10
2026-10-09T12:13:45.668+08:00 [INFO] gRPC GetTicker: symbol=BNB/USDT
2026-10-09T12:13:45.891+08:00 [INFO] gRPC GetOrderBook: symbol=BTC/USDT, depth=20
2026-10-09T12:13:45.891+08:00 [INFO] gRPC GetRecentTrades: symbol=BTC/USDT, limit=10
2026-10-09T12:13:45.892+08:00 [INFO] gRPC GetTicker: symbol=BTC/USDT
2026-10-09T12:13:46.446+08:00 [INFO] gRPC GetOrderBook: symbol=BTC/USDT, depth=20
2026-10-09T12:13:46.447+08:00 [INFO] gRPC GetRecentTrades: symbol=BTC/USDT, limit=10
2026-10-09T12:13:46.448+08:00 [INFO] gRPC GetTicker: symbol=BTC/USDT
2026-10-09T12:13:46.690+08:00 [INFO] gRPC GetOrderBook: symbol=ETH/USDT, depth=20
2026-10-09T12:13:46.691+08:00 [INFO] gRPC GetRecentTrades: symbol=ETH/USDT, limit=10
2026-10-09T12:13:46.691+08:00 [INFO] gRPC GetTicker: symbol=ETH/USDT
2026-10-09T12:13:46.939+08:00 [INFO] gRPC GetOrderBook: symbol=BNB/USDT, depth=20
2026-10-09T12:13:46.939+08:00 [INFO] gRPC GetRecentTrades: symbol=BNB/USDT, limit=10
2026-10-09T12:13:46.939+08:00 [INFO] gRPC GetTicker: symbol=BNB/USDT
2026-10-09T12:13:47.447+08:00 [INFO] gRPC GetOrderBook: symbol=BTC/USDT, depth=20
2026-10-09T12:13:47.447+08:00 [INFO] gRPC GetRecentTrades: symbol=BTC/USDT, limit=10
2026-10-09T12:13:47.448+08:00 [INFO] gRPC GetTicker: symbol=BTC/USDT
2026-10-09T12:13:47.667+08:00 [INFO] gRPC GetOrderBook: symbol=ETH/USDT, depth=20
2026-10-09T12:13:47.668+08:00 [INFO] gRPC GetRecentTrades: symbol=ETH/USDT, limit=10
2026-10-09T12:13:47.669+08:00 [INFO] gRPC GetTicker: symbol=ETH/USDT
2026-10-09T12:13:47.921+08:00 [INFO] gRPC GetOrderBook: symbol=BNB/USDT, depth=20
2026-10-09T12:13:47.921+08:00 [INFO] gRPC GetRecentTrades: symbol=BNB/USDT, limit=10
2026-10-09T12:13:47.921+08:00 [INFO] gRPC GetTicker: symbol=BNB/USDT
2026-10-09T12:13:48.446+08:00 [INFO] gRPC GetOrderBook: symbol=BNB/USDT, depth=20
2026-10-09T12:13:48.447+08:00 [INFO] gRPC GetRecentTrades: symbol=BNB/USDT, limit=10
2026-10-09T12:13:48.447+08:00 [INFO] gRPC GetTicker: symbol=BNB/USDT
2026-10-09T12:13:48.678+08:00 [INFO] gRPC GetOrderBook: symbol=BTC/USDT, depth=20
2026-10-09T12:13:48.679+08:00 [INFO] gRPC GetRecentTrades: symbol=BTC/USDT, limit=10
2026-10-09T12:13:48.679+08:00 [INFO] gRPC GetTicker: symbol=BTC/USDT
2026-10-09T12:13:48.901+08:00 [INFO] gRPC GetOrderBook: symbol=ETH/USDT, depth=20
2026-10-09T12:13:48.901+08:00 [INFO] gRPC GetRecentTrades: symbol=ETH/USDT, limit=10
2026-10-09T12:13:48.902+08:00 [INFO] gRPC GetTicker: symbol=ETH/USDT
2026-10-09T12:13:49.447+08:00 [INFO] gRPC GetOrderBook: symbol=BTC/USDT, depth=20
2026-10-09T12:13:49.448+08:00 [INFO] gRPC GetRecentTrades: symbol=BTC/USDT, limit=10
2026-10-09T12:13:49.448+08:00 [INFO] gRPC GetTicker: symbol=BTC/USDT
2026-10-09T12:13:49.671+08:00 [INFO] gRPC GetOrderBook: symbol=ETH/USDT, depth=20
2026-10-09T12:13:49.672+08:00 [INFO] gRPC GetRecentTrades: symbol=ETH/USDT, limit=10
2026-10-09T12:13:49.672+08:00 [INFO] gRPC GetTicker: symbol=ETH/USDT
2026-10-09T12:13:49.892+08:00 [INFO] gRPC GetOrderBook: symbol=BNB/USDT, depth=20
2026-10-09T12:13:49.893+08:00 [INFO] gRPC GetRecentTrades: symbol=BNB/USDT, limit=10
2026-10-09T12:13:49.893+08:00 [INFO] gRPC GetTicker: symbol=BNB/USDT
2026-10-09T12:13:50.447+08:00 [INFO] gRPC GetOrderBook: symbol=BNB/USDT, depth=20
2026-10-09T12:13:50.447+08:00 [INFO] gRPC GetRecentTrades: symbol=BNB/USDT, limit=10
2026-10-09T12:13:50.448+08:00 [INFO] gRPC GetTicker: symbol=BNB/USDT
2026-10-09T12:13:50.684+08:00 [INFO] gRPC GetOrderBook: symbol=BTC/USDT, depth=20
2026-10-09T12:13:50.684+08:00 [INFO] gRPC GetRecentTrades: symbol=BTC/USDT, limit=10
2026-10-09T12:13:50.685+08:00 [INFO] gRPC GetTicker: symbol=BTC/USDT
2026-10-09T12:13:50.907+08:00 [INFO] gRPC GetOrderBook: symbol=ETH/USDT, depth=20
2026-10-09T12:13:50.907+08:00 [INFO] gRPC GetRecentTrades: symbol=ETH/USDT, limit=10
2026-10-09T12:13:50.907+08:00 [INFO] gRPC GetTicker: symbol=ETH/USDT
2026-10-09T12:13:51.446+08:00 [INFO] gRPC GetOrderBook: symbol=ETH/USDT, depth=20
2026-10-09T12:13:51.447+08:00 [INFO] gRPC GetRecentTrades: symbol=ETH/USDT, limit=10
2026-10-09T12:13:51.447+08:00 [INFO] gRPC GetTicker: symbol=ETH/USDT
2026-10-09T12:13:52.129+08:00 [INFO] gRPC GetOrderBook: symbol=BNB/USDT, depth=20
2026-10-09T12:13:52.130+08:00 [INFO] gRPC GetRecentTrades: symbol=BNB/USDT, limit=10
2026-10-09T12:13:52.131+08:00 [INFO] gRPC GetTicker: symbol=BNB/USDT
2026-10-09T12:13:52.354+08:00 [INFO] gRPC GetOrderBook: symbol=BTC/USDT, depth=20
2026-10-09T12:13:52.354+08:00 [INFO] gRPC GetRecentTrades: symbol=BTC/USDT, limit=10
2026-10-09T12:13:52.354+08:00 [INFO] gRPC GetTicker: symbol=BTC/USDT
2026-10-09T12:13:52.576+08:00 [INFO] gRPC GetOrderBook: symbol=ETH/USDT, depth=20
2026-10-09T12:13:52.576+08:00 [INFO] gRPC GetRecentTrades: symbol=ETH/USDT, limit=10
2026-10-09T12:13:52.577+08:00 [INFO] gRPC GetTicker: symbol=ETH/USDT
2026-10-09T12:13:52.799+08:00 [INFO] gRPC GetOrderBook: symbol=BNB/USDT, depth=20
2026-10-09T12:13:52.800+08:00 [INFO] gRPC GetRecentTrades: symbol=BNB/USDT, limit=10
2026-10-09T12:13:52.800+08:00 [INFO] gRPC GetTicker: symbol=BNB/USDT
2026-10-09T12:13:53.039+08:00 [INFO] gRPC GetOrderBook: symbol=BTC/USDT, depth=20
2026-10-09T12:13:53.039+08:00 [INFO] gRPC GetRecentTrades: symbol=BTC/USDT, limit=10
2026-10-09T12:13:53.040+08:00 [INFO] gRPC GetTicker: symbol=BTC/USDT
2026-10-09T12:13:53.447+08:00 [INFO] gRPC GetOrderBook: symbol=ETH/USDT, depth=20
2026-10-09T12:13:53.447+08:00 [INFO] gRPC GetRecentTrades: symbol=ETH/USDT, limit=10
2026-10-09T12:13:53.448+08:00 [INFO] gRPC GetTicker: symbol=ETH/USDT
2026-10-09T12:13:53.672+08:00 [INFO] gRPC GetOrderBook: symbol=BNB/USDT, depth=20
2026-10-09T12:13:53.672+08:00 [INFO] gRPC GetRecentTrades: symbol=BNB/USDT, limit=10
2026-10-09T12:13:53.672+08:00 [INFO] gRPC GetTicker: symbol=BNB/USDT
2026-10-09T12:13:53.898+08:00 [INFO] gRPC GetOrderBook: symbol=BTC/USDT, depth=20
2026-10-09T12:13:53.899+08:00 [INFO] gRPC GetRecentTrades: symbol=BTC/USDT, limit=10
2026-10-09T12:13:53.899+08:00 [INFO] gRPC GetTicker: symbol=BTC/USDT
2026-10-09T12:13:54.447+08:00 [INFO] gRPC GetOrderBook: symbol=BTC/USDT, depth=20
2026-10-09T12:13:54.447+08:00 [INFO] gRPC GetRecentTrades: symbol=BTC/USDT, limit=10
2026-10-09T12:13:54.447+08:00 [INFO] gRPC GetTicker: symbol=BTC/USDT
2026-10-09T12:13:54.778+08:00 [INFO] gRPC GetOrderBook: symbol=ETH/USDT, depth=20
2026-10-09T12:13:54.778+08:00 [INFO] gRPC GetRecentTrades: symbol=ETH/USDT, limit=10
2026-10-09T12:13:54.778+08:00 [INFO] gRPC GetTicker: symbol=ETH/USDT
2026-10-09T12:13:55.002+08:00 [INFO] gRPC GetOrderBook: symbol=BNB/USDT, depth=20
2026-10-09T12:13:55.002+08:00 [INFO] gRPC GetRecentTrades: symbol=BNB/USDT, limit=10
2026-10-09T12:13:55.003+08:00 [INFO] gRPC GetTicker: symbol=BNB/USDT
2026-10-09T12:13:55.446+08:00 [INFO] gRPC GetOrderBook: symbol=BNB/USDT, depth=20
2026-10-09T12:13:55.446+08:00 [INFO] gRPC GetRecentTrades: symbol=BNB/USDT, limit=10
2026-10-09T12:13:55.447+08:00 [INFO] gRPC GetTicker: symbol=BNB/USDT
2026-10-09T12:13:55.673+08:00 [INFO] gRPC GetOrderBook: symbol=BTC/USDT, depth=20
2026-10-09T12:13:55.673+08:00 [INFO] gRPC GetRecentTrades: symbol=BTC/USDT, limit=10
2026-10-09T12:13:55.674+08:00 [INFO] gRPC GetTicker: symbol=BTC/USDT
2026-10-09T12:13:55.906+08:00 [INFO] gRPC GetOrderBook: symbol=ETH/USDT, depth=20
2026-10-09T12:13:55.906+08:00 [INFO] gRPC GetRecentTrades: symbol=ETH/USDT, limit=10
2026-10-09T12:13:55.907+08:00 [INFO] gRPC GetTicker: symbol=ETH/USDT
2026-10-09T12:13:56.446+08:00 [INFO] gRPC GetOrderBook: symbol=BTC/USDT, depth=20
2026-10-09T12:13:56.446+08:00 [INFO] gRPC GetRecentTrades: symbol=BTC/USDT, limit=10
2026-10-09T12:13:56.447+08:00 [INFO] gRPC GetTicker: symbol=BTC/USDT
2026-10-09T12:13:56.671+08:00 [INFO] gRPC GetOrderBook: symbol=ETH/USDT, depth=20
2026-10-09T12:13:56.672+08:00 [INFO] gRPC GetRecentTrades: symbol=ETH/USDT, limit=10
2026-10-09T12:13:56.672+08:00 [INFO] gRPC GetTicker: symbol=ETH/USDT
2026-10-09T12:13:56.930+08:00 [INFO] gRPC GetOrderBook: symbol=BNB/USDT, depth=20
2026-10-09T12:13:56.930+08:00 [INFO] gRPC GetRecentTrades: symbol=BNB/USDT, limit=10
2026-10-09T12:13:56.931+08:00 [INFO] gRPC GetTicker: symbol=BNB/USDT
2026-10-09T12:13:57.447+08:00 [INFO] gRPC GetOrderBook: symbol=ETH/USDT, depth=20
2026-10-09T12:13:57.447+08:00 [INFO] gRPC GetRecentTrades: symbol=ETH/USDT, limit=10
2026-10-09T12:13:57.447+08:00 [INFO] gRPC GetTicker: symbol=ETH/USDT
2026-10-09T12:13:57.749+08:00 [INFO] gRPC GetOrderBook: symbol=BNB/USDT, depth=20
2026-10-09T12:13:57.750+08:00 [INFO] gRPC GetRecentTrades: symbol=BNB/USDT, limit=10
2026-10-09T12:13:57.750+08:00 [INFO] gRPC GetTicker: symbol=BNB/USDT
2026-10-09T12:13:57.970+08:00 [INFO] gRPC GetOrderBook: symbol=BTC/USDT, depth=20
2026-10-09T12:13:57.971+08:00 [INFO] gRPC GetRecentTrades: symbol=BTC/USDT, limit=10
2026-10-09T12:13:57.971+08:00 [INFO] gRPC GetTicker: symbol=BTC/USDT
2026-10-09T12:13:58.447+08:00 [INFO] gRPC GetOrderBook: symbol=ETH/USDT, depth=20
2026-10-09T12:13:58.447+08:00 [INFO] gRPC GetRecentTrades: symbol=ETH/USDT, limit=10
2026-10-09T12:13:58.448+08:00 [INFO] gRPC GetTicker: symbol=ETH/USDT
2026-10-09T12:13:58.672+08:00 [INFO] gRPC GetOrderBook: symbol=BNB/USDT, depth=20
2026-10-09T12:13:58.672+08:00 [INFO] gRPC GetRecentTrades: symbol=BNB/USDT, limit=10
2026-10-09T12:13:58.673+08:00 [INFO] gRPC GetTicker: symbol=BNB/USDT
2026-10-09T12:13:58.978+08:00 [INFO] gRPC GetOrderBook: symbol=BTC/USDT, depth=20
2026-10-09T12:13:58.979+08:00 [INFO] gRPC GetRecentTrades: symbol=BTC/USDT, limit=10
2026-10-09T12:13:58.980+08:00 [INFO] gRPC GetTicker: symbol=BTC/USDT
2026-10-09T12:13:59.447+08:00 [INFO] gRPC GetOrderBook: symbol=BTC/USDT, depth=20
2026-10-09T12:13:59.447+08:00 [INFO] gRPC GetRecentTrades: symbol=BTC/USDT, limit=10
2026-10-09T12:13:59.448+08:00 [INFO] gRPC GetTicker: symbol=BTC/USDT
2026-10-09T12:13:59.695+08:00 [INFO] gRPC GetOrderBook: symbol=ETH/USDT, depth=20
2026-10-09T12:13:59.695+08:00 [INFO] gRPC GetRecentTrades: symbol=ETH/USDT, limit=10
2026-10-09T12:13:59.695+08:00 [INFO] gRPC GetTicker: symbol=ETH/USDT
2026-10-09T12:14:00.002+08:00 [INFO] gRPC GetOrderBook: symbol=BNB/USDT, depth=20
2026-10-09T12:14:00.003+08:00 [INFO] gRPC GetRecentTrades: symbol=BNB/USDT, limit=10
2026-10-09T12:14:00.003+08:00 [INFO] gRPC GetTicker: symbol=BNB/USDT
2026-10-09T12:14:00.447+08:00 [INFO] gRPC GetOrderBook: symbol=ETH/USDT, depth=20
2026-10-09T12:14:00.447+08:00 [INFO] gRPC GetRecentTrades: symbol=ETH/USDT, limit=10
2026-10-09T12:14:00.447+08:00 [INFO] gRPC GetTicker: symbol=ETH/USDT
2026-10-09T12:14:00.671+08:00 [INFO] gRPC GetOrderBook: symbol=BNB/USDT, depth=20
2026-10-09T12:14:00.672+08:00 [INFO] gRPC GetRecentTrades: symbol=BNB/USDT, limit=10
2026-10-09T12:14:00.672+08:00 [INFO] gRPC GetTicker: symbol=BNB/USDT
2026-10-09T12:14:00.896+08:00 [INFO] gRPC GetOrderBook: symbol=BTC/USDT, depth=20
2026-10-09T12:14:00.897+08:00 [INFO] gRPC GetRecentTrades: symbol=BTC/USDT, limit=10
2026-10-09T12:14:00.897+08:00 [INFO] gRPC GetTicker: symbol=BTC/USDT
2026-10-09T12:14:01.447+08:00 [INFO] gRPC GetOrderBook: symbol=BNB/USDT, depth=20
2026-10-09T12:14:01.448+08:00 [INFO] gRPC GetRecentTrades: symbol=BNB/USDT, limit=10
2026-10-09T12:14:01.448+08:00 [INFO] gRPC GetTicker: symbol=BNB/USDT
2026-10-09T12:14:01.679+08:00 [INFO] gRPC GetOrderBook: symbol=BTC/USDT, depth=20
2026-10-09T12:14:01.679+08:00 [INFO] gRPC GetRecentTrades: symbol=BTC/USDT, limit=10
2026-10-09T12:14:01.680+08:00 [INFO] gRPC GetTicker: symbol=BTC/USDT
2026-10-09T12:14:01.948+08:00 [INFO] gRPC GetOrderBook: symbol=ETH/USDT, depth=20
2026-10-09T12:14:01.948+08:00 [INFO] gRPC GetRecentTrades: symbol=ETH/USDT, limit=10
2026-10-09T12:14:01.949+08:00 [INFO] gRPC GetTicker: symbol=ETH/USDT
2026-10-09T12:14:02.447+08:00 [INFO] gRPC GetOrderBook: symbol=BTC/USDT, depth=20
2026-10-09T12:14:02.447+08:00 [INFO] gRPC GetRecentTrades: symbol=BTC/USDT, limit=10
2026-10-09T12:14:02.447+08:00 [INFO] gRPC GetTicker: symbol=BTC/USDT
2026-10-09T12:14:02.679+08:00 [INFO] gRPC GetOrderBook: symbol=ETH/USDT, depth=20
2026-10-09T12:14:02.679+08:00 [INFO] gRPC GetRecentTrades: symbol=ETH/USDT, limit=10
2026-10-09T12:14:02.680+08:00 [INFO] gRPC GetTicker: symbol=ETH/USDT
2026-10-09T12:14:02.901+08:00 [INFO] gRPC GetOrderBook: symbol=BNB/USDT, depth=20
2026-10-09T12:14:02.901+08:00 [INFO] gRPC GetRecentTrades: symbol=BNB/USDT, limit=10
2026-10-09T12:14:02.901+08:00 [INFO] gRPC GetTicker: symbol=BNB/USDT
2026-10-09T12:14:03.446+08:00 [INFO] gRPC GetOrderBook: symbol=BTC/USDT, depth=20
2026-10-09T12:14:03.447+08:00 [INFO] gRPC GetRecentTrades: symbol=BTC/USDT, limit=10
2026-10-09T12:14:03.447+08:00 [INFO] gRPC GetTicker: symbol=BTC/USDT
2026-10-09T12:14:03.677+08:00 [INFO] gRPC GetOrderBook: symbol=ETH/USDT, depth=20
2026-10-09T12:14:03.678+08:00 [INFO] gRPC GetRecentTrades: symbol=ETH/USDT, limit=10
2026-10-09T12:14:03.678+08:00 [INFO] gRPC GetTicker: symbol=ETH/USDT
2026-10-09T12:14:03.995+08:00 [INFO] gRPC GetOrderBook: symbol=BNB/USDT, depth=20
2026-10-09T12:14:03.996+08:00 [INFO] gRPC GetRecentTrades: symbol=BNB/USDT, limit=10
2026-10-09T12:14:03.996+08:00 [INFO] gRPC GetTicker: symbol=BNB/USDT
2026-10-09T12:14:04.447+08:00 [INFO] gRPC GetOrderBook: symbol=BTC/USDT, depth=20
2026-10-09T12:14:04.447+08:00 [INFO] gRPC GetRecentTrades: symbol=BTC/USDT, limit=10
2026-10-09T12:14:04.447+08:00 [INFO] gRPC GetTicker: symbol=BTC/USDT
2026-10-09T12:14:04.671+08:00 [INFO] gRPC GetOrderBook: symbol=ETH/USDT, depth=20
2026-10-09T12:14:04.671+08:00 [INFO] gRPC GetRecentTrades: symbol=ETH/USDT, limit=10
2026-10-09T12:14:04.672+08:00 [INFO] gRPC GetTicker: symbol=ETH/USDT
2026-10-09T12:14:04.895+08:00 [INFO] gRPC GetOrderBook: symbol=BNB/USDT, depth=20
2026-10-09T12:14:04.896+08:00 [INFO] gRPC GetRecentTrades: symbol=BNB/USDT, limit=10
2026-10-09T12:14:04.896+08:00 [INFO] gRPC GetTicker: symbol=BNB/USDT
2026-10-09T12:14:05.446+08:00 [INFO] gRPC GetOrderBook: symbol=BTC/USDT, depth=20
2026-10-09T12:14:05.447+08:00 [INFO] gRPC GetRecentTrades: symbol=BTC/USDT, limit=10
2026-10-09T12:14:05.448+08:00 [INFO] gRPC GetTicker: symbol=BTC/USDT
2026-10-09T12:14:05.736+08:00 [INFO] gRPC GetOrderBook: symbol=ETH/USDT, depth=20
2026-10-09T12:14:05.737+08:00 [INFO] gRPC GetRecentTrades: symbol=ETH/USDT, limit=10
2026-10-09T12:14:05.738+08:00 [INFO] gRPC GetTicker: symbol=ETH/USDT
2026-10-09T12:14:06.037+08:00 [INFO] gRPC GetOrderBook: symbol=BNB/USDT, depth=20
2026-10-09T12:14:06.037+08:00 [INFO] gRPC GetRecentTrades: symbol=BNB/USDT, limit=10
2026-10-09T12:14:06.037+08:00 [INFO] gRPC GetTicker: symbol=BNB/USDT
2026-10-09T12:14:06.446+08:00 [INFO] gRPC GetOrderBook: symbol=BTC/USDT, depth=20
2026-10-09T12:14:06.447+08:00 [INFO] gRPC GetRecentTrades: symbol=BTC/USDT, limit=10
2026-10-09T12:14:06.448+08:00 [INFO] gRPC GetTicker: symbol=BTC/USDT
2026-10-09T12:14:06.671+08:00 [INFO] gRPC GetOrderBook: symbol=ETH/USDT, depth=20
2026-10-09T12:14:06.672+08:00 [INFO] gRPC GetRecentTrades: symbol=ETH/USDT, limit=10
2026-10-09T12:14:06.672+08:00 [INFO] gRPC GetTicker: symbol=ETH/USDT
2026-10-09T12:14:06.965+08:00 [INFO] gRPC GetOrderBook: symbol=BNB/USDT, depth=20
2026-10-09T12:14:06.966+08:00 [INFO] gRPC GetRecentTrades: symbol=BNB/USDT, limit=10
2026-10-09T12:14:06.967+08:00 [INFO] gRPC GetTicker: symbol=BNB/USDT
2026-10-09T12:14:07.446+08:00 [INFO] gRPC GetOrderBook: symbol=ETH/USDT, depth=20
2026-10-09T12:14:07.447+08:00 [INFO] gRPC GetRecentTrades: symbol=ETH/USDT, limit=10
2026-10-09T12:14:07.448+08:00 [INFO] gRPC GetTicker: symbol=ETH/USDT
2026-10-09T12:14:07.682+08:00 [INFO] gRPC GetOrderBook: symbol=BNB/USDT, depth=20
2026-10-09T12:14:07.682+08:00 [INFO] gRPC GetRecentTrades: symbol=BNB/USDT, limit=10
2026-10-09T12:14:07.683+08:00 [INFO] gRPC GetTicker: symbol=BNB/USDT
2026-10-09T12:14:07.989+08:00 [INFO] gRPC GetOrderBook: symbol=BTC/USDT, depth=20
2026-10-09T12:14:07.990+08:00 [INFO] gRPC GetRecentTrades: symbol=BTC/USDT, limit=10
2026-10-09T12:14:07.990+08:00 [INFO] gRPC GetTicker: symbol=BTC/USDT
2026-10-09T12:14:08.446+08:00 [INFO] gRPC GetOrderBook: symbol=BNB/USDT, depth=20
2026-10-09T12:14:08.447+08:00 [INFO] gRPC GetRecentTrades: symbol=BNB/USDT, limit=10
2026-10-09T12:14:08.447+08:00 [INFO] gRPC GetTicker: symbol=BNB/USDT
2026-10-09T12:14:08.672+08:00 [INFO] gRPC GetOrderBook: symbol=BTC/USDT, depth=20
2026-10-09T12:14:08.672+08:00 [INFO] gRPC GetRecentTrades: symbol=BTC/USDT, limit=10
2026-10-09T12:14:08.673+08:00 [INFO] gRPC GetTicker: symbol=BTC/USDT
2026-10-09T12:14:08.894+08:00 [INFO] gRPC GetOrderBook: symbol=ETH/USDT, depth=20
2026-10-09T12:14:08.895+08:00 [INFO] gRPC GetRecentTrades: symbol=ETH/USDT, limit=10
2026-10-09T12:14:08.895+08:00 [INFO] gRPC GetTicker: symbol=ETH/USDT
2026-10-09T12:14:09.446+08:00 [INFO] gRPC GetOrderBook: symbol=BTC/USDT, depth=20
2026-10-09T12:14:09.447+08:00 [INFO] gRPC GetRecentTrades: symbol=BTC/USDT, limit=10
2026-10-09T12:14:09.447+08:00 [INFO] gRPC GetTicker: symbol=BTC/USDT
2026-10-09T12:14:09.670+08:00 [INFO] gRPC GetOrderBook: symbol=ETH/USDT, depth=20
2026-10-09T12:14:09.671+08:00 [INFO] gRPC GetRecentTrades: symbol=ETH/USDT, limit=10
2026-10-09T12:14:09.672+08:00 [INFO] gRPC GetTicker: symbol=ETH/USDT
2026-10-09T12:14:09.905+08:00 [INFO] gRPC GetOrderBook: symbol=BNB/USDT, depth=20
2026-10-09T12:14:09.905+08:00 [INFO] gRPC GetRecentTrades: symbol=BNB/USDT, limit=10
2026-10-09T12:14:09.906+08:00 [INFO] gRPC GetTicker: symbol=BNB/USDT
2026-10-09T12:14:10.445+08:00 [INFO] gRPC GetOrderBook: symbol=BNB/USDT, depth=20
2026-10-09T12:14:10.446+08:00 [INFO] gRPC GetRecentTrades: symbol=BNB/USDT, limit=10
2026-10-09T12:14:10.446+08:00 [INFO] gRPC GetTicker: symbol=BNB/USDT
2026-10-09T12:14:11.138+08:00 [INFO] gRPC GetOrderBook: symbol=BTC/USDT, depth=20
2026-10-09T12:14:11.141+08:00 [INFO] gRPC GetRecentTrades: symbol=BTC/USDT, limit=10
2026-10-09T12:14:11.141+08:00 [INFO] gRPC GetTicker: symbol=BTC/USDT
2026-10-09T12:14:11.364+08:00 [INFO] gRPC GetOrderBook: symbol=ETH/USDT, depth=20
2026-10-09T12:14:11.364+08:00 [INFO] gRPC GetRecentTrades: symbol=ETH/USDT, limit=10
2026-10-09T12:14:11.365+08:00 [INFO] gRPC GetTicker: symbol=ETH/USDT
2026-10-09T12:14:11.589+08:00 [INFO] gRPC GetOrderBook: symbol=BTC/USDT, depth=20
2026-10-09T12:14:11.590+08:00 [INFO] gRPC GetRecentTrades: symbol=BTC/USDT, limit=10
2026-10-09T12:14:11.590+08:00 [INFO] gRPC GetTicker: symbol=BTC/USDT
2026-10-09T12:14:11.813+08:00 [INFO] gRPC GetOrderBook: symbol=ETH/USDT, depth=20
2026-10-09T12:14:11.814+08:00 [INFO] gRPC GetRecentTrades: symbol=ETH/USDT, limit=10
2026-10-09T12:14:11.814+08:00 [INFO] gRPC GetTicker: symbol=ETH/USDT
2026-10-09T12:14:12.035+08:00 [INFO] gRPC GetOrderBook: symbol=BNB/USDT, depth=20
2026-10-09T12:14:12.036+08:00 [INFO] gRPC GetRecentTrades: symbol=BNB/USDT, limit=10
2026-10-09T12:14:12.036+08:00 [INFO] gRPC GetTicker: symbol=BNB/USDT
2026-10-09T12:14:12.446+08:00 [INFO] gRPC GetOrderBook: symbol=BTC/USDT, depth=20
2026-10-09T12:14:12.446+08:00 [INFO] gRPC GetRecentTrades: symbol=BTC/USDT, limit=10
2026-10-09T12:14:12.447+08:00 [INFO] gRPC GetTicker: symbol=BTC/USDT
2026-10-09T12:14:12.699+08:00 [INFO] gRPC GetOrderBook: symbol=ETH/USDT, depth=20
2026-10-09T12:14:12.700+08:00 [INFO] gRPC GetRecentTrades: symbol=ETH/USDT, limit=10
2026-10-09T12:14:12.700+08:00 [INFO] gRPC GetTicker: symbol=ETH/USDT
2026-10-09T12:14:13.006+08:00 [INFO] gRPC GetOrderBook: symbol=BNB/USDT, depth=20
2026-10-09T12:14:13.007+08:00 [INFO] gRPC GetRecentTrades: symbol=BNB/USDT, limit=10
2026-10-09T12:14:13.007+08:00 [INFO] gRPC GetTicker: symbol=BNB/USDT
2026-10-09T12:14:13.446+08:00 [INFO] gRPC GetOrderBook: symbol=BTC/USDT, depth=20
2026-10-09T12:14:13.446+08:00 [INFO] gRPC GetRecentTrades: symbol=BTC/USDT, limit=10
2026-10-09T12:14:13.447+08:00 [INFO] gRPC GetTicker: symbol=BTC/USDT
2026-10-09T12:14:13.671+08:00 [INFO] gRPC GetOrderBook: symbol=ETH/USDT, depth=20
2026-10-09T12:14:13.671+08:00 [INFO] gRPC GetRecentTrades: symbol=ETH/USDT, limit=10
2026-10-09T12:14:13.672+08:00 [INFO] gRPC GetTicker: symbol=ETH/USDT
2026-10-09T12:14:13.896+08:00 [INFO] gRPC GetOrderBook: symbol=BNB/USDT, depth=20
2026-10-09T12:14:13.897+08:00 [INFO] gRPC GetRecentTrades: symbol=BNB/USDT, limit=10
2026-10-09T12:14:13.897+08:00 [INFO] gRPC GetTicker: symbol=BNB/USDT
2026-10-09T12:14:14.446+08:00 [INFO] gRPC GetOrderBook: symbol=BTC/USDT, depth=20
2026-10-09T12:14:14.447+08:00 [INFO] gRPC GetRecentTrades: symbol=BTC/USDT, limit=10
2026-10-09T12:14:14.447+08:00 [INFO] gRPC GetTicker: symbol=BTC/USDT
2026-10-09T12:14:14.747+08:00 [INFO] gRPC GetOrderBook: symbol=ETH/USDT, depth=20
2026-10-09T12:14:14.748+08:00 [INFO] gRPC GetRecentTrades: symbol=ETH/USDT, limit=10
2026-10-09T12:14:14.749+08:00 [INFO] gRPC GetTicker: symbol=ETH/USDT
2026-10-09T12:14:15.054+08:00 [INFO] gRPC GetOrderBook: symbol=BNB/USDT, depth=20
2026-10-09T12:14:15.055+08:00 [INFO] gRPC GetRecentTrades: symbol=BNB/USDT, limit=10
2026-10-09T12:14:15.055+08:00 [INFO] gRPC GetTicker: symbol=BNB/USDT
2026-10-09T12:14:15.446+08:00 [INFO] gRPC GetOrderBook: symbol=BTC/USDT, depth=20
2026-10-09T12:14:15.446+08:00 [INFO] gRPC GetRecentTrades: symbol=BTC/USDT, limit=10
2026-10-09T12:14:15.447+08:00 [INFO] gRPC GetTicker: symbol=BTC/USDT
2026-10-09T12:14:15.710+08:00 [INFO] gRPC GetOrderBook: symbol=ETH/USDT, depth=20
2026-10-09T12:14:15.710+08:00 [INFO] gRPC GetRecentTrades: symbol=ETH/USDT, limit=10
2026-10-09T12:14:15.711+08:00 [INFO] gRPC GetTicker: symbol=ETH/USDT
2026-10-09T12:14:15.931+08:00 [INFO] gRPC GetOrderBook: symbol=BNB/USDT, depth=20
2026-10-09T12:14:15.931+08:00 [INFO] gRPC GetRecentTrades: symbol=BNB/USDT, limit=10
2026-10-09T12:14:15.932+08:00 [INFO] gRPC GetTicker: symbol=BNB/USDT
2026-10-09T12:14:16.446+08:00 [INFO] gRPC GetOrderBook: symbol=BTC/USDT, depth=20
2026-10-09T12:14:16.447+08:00 [INFO] gRPC GetRecentTrades: symbol=BTC/USDT, limit=10
2026-10-09T12:14:16.447+08:00 [INFO] gRPC GetTicker: symbol=BTC/USDT
2026-10-09T12:14:16.673+08:00 [INFO] gRPC GetOrderBook: symbol=ETH/USDT, depth=20
2026-10-09T12:14:16.673+08:00 [INFO] gRPC GetRecentTrades: symbol=ETH/USDT, limit=10
2026-10-09T12:14:16.674+08:00 [INFO] gRPC GetTicker: symbol=ETH/USDT
2026-10-09T12:14:17.000+08:00 [INFO] gRPC GetOrderBook: symbol=BNB/USDT, depth=20
2026-10-09T12:14:17.001+08:00 [INFO] gRPC GetRecentTrades: symbol=BNB/USDT, limit=10
2026-10-09T12:14:17.001+08:00 [INFO] gRPC GetTicker: symbol=BNB/USDT
2026-10-09T12:14:17.445+08:00 [INFO] gRPC GetOrderBook: symbol=BNB/USDT, depth=20
2026-10-09T12:14:17.446+08:00 [INFO] gRPC GetRecentTrades: symbol=BNB/USDT, limit=10
2026-10-09T12:14:17.446+08:00 [INFO] gRPC GetTicker: symbol=BNB/USDT
2026-10-09T12:14:17.715+08:00 [INFO] gRPC GetOrderBook: symbol=BTC/USDT, depth=20
2026-10-09T12:14:17.716+08:00 [INFO] gRPC GetRecentTrades: symbol=BTC/USDT, limit=10
2026-10-09T12:14:17.716+08:00 [INFO] gRPC GetTicker: symbol=BTC/USDT
2026-10-09T12:14:17.938+08:00 [INFO] gRPC GetOrderBook: symbol=ETH/USDT, depth=20
2026-10-09T12:14:17.939+08:00 [INFO] gRPC GetRecentTrades: symbol=ETH/USDT, limit=10
2026-10-09T12:14:17.939+08:00 [INFO] gRPC GetTicker: symbol=ETH/USDT
2026-10-09T12:14:18.446+08:00 [INFO] gRPC GetOrderBook: symbol=ETH/USDT, depth=20
2026-10-09T12:14:18.448+08:00 [INFO] gRPC GetRecentTrades: symbol=ETH/USDT, limit=10
2026-10-09T12:14:18.448+08:00 [INFO] gRPC GetTicker: symbol=ETH/USDT
2026-10-09T12:14:18.677+08:00 [INFO] gRPC GetOrderBook: symbol=BNB/USDT, depth=20
2026-10-09T12:14:18.678+08:00 [INFO] gRPC GetRecentTrades: symbol=BNB/USDT, limit=10
2026-10-09T12:14:18.678+08:00 [INFO] gRPC GetTicker: symbol=BNB/USDT
2026-10-09T12:14:18.945+08:00 [INFO] gRPC GetOrderBook: symbol=BTC/USDT, depth=20
2026-10-09T12:14:18.946+08:00 [INFO] gRPC GetRecentTrades: symbol=BTC/USDT, limit=10
2026-10-09T12:14:18.946+08:00 [INFO] gRPC GetTicker: symbol=BTC/USDT
2026-10-09T12:14:19.446+08:00 [INFO] gRPC GetOrderBook: symbol=ETH/USDT, depth=20
2026-10-09T12:14:19.447+08:00 [INFO] gRPC GetRecentTrades: symbol=ETH/USDT, limit=10
2026-10-09T12:14:19.447+08:00 [INFO] gRPC GetTicker: symbol=ETH/USDT
2026-10-09T12:14:19.672+08:00 [INFO] gRPC GetOrderBook: symbol=BNB/USDT, depth=20
2026-10-09T12:14:19.672+08:00 [INFO] gRPC GetRecentTrades: symbol=BNB/USDT, limit=10
2026-10-09T12:14:19.673+08:00 [INFO] gRPC GetTicker: symbol=BNB/USDT
2026-10-09T12:14:19.895+08:00 [INFO] gRPC GetOrderBook: symbol=BTC/USDT, depth=20
2026-10-09T12:14:19.896+08:00 [INFO] gRPC GetRecentTrades: symbol=BTC/USDT, limit=10
2026-10-09T12:14:19.896+08:00 [INFO] gRPC GetTicker: symbol=BTC/USDT
2026-10-09T12:14:20.446+08:00 [INFO] gRPC GetOrderBook: symbol=BTC/USDT, depth=20
2026-10-09T12:14:20.447+08:00 [INFO] gRPC GetRecentTrades: symbol=BTC/USDT, limit=10
2026-10-09T12:14:20.448+08:00 [INFO] gRPC GetTicker: symbol=BTC/USDT
2026-10-09T12:14:20.687+08:00 [INFO] gRPC GetOrderBook: symbol=ETH/USDT, depth=20
2026-10-09T12:14:20.689+08:00 [INFO] gRPC GetRecentTrades: symbol=ETH/USDT, limit=10
2026-10-09T12:14:20.690+08:00 [INFO] gRPC GetTicker: symbol=ETH/USDT
2026-10-09T12:14:20.914+08:00 [INFO] gRPC GetOrderBook: symbol=BNB/USDT, depth=20
2026-10-09T12:14:20.915+08:00 [INFO] gRPC GetRecentTrades: symbol=BNB/USDT, limit=10
2026-10-09T12:14:20.916+08:00 [INFO] gRPC GetTicker: symbol=BNB/USDT
2026-10-09T12:14:21.446+08:00 [INFO] gRPC GetOrderBook: symbol=BNB/USDT, depth=20
2026-10-09T12:14:21.447+08:00 [INFO] gRPC GetRecentTrades: symbol=BNB/USDT, limit=10
2026-10-09T12:14:21.447+08:00 [INFO] gRPC GetTicker: symbol=BNB/USDT
2026-10-09T12:14:21.669+08:00 [INFO] gRPC GetOrderBook: symbol=BTC/USDT, depth=20
2026-10-09T12:14:21.670+08:00 [INFO] gRPC GetRecentTrades: symbol=BTC/USDT, limit=10
2026-10-09T12:14:21.670+08:00 [INFO] gRPC GetTicker: symbol=BTC/USDT
2026-10-09T12:14:21.915+08:00 [INFO] gRPC GetOrderBook: symbol=ETH/USDT, depth=20
2026-10-09T12:14:21.915+08:00 [INFO] gRPC GetRecentTrades: symbol=ETH/USDT, limit=10
2026-10-09T12:14:21.916+08:00 [INFO] gRPC GetTicker: symbol=ETH/USDT
2026-10-09T12:14:22.446+08:00 [INFO] gRPC GetOrderBook: symbol=ETH/USDT, depth=20
2026-10-09T12:14:22.447+08:00 [INFO] gRPC GetRecentTrades: symbol=ETH/USDT, limit=10
2026-10-09T12:14:22.447+08:00 [INFO] gRPC GetTicker: symbol=ETH/USDT
2026-10-09T12:14:22.736+08:00 [INFO] gRPC GetOrderBook: symbol=BNB/USDT, depth=20
2026-10-09T12:14:22.736+08:00 [INFO] gRPC GetRecentTrades: symbol=BNB/USDT, limit=10
2026-10-09T12:14:22.737+08:00 [INFO] gRPC GetTicker: symbol=BNB/USDT
2026-10-09T12:14:23.042+08:00 [INFO] gRPC GetOrderBook: symbol=BTC/USDT, depth=20
2026-10-09T12:14:23.042+08:00 [INFO] gRPC GetRecentTrades: symbol=BTC/USDT, limit=10
2026-10-09T12:14:23.043+08:00 [INFO] gRPC GetTicker: symbol=BTC/USDT
2026-10-09T12:14:23.446+08:00 [INFO] gRPC GetOrderBook: symbol=ETH/USDT, depth=20
2026-10-09T12:14:23.448+08:00 [INFO] gRPC GetRecentTrades: symbol=ETH/USDT, limit=10
2026-10-09T12:14:23.448+08:00 [INFO] gRPC GetTicker: symbol=ETH/USDT
2026-10-09T12:14:23.671+08:00 [INFO] gRPC GetOrderBook: symbol=BNB/USDT, depth=20
2026-10-09T12:14:23.672+08:00 [INFO] gRPC GetRecentTrades: symbol=BNB/USDT, limit=10
2026-10-09T12:14:23.676+08:00 [INFO] gRPC GetTicker: symbol=BNB/USDT
2026-10-09T12:14:23.899+08:00 [INFO] gRPC GetOrderBook: symbol=BTC/USDT, depth=20
2026-10-09T12:14:23.900+08:00 [INFO] gRPC GetRecentTrades: symbol=BTC/USDT, limit=10
2026-10-09T12:14:23.900+08:00 [INFO] gRPC GetTicker: symbol=BTC/USDT
2026-10-09T12:14:24.445+08:00 [INFO] gRPC GetOrderBook: symbol=BNB/USDT, depth=20
2026-10-09T12:14:24.446+08:00 [INFO] gRPC GetRecentTrades: symbol=BNB/USDT, limit=10
2026-10-09T12:14:24.446+08:00 [INFO] gRPC GetTicker: symbol=BNB/USDT
2026-10-09T12:14:24.668+08:00 [INFO] gRPC GetOrderBook: symbol=BTC/USDT, depth=20
2026-10-09T12:14:24.669+08:00 [INFO] gRPC GetRecentTrades: symbol=BTC/USDT, limit=10
2026-10-09T12:14:24.669+08:00 [INFO] gRPC GetTicker: symbol=BTC/USDT
2026-10-09T12:14:24.893+08:00 [INFO] gRPC GetOrderBook: symbol=ETH/USDT, depth=20
2026-10-09T12:14:24.893+08:00 [INFO] gRPC GetRecentTrades: symbol=ETH/USDT, limit=10
2026-10-09T12:14:24.893+08:00 [INFO] gRPC GetTicker: symbol=ETH/USDT
2026-10-09T12:14:25.446+08:00 [INFO] gRPC GetOrderBook: symbol=BTC/USDT, depth=20
2026-10-09T12:14:25.446+08:00 [INFO] gRPC GetRecentTrades: symbol=BTC/USDT, limit=10
2026-10-09T12:14:25.447+08:00 [INFO] gRPC GetTicker: symbol=BTC/USDT
2026-10-09T12:14:26.113+08:00 [INFO] gRPC GetOrderBook: symbol=ETH/USDT, depth=20
2026-10-09T12:14:26.114+08:00 [INFO] gRPC GetRecentTrades: symbol=ETH/USDT, limit=10
2026-10-09T12:14:26.114+08:00 [INFO] gRPC GetTicker: symbol=ETH/USDT
2026-10-09T12:14:26.340+08:00 [INFO] gRPC GetOrderBook: symbol=BNB/USDT, depth=20
2026-10-09T12:14:26.340+08:00 [INFO] gRPC GetRecentTrades: symbol=BNB/USDT, limit=10
2026-10-09T12:14:26.341+08:00 [INFO] gRPC GetTicker: symbol=BNB/USDT
2026-10-09T12:14:26.624+08:00 [INFO] gRPC GetOrderBook: symbol=BTC/USDT, depth=20
2026-10-09T12:14:26.624+08:00 [INFO] gRPC GetRecentTrades: symbol=BTC/USDT, limit=10
2026-10-09T12:14:26.624+08:00 [INFO] gRPC GetTicker: symbol=BTC/USDT
2026-10-09T12:14:26.848+08:00 [INFO] gRPC GetOrderBook: symbol=ETH/USDT, depth=20
2026-10-09T12:14:26.848+08:00 [INFO] gRPC GetRecentTrades: symbol=ETH/USDT, limit=10
2026-10-09T12:14:26.849+08:00 [INFO] gRPC GetTicker: symbol=ETH/USDT
2026-10-09T12:14:27.137+08:00 [INFO] gRPC GetOrderBook: symbol=BNB/USDT, depth=20
2026-10-09T12:14:27.139+08:00 [INFO] gRPC GetRecentTrades: symbol=BNB/USDT, limit=10
2026-10-09T12:14:27.140+08:00 [INFO] gRPC GetTicker: symbol=BNB/USDT
2026-10-09T12:14:27.446+08:00 [INFO] gRPC GetOrderBook: symbol=BTC/USDT, depth=20
2026-10-09T12:14:27.446+08:00 [INFO] gRPC GetRecentTrades: symbol=BTC/USDT, limit=10
2026-10-09T12:14:27.447+08:00 [INFO] gRPC GetTicker: symbol=BTC/USDT
2026-10-09T12:14:27.752+08:00 [INFO] gRPC GetOrderBook: symbol=ETH/USDT, depth=20
2026-10-09T12:14:27.752+08:00 [INFO] gRPC GetRecentTrades: symbol=ETH/USDT, limit=10
2026-10-09T12:14:27.752+08:00 [INFO] gRPC GetTicker: symbol=ETH/USDT
2026-10-09T12:14:27.976+08:00 [INFO] gRPC GetOrderBook: symbol=BNB/USDT, depth=20
2026-10-09T12:14:27.977+08:00 [INFO] gRPC GetRecentTrades: symbol=BNB/USDT, limit=10
2026-10-09T12:14:27.978+08:00 [INFO] gRPC GetTicker: symbol=BNB/USDT
2026-10-09T12:14:28.446+08:00 [INFO] gRPC GetOrderBook: symbol=BTC/USDT, depth=20
2026-10-09T12:14:28.446+08:00 [INFO] gRPC GetRecentTrades: symbol=BTC/USDT, limit=10
2026-10-09T12:14:28.446+08:00 [INFO] gRPC GetTicker: symbol=BTC/USDT
2026-10-09T12:14:28.670+08:00 [INFO] gRPC GetOrderBook: symbol=ETH/USDT, depth=20
2026-10-09T12:14:28.670+08:00 [INFO] gRPC GetRecentTrades: symbol=ETH/USDT, limit=10
2026-10-09T12:14:28.670+08:00 [INFO] gRPC GetTicker: symbol=ETH/USDT
2026-10-09T12:14:28.893+08:00 [INFO] gRPC GetOrderBook: symbol=BNB/USDT, depth=20
2026-10-09T12:14:28.894+08:00 [INFO] gRPC GetRecentTrades: symbol=BNB/USDT, limit=10
2026-10-09T12:14:28.894+08:00 [INFO] gRPC GetTicker: symbol=BNB/USDT
2026-10-09T12:14:29.446+08:00 [INFO] gRPC GetOrderBook: symbol=BTC/USDT, depth=20
2026-10-09T12:14:29.447+08:00 [INFO] gRPC GetRecentTrades: symbol=BTC/USDT, limit=10
2026-10-09T12:14:29.448+08:00 [INFO] gRPC GetTicker: symbol=BTC/USDT
2026-10-09T12:14:29.698+08:00 [INFO] gRPC GetOrderBook: symbol=ETH/USDT, depth=20
2026-10-09T12:14:29.698+08:00 [INFO] gRPC GetRecentTrades: symbol=ETH/USDT, limit=10
2026-10-09T12:14:29.699+08:00 [INFO] gRPC GetTicker: symbol=ETH/USDT
2026-10-09T12:14:30.369+08:00 [INFO] gRPC GetOrderBook: symbol=BNB/USDT, depth=20
2026-10-09T12:14:30.369+08:00 [INFO] gRPC GetRecentTrades: symbol=BNB/USDT, limit=10
2026-10-09T12:14:30.370+08:00 [INFO] gRPC GetTicker: symbol=BNB/USDT
2026-10-09T12:14:30.593+08:00 [INFO] gRPC GetOrderBook: symbol=BTC/USDT, depth=20
2026-10-09T12:14:30.594+08:00 [INFO] gRPC GetRecentTrades: symbol=BTC/USDT, limit=10
2026-10-09T12:14:30.594+08:00 [INFO] gRPC GetTicker: symbol=BTC/USDT
2026-10-09T12:14:30.817+08:00 [INFO] gRPC GetOrderBook: symbol=ETH/USDT, depth=20
2026-10-09T12:14:30.817+08:00 [INFO] gRPC GetRecentTrades: symbol=ETH/USDT, limit=10
2026-10-09T12:14:30.818+08:00 [INFO] gRPC GetTicker: symbol=ETH/USDT
2026-10-09T12:14:31.038+08:00 [INFO] gRPC GetOrderBook: symbol=BNB/USDT, depth=20
2026-10-09T12:14:31.039+08:00 [INFO] gRPC GetRecentTrades: symbol=BNB/USDT, limit=10
2026-10-09T12:14:31.039+08:00 [INFO] gRPC GetTicker: symbol=BNB/USDT
2026-10-09T12:14:31.446+08:00 [INFO] gRPC GetOrderBook: symbol=ETH/USDT, depth=20
2026-10-09T12:14:31.447+08:00 [INFO] gRPC GetRecentTrades: symbol=ETH/USDT, limit=10
2026-10-09T12:14:31.447+08:00 [INFO] gRPC GetTicker: symbol=ETH/USDT
2026-10-09T12:14:31.745+08:00 [INFO] gRPC GetOrderBook: symbol=BNB/USDT, depth=20
2026-10-09T12:14:31.746+08:00 [INFO] gRPC GetRecentTrades: symbol=BNB/USDT, limit=10
2026-10-09T12:14:31.746+08:00 [INFO] gRPC GetTicker: symbol=BNB/USDT
2026-10-09T12:14:32.453+08:00 [INFO] gRPC GetOrderBook: symbol=BTC/USDT, depth=20
2026-10-09T12:14:32.454+08:00 [INFO] gRPC GetRecentTrades: symbol=BTC/USDT, limit=10
2026-10-09T12:14:32.455+08:00 [INFO] gRPC GetTicker: symbol=BTC/USDT
2026-10-09T12:14:32.679+08:00 [INFO] gRPC GetOrderBook: symbol=BNB/USDT, depth=20
2026-10-09T12:14:32.680+08:00 [INFO] gRPC GetRecentTrades: symbol=BNB/USDT, limit=10
2026-10-09T12:14:32.680+08:00 [INFO] gRPC GetTicker: symbol=BNB/USDT
2026-10-09T12:14:32.904+08:00 [INFO] gRPC GetOrderBook: symbol=BTC/USDT, depth=20
2026-10-09T12:14:32.904+08:00 [INFO] gRPC GetRecentTrades: symbol=BTC/USDT, limit=10
2026-10-09T12:14:32.905+08:00 [INFO] gRPC GetTicker: symbol=BTC/USDT
2026-10-09T12:14:33.182+08:00 [INFO] gRPC GetOrderBook: symbol=ETH/USDT, depth=20
2026-10-09T12:14:33.183+08:00 [INFO] gRPC GetRecentTrades: symbol=ETH/USDT, limit=10
2026-10-09T12:14:33.183+08:00 [INFO] gRPC GetTicker: symbol=ETH/USDT
2026-10-09T12:14:33.486+08:00 [INFO] gRPC GetOrderBook: symbol=BNB/USDT, depth=20
2026-10-09T12:14:33.487+08:00 [INFO] gRPC GetRecentTrades: symbol=BNB/USDT, limit=10
2026-10-09T12:14:33.487+08:00 [INFO] gRPC GetTicker: symbol=BNB/USDT
2026-10-09T12:14:33.709+08:00 [INFO] gRPC GetOrderBook: symbol=BTC/USDT, depth=20
2026-10-09T12:14:33.709+08:00 [INFO] gRPC GetRecentTrades: symbol=BTC/USDT, limit=10
2026-10-09T12:14:33.710+08:00 [INFO] gRPC GetTicker: symbol=BTC/USDT
2026-10-09T12:14:33.933+08:00 [INFO] gRPC GetOrderBook: symbol=ETH/USDT, depth=20
2026-10-09T12:14:33.933+08:00 [INFO] gRPC GetRecentTrades: symbol=ETH/USDT, limit=10
2026-10-09T12:14:33.934+08:00 [INFO] gRPC GetTicker: symbol=ETH/USDT
2026-10-09T12:14:34.446+08:00 [INFO] gRPC GetOrderBook: symbol=BTC/USDT, depth=20
2026-10-09T12:14:34.447+08:00 [INFO] gRPC GetRecentTrades: symbol=BTC/USDT, limit=10
2026-10-09T12:14:34.448+08:00 [INFO] gRPC GetTicker: symbol=BTC/USDT
2026-10-09T12:14:34.675+08:00 [INFO] gRPC GetOrderBook: symbol=ETH/USDT, depth=20
2026-10-09T12:14:34.675+08:00 [INFO] gRPC GetRecentTrades: symbol=ETH/USDT, limit=10
2026-10-09T12:14:34.675+08:00 [INFO] gRPC GetTicker: symbol=ETH/USDT
2026-10-09T12:14:34.893+08:00 [INFO] gRPC GetOrderBook: symbol=BNB/USDT, depth=20
2026-10-09T12:14:34.894+08:00 [INFO] gRPC GetRecentTrades: symbol=BNB/USDT, limit=10
2026-10-09T12:14:34.894+08:00 [INFO] gRPC GetTicker: symbol=BNB/USDT
2026-10-09T12:14:35.446+08:00 [INFO] gRPC GetOrderBook: symbol=BTC/USDT, depth=20
2026-10-09T12:14:35.447+08:00 [INFO] gRPC GetRecentTrades: symbol=BTC/USDT, limit=10
2026-10-09T12:14:35.448+08:00 [INFO] gRPC GetTicker: symbol=BTC/USDT
2026-10-09T12:14:35.678+08:00 [INFO] gRPC GetOrderBook: symbol=ETH/USDT, depth=20
2026-10-09T12:14:35.680+08:00 [INFO] gRPC GetRecentTrades: symbol=ETH/USDT, limit=10
2026-10-09T12:14:35.681+08:00 [INFO] gRPC GetTicker: symbol=ETH/USDT
2026-10-09T12:14:35.943+08:00 [INFO] gRPC GetOrderBook: symbol=BNB/USDT, depth=20
2026-10-09T12:14:35.944+08:00 [INFO] gRPC GetRecentTrades: symbol=BNB/USDT, limit=10
2026-10-09T12:14:35.944+08:00 [INFO] gRPC GetTicker: symbol=BNB/USDT
2026-10-09T12:14:36.446+08:00 [INFO] gRPC GetOrderBook: symbol=BTC/USDT, depth=20
2026-10-09T12:14:36.448+08:00 [INFO] gRPC GetRecentTrades: symbol=BTC/USDT, limit=10
2026-10-09T12:14:36.449+08:00 [INFO] gRPC GetTicker: symbol=BTC/USDT
2026-10-09T12:14:36.674+08:00 [INFO] gRPC GetOrderBook: symbol=ETH/USDT, depth=20
2026-10-09T12:14:36.675+08:00 [INFO] gRPC GetRecentTrades: symbol=ETH/USDT, limit=10
2026-10-09T12:14:36.676+08:00 [INFO] gRPC GetTicker: symbol=ETH/USDT
2026-10-09T12:14:36.896+08:00 [INFO] gRPC GetOrderBook: symbol=BNB/USDT, depth=20
2026-10-09T12:14:36.897+08:00 [INFO] gRPC GetRecentTrades: symbol=BNB/USDT, limit=10
2026-10-09T12:14:36.898+08:00 [INFO] gRPC GetTicker: symbol=BNB/USDT
2026-10-09T12:14:37.446+08:00 [INFO] gRPC GetOrderBook: symbol=BTC/USDT, depth=20
2026-10-09T12:14:37.447+08:00 [INFO] gRPC GetRecentTrades: symbol=BTC/USDT, limit=10
2026-10-09T12:14:37.447+08:00 [INFO] gRPC GetTicker: symbol=BTC/USDT
2026-10-09T12:14:37.683+08:00 [INFO] gRPC GetOrderBook: symbol=ETH/USDT, depth=20
2026-10-09T12:14:37.683+08:00 [INFO] gRPC GetRecentTrades: symbol=ETH/USDT, limit=10
2026-10-09T12:14:37.684+08:00 [INFO] gRPC GetTicker: symbol=ETH/USDT
2026-10-09T12:14:37.990+08:00 [INFO] gRPC GetOrderBook: symbol=BNB/USDT, depth=20
2026-10-09T12:14:37.991+08:00 [INFO] gRPC GetRecentTrades: symbol=BNB/USDT, limit=10
2026-10-09T12:14:37.991+08:00 [INFO] gRPC GetTicker: symbol=BNB/USDT
2026-10-09T12:14:38.445+08:00 [INFO] gRPC GetOrderBook: symbol=BTC/USDT, depth=20
2026-10-09T12:14:38.447+08:00 [INFO] gRPC GetRecentTrades: symbol=BTC/USDT, limit=10
2026-10-09T12:14:38.447+08:00 [INFO] gRPC GetTicker: symbol=BTC/USDT
2026-10-09T12:14:38.671+08:00 [INFO] gRPC GetOrderBook: symbol=ETH/USDT, depth=20
2026-10-09T12:14:38.672+08:00 [INFO] gRPC GetRecentTrades: symbol=ETH/USDT, limit=10
2026-10-09T12:14:38.672+08:00 [INFO] gRPC GetTicker: symbol=ETH/USDT
2026-10-09T12:14:38.896+08:00 [INFO] gRPC GetOrderBook: symbol=BNB/USDT, depth=20
2026-10-09T12:14:38.896+08:00 [INFO] gRPC GetRecentTrades: symbol=BNB/USDT, limit=10
2026-10-09T12:14:38.896+08:00 [INFO] gRPC GetTicker: symbol=BNB/USDT
2026-10-09T12:14:39.446+08:00 [INFO] gRPC GetOrderBook: symbol=ETH/USDT, depth=20
2026-10-09T12:14:39.447+08:00 [INFO] gRPC GetRecentTrades: symbol=ETH/USDT, limit=10
2026-10-09T12:14:39.447+08:00 [INFO] gRPC GetTicker: symbol=ETH/USDT
2026-10-09T12:14:39.671+08:00 [INFO] gRPC GetOrderBook: symbol=BNB/USDT, depth=20
2026-10-09T12:14:39.673+08:00 [INFO] gRPC GetRecentTrades: symbol=BNB/USDT, limit=10
2026-10-09T12:14:39.674+08:00 [INFO] gRPC GetTicker: symbol=BNB/USDT
2026-10-09T12:14:39.937+08:00 [INFO] gRPC GetOrderBook: symbol=BTC/USDT, depth=20
2026-10-09T12:14:39.939+08:00 [INFO] gRPC GetRecentTrades: symbol=BTC/USDT, limit=10
2026-10-09T12:14:39.939+08:00 [INFO] gRPC GetTicker: symbol=BTC/USDT
2026-10-09T12:14:40.446+08:00 [INFO] gRPC GetOrderBook: symbol=BTC/USDT, depth=20
2026-10-09T12:14:40.446+08:00 [INFO] gRPC GetRecentTrades: symbol=BTC/USDT, limit=10
2026-10-09T12:14:40.447+08:00 [INFO] gRPC GetTicker: symbol=BTC/USDT
2026-10-09T12:14:40.670+08:00 [INFO] gRPC GetOrderBook: symbol=ETH/USDT, depth=20
2026-10-09T12:14:40.671+08:00 [INFO] gRPC GetRecentTrades: symbol=ETH/USDT, limit=10
2026-10-09T12:14:40.672+08:00 [INFO] gRPC GetTicker: symbol=ETH/USDT
2026-10-09T12:14:40.894+08:00 [INFO] gRPC GetOrderBook: symbol=BNB/USDT, depth=20
2026-10-09T12:14:40.894+08:00 [INFO] gRPC GetRecentTrades: symbol=BNB/USDT, limit=10
2026-10-09T12:14:40.894+08:00 [INFO] gRPC GetTicker: symbol=BNB/USDT
2026-10-09T12:14:41.446+08:00 [INFO] gRPC GetOrderBook: symbol=BTC/USDT, depth=20
2026-10-09T12:14:41.447+08:00 [INFO] gRPC GetRecentTrades: symbol=BTC/USDT, limit=10
2026-10-09T12:14:41.447+08:00 [INFO] gRPC GetTicker: symbol=BTC/USDT
2026-10-09T12:14:41.676+08:00 [INFO] gRPC GetOrderBook: symbol=ETH/USDT, depth=20
2026-10-09T12:14:41.676+08:00 [INFO] gRPC GetRecentTrades: symbol=ETH/USDT, limit=10
2026-10-09T12:14:41.676+08:00 [INFO] gRPC GetTicker: symbol=ETH/USDT
2026-10-09T12:14:41.901+08:00 [INFO] gRPC GetOrderBook: symbol=BNB/USDT, depth=20
2026-10-09T12:14:41.905+08:00 [INFO] gRPC GetRecentTrades: symbol=BNB/USDT, limit=10
2026-10-09T12:14:41.906+08:00 [INFO] gRPC GetTicker: symbol=BNB/USDT
2026-10-09T12:14:42.446+08:00 [INFO] gRPC GetOrderBook: symbol=BTC/USDT, depth=20
2026-10-09T12:14:42.447+08:00 [INFO] gRPC GetRecentTrades: symbol=BTC/USDT, limit=10
2026-10-09T12:14:42.447+08:00 [INFO] gRPC GetTicker: symbol=BTC/USDT
2026-10-09T12:14:42.698+08:00 [INFO] gRPC GetOrderBook: symbol=ETH/USDT, depth=20
2026-10-09T12:14:42.699+08:00 [INFO] gRPC GetRecentTrades: symbol=ETH/USDT, limit=10
2026-10-09T12:14:42.700+08:00 [INFO] gRPC GetTicker: symbol=ETH/USDT
2026-10-09T12:14:42.923+08:00 [INFO] gRPC GetOrderBook: symbol=BNB/USDT, depth=20
2026-10-09T12:14:42.923+08:00 [INFO] gRPC GetRecentTrades: symbol=BNB/USDT, limit=10
2026-10-09T12:14:42.924+08:00 [INFO] gRPC GetTicker: symbol=BNB/USDT
2026-10-09T12:14:43.446+08:00 [INFO] gRPC GetOrderBook: symbol=BNB/USDT, depth=20
2026-10-09T12:14:43.447+08:00 [INFO] gRPC GetRecentTrades: symbol=BNB/USDT, limit=10
2026-10-09T12:14:43.447+08:00 [INFO] gRPC GetTicker: symbol=BNB/USDT
2026-10-09T12:14:43.670+08:00 [INFO] gRPC GetOrderBook: symbol=BTC/USDT, depth=20
2026-10-09T12:14:43.670+08:00 [INFO] gRPC GetRecentTrades: symbol=BTC/USDT, limit=10
2026-10-09T12:14:43.671+08:00 [INFO] gRPC GetTicker: symbol=BTC/USDT
2026-10-09T12:14:43.894+08:00 [INFO] gRPC GetOrderBook: symbol=ETH/USDT, depth=20
2026-10-09T12:14:43.894+08:00 [INFO] gRPC GetRecentTrades: symbol=ETH/USDT, limit=10
2026-10-09T12:14:43.895+08:00 [INFO] gRPC GetTicker: symbol=ETH/USDT
2026-10-09T12:14:44.446+08:00 [INFO] gRPC GetOrderBook: symbol=BTC/USDT, depth=20
2026-10-09T12:14:44.447+08:00 [INFO] gRPC GetRecentTrades: symbol=BTC/USDT, limit=10
2026-10-09T12:14:44.447+08:00 [INFO] gRPC GetTicker: symbol=BTC/USDT
2026-10-09T12:14:44.749+08:00 [INFO] gRPC GetOrderBook: symbol=ETH/USDT, depth=20
2026-10-09T12:14:44.750+08:00 [INFO] gRPC GetRecentTrades: symbol=ETH/USDT, limit=10
2026-10-09T12:14:44.751+08:00 [INFO] gRPC GetTicker: symbol=ETH/USDT
2026-10-09T12:14:45.057+08:00 [INFO] gRPC GetOrderBook: symbol=BNB/USDT, depth=20
2026-10-09T12:14:45.063+08:00 [INFO] gRPC GetRecentTrades: symbol=BNB/USDT, limit=10
2026-10-09T12:14:45.064+08:00 [INFO] gRPC GetTicker: symbol=BNB/USDT
2026-10-09T12:14:45.446+08:00 [INFO] gRPC GetOrderBook: symbol=BTC/USDT, depth=20
2026-10-09T12:14:45.447+08:00 [INFO] gRPC GetRecentTrades: symbol=BTC/USDT, limit=10
2026-10-09T12:14:45.447+08:00 [INFO] gRPC GetTicker: symbol=BTC/USDT
2026-10-09T12:14:45.669+08:00 [INFO] gRPC GetOrderBook: symbol=ETH/USDT, depth=20
2026-10-09T12:14:45.670+08:00 [INFO] gRPC GetRecentTrades: symbol=ETH/USDT, limit=10
2026-10-09T12:14:45.670+08:00 [INFO] gRPC GetTicker: symbol=ETH/USDT
2026-10-09T12:14:45.892+08:00 [INFO] gRPC GetOrderBook: symbol=BNB/USDT, depth=20
2026-10-09T12:14:45.893+08:00 [INFO] gRPC GetRecentTrades: symbol=BNB/USDT, limit=10
2026-10-09T12:14:45.893+08:00 [INFO] gRPC GetTicker: symbol=BNB/USDT
2026-10-09T12:14:46.446+08:00 [INFO] gRPC GetOrderBook: symbol=BTC/USDT, depth=20
2026-10-09T12:14:46.446+08:00 [INFO] gRPC GetRecentTrades: symbol=BTC/USDT, limit=10
2026-10-09T12:14:46.447+08:00 [INFO] gRPC GetTicker: symbol=BTC/USDT
2026-10-09T12:14:46.676+08:00 [INFO] gRPC GetOrderBook: symbol=ETH/USDT, depth=20
2026-10-09T12:14:46.676+08:00 [INFO] gRPC GetRecentTrades: symbol=ETH/USDT, limit=10
2026-10-09T12:14:46.677+08:00 [INFO] gRPC GetTicker: symbol=ETH/USDT
2026-10-09T12:14:46.900+08:00 [INFO] gRPC GetOrderBook: symbol=BNB/USDT, depth=20
2026-10-09T12:14:46.901+08:00 [INFO] gRPC GetRecentTrades: symbol=BNB/USDT, limit=10
2026-10-09T12:14:46.901+08:00 [INFO] gRPC GetTicker: symbol=BNB/USDT
2026-10-09T12:14:47.446+08:00 [INFO] gRPC GetOrderBook: symbol=BTC/USDT, depth=20
2026-10-09T12:14:47.447+08:00 [INFO] gRPC GetRecentTrades: symbol=BTC/USDT, limit=10
2026-10-09T12:14:47.448+08:00 [INFO] gRPC GetTicker: symbol=BTC/USDT
2026-10-09T12:14:47.719+08:00 [INFO] gRPC GetOrderBook: symbol=ETH/USDT, depth=20
2026-10-09T12:14:47.720+08:00 [INFO] gRPC GetRecentTrades: symbol=ETH/USDT, limit=10
2026-10-09T12:14:47.721+08:00 [INFO] gRPC GetTicker: symbol=ETH/USDT
2026-10-09T12:14:47.941+08:00 [INFO] gRPC GetOrderBook: symbol=BNB/USDT, depth=20
2026-10-09T12:14:47.941+08:00 [INFO] gRPC GetRecentTrades: symbol=BNB/USDT, limit=10
2026-10-09T12:14:47.942+08:00 [INFO] gRPC GetTicker: symbol=BNB/USDT
2026-10-09T12:14:48.446+08:00 [INFO] gRPC GetOrderBook: symbol=BNB/USDT, depth=20
2026-10-09T12:14:48.446+08:00 [INFO] gRPC GetRecentTrades: symbol=BNB/USDT, limit=10
2026-10-09T12:14:48.447+08:00 [INFO] gRPC GetTicker: symbol=BNB/USDT
2026-10-09T12:14:48.743+08:00 [INFO] gRPC GetOrderBook: symbol=BTC/USDT, depth=20
2026-10-09T12:14:48.743+08:00 [INFO] gRPC GetRecentTrades: symbol=BTC/USDT, limit=10
2026-10-09T12:14:48.743+08:00 [INFO] gRPC GetTicker: symbol=BTC/USDT
2026-10-09T12:14:49.018+08:00 [INFO] gRPC GetOrderBook: symbol=ETH/USDT, depth=20
2026-10-09T12:14:49.019+08:00 [INFO] gRPC GetRecentTrades: symbol=ETH/USDT, limit=10
2026-10-09T12:14:49.019+08:00 [INFO] gRPC GetTicker: symbol=ETH/USDT
2026-10-09T12:14:49.446+08:00 [INFO] gRPC GetOrderBook: symbol=BTC/USDT, depth=20
2026-10-09T12:14:49.447+08:00 [INFO] gRPC GetRecentTrades: symbol=BTC/USDT, limit=10
2026-10-09T12:14:49.447+08:00 [INFO] gRPC GetTicker: symbol=BTC/USDT
2026-10-09T12:14:49.674+08:00 [INFO] gRPC GetOrderBook: symbol=ETH/USDT, depth=20
2026-10-09T12:14:49.675+08:00 [INFO] gRPC GetRecentTrades: symbol=ETH/USDT, limit=10
2026-10-09T12:14:49.675+08:00 [INFO] gRPC GetTicker: symbol=ETH/USDT
2026-10-09T12:14:49.901+08:00 [INFO] gRPC GetOrderBook: symbol=BNB/USDT, depth=20
2026-10-09T12:14:49.902+08:00 [INFO] gRPC GetRecentTrades: symbol=BNB/USDT, limit=10
2026-10-09T12:14:49.902+08:00 [INFO] gRPC GetTicker: symbol=BNB/USDT
2026-10-09T12:14:50.592+08:00 [INFO] gRPC GetOrderBook: symbol=BTC/USDT, depth=20
2026-10-09T12:14:50.593+08:00 [INFO] gRPC GetRecentTrades: symbol=BTC/USDT, limit=10
2026-10-09T12:14:50.594+08:00 [INFO] gRPC GetTicker: symbol=BTC/USDT
2026-10-09T12:14:50.815+08:00 [INFO] gRPC GetOrderBook: symbol=ETH/USDT, depth=20
2026-10-09T12:14:50.815+08:00 [INFO] gRPC GetRecentTrades: symbol=ETH/USDT, limit=10
2026-10-09T12:14:50.816+08:00 [INFO] gRPC GetTicker: symbol=ETH/USDT
2026-10-09T12:14:51.097+08:00 [INFO] gRPC GetOrderBook: symbol=BNB/USDT, depth=20
2026-10-09T12:14:51.098+08:00 [INFO] gRPC GetRecentTrades: symbol=BNB/USDT, limit=10
2026-10-09T12:14:51.098+08:00 [INFO] gRPC GetTicker: symbol=BNB/USDT
2026-10-09T12:14:51.777+08:00 [INFO] gRPC GetOrderBook: symbol=BTC/USDT, depth=20
2026-10-09T12:14:51.777+08:00 [INFO] gRPC GetRecentTrades: symbol=BTC/USDT, limit=10
2026-10-09T12:14:51.778+08:00 [INFO] gRPC GetTicker: symbol=BTC/USDT
2026-10-09T12:14:52.002+08:00 [INFO] gRPC GetOrderBook: symbol=ETH/USDT, depth=20
2026-10-09T12:14:52.002+08:00 [INFO] gRPC GetRecentTrades: symbol=ETH/USDT, limit=10
2026-10-09T12:14:52.003+08:00 [INFO] gRPC GetTicker: symbol=ETH/USDT
2026-10-09T12:14:52.326+08:00 [INFO] gRPC GetOrderBook: symbol=BNB/USDT, depth=20
2026-10-09T12:14:52.326+08:00 [INFO] gRPC GetRecentTrades: symbol=BNB/USDT, limit=10
2026-10-09T12:14:52.327+08:00 [INFO] gRPC GetTicker: symbol=BNB/USDT
2026-10-09T12:14:52.550+08:00 [INFO] gRPC GetOrderBook: symbol=BTC/USDT, depth=20
2026-10-09T12:14:52.551+08:00 [INFO] gRPC GetRecentTrades: symbol=BTC/USDT, limit=10
2026-10-09T12:14:52.551+08:00 [INFO] gRPC GetTicker: symbol=BTC/USDT
2026-10-09T12:14:52.839+08:00 [INFO] gRPC GetOrderBook: symbol=ETH/USDT, depth=20
2026-10-09T12:14:52.839+08:00 [INFO] gRPC GetRecentTrades: symbol=ETH/USDT, limit=10
2026-10-09T12:14:52.840+08:00 [INFO] gRPC GetTicker: symbol=ETH/USDT
2026-10-09T12:14:53.063+08:00 [INFO] gRPC GetOrderBook: symbol=BNB/USDT, depth=20
2026-10-09T12:14:53.064+08:00 [INFO] gRPC GetRecentTrades: symbol=BNB/USDT, limit=10
2026-10-09T12:14:53.065+08:00 [INFO] gRPC GetTicker: symbol=BNB/USDT
2026-10-09T12:14:53.445+08:00 [INFO] gRPC GetOrderBook: symbol=BTC/USDT, depth=20
2026-10-09T12:14:53.446+08:00 [INFO] gRPC GetRecentTrades: symbol=BTC/USDT, limit=10
2026-10-09T12:14:53.446+08:00 [INFO] gRPC GetTicker: symbol=BTC/USDT
2026-10-09T12:14:53.671+08:00 [INFO] gRPC GetOrderBook: symbol=ETH/USDT, depth=20
2026-10-09T12:14:53.672+08:00 [INFO] gRPC GetRecentTrades: symbol=ETH/USDT, limit=10
2026-10-09T12:14:53.672+08:00 [INFO] gRPC GetTicker: symbol=ETH/USDT
2026-10-09T12:14:53.900+08:00 [INFO] gRPC GetOrderBook: symbol=BNB/USDT, depth=20
2026-10-09T12:14:53.901+08:00 [INFO] gRPC GetRecentTrades: symbol=BNB/USDT, limit=10
2026-10-09T12:14:53.902+08:00 [INFO] gRPC GetTicker: symbol=BNB/USDT
2026-10-09T12:14:54.447+08:00 [INFO] gRPC GetOrderBook: symbol=BNB/USDT, depth=20
2026-10-09T12:14:54.448+08:00 [INFO] gRPC GetRecentTrades: symbol=BNB/USDT, limit=10
2026-10-09T12:14:54.448+08:00 [INFO] gRPC GetTicker: symbol=BNB/USDT
2026-10-09T12:14:54.680+08:00 [INFO] gRPC GetOrderBook: symbol=BTC/USDT, depth=20
2026-10-09T12:14:54.681+08:00 [INFO] gRPC GetRecentTrades: symbol=BTC/USDT, limit=10
2026-10-09T12:14:54.681+08:00 [INFO] gRPC GetTicker: symbol=BTC/USDT
2026-10-09T12:14:54.903+08:00 [INFO] gRPC GetOrderBook: symbol=ETH/USDT, depth=20
2026-10-09T12:14:54.903+08:00 [INFO] gRPC GetRecentTrades: symbol=ETH/USDT, limit=10
2026-10-09T12:14:54.904+08:00 [INFO] gRPC GetTicker: symbol=ETH/USDT
2026-10-09T12:14:55.446+08:00 [INFO] gRPC GetOrderBook: symbol=ETH/USDT, depth=20
2026-10-09T12:14:55.446+08:00 [INFO] gRPC GetRecentTrades: symbol=ETH/USDT, limit=10
2026-10-09T12:14:55.446+08:00 [INFO] gRPC GetTicker: symbol=ETH/USDT
2026-10-09T12:14:55.669+08:00 [INFO] gRPC GetOrderBook: symbol=BNB/USDT, depth=20
2026-10-09T12:14:55.669+08:00 [INFO] gRPC GetRecentTrades: symbol=BNB/USDT, limit=10
2026-10-09T12:14:55.670+08:00 [INFO] gRPC GetTicker: symbol=BNB/USDT
2026-10-09T12:14:55.891+08:00 [INFO] gRPC GetOrderBook: symbol=BTC/USDT, depth=20
2026-10-09T12:14:55.892+08:00 [INFO] gRPC GetRecentTrades: symbol=BTC/USDT, limit=10
2026-10-09T12:14:55.892+08:00 [INFO] gRPC GetTicker: symbol=BTC/USDT
2026-10-09T12:14:56.446+08:00 [INFO] gRPC GetOrderBook: symbol=ETH/USDT, depth=20
2026-10-09T12:14:56.446+08:00 [INFO] gRPC GetRecentTrades: symbol=ETH/USDT, limit=10
2026-10-09T12:14:56.447+08:00 [INFO] gRPC GetTicker: symbol=ETH/USDT
2026-10-09T12:14:56.729+08:00 [INFO] gRPC GetOrderBook: symbol=BNB/USDT, depth=20
2026-10-09T12:14:56.730+08:00 [INFO] gRPC GetRecentTrades: symbol=BNB/USDT, limit=10
2026-10-09T12:14:56.730+08:00 [INFO] gRPC GetTicker: symbol=BNB/USDT
2026-10-09T12:14:56.955+08:00 [INFO] gRPC GetOrderBook: symbol=BTC/USDT, depth=20
2026-10-09T12:14:56.955+08:00 [INFO] gRPC GetRecentTrades: symbol=BTC/USDT, limit=10
2026-10-09T12:14:56.956+08:00 [INFO] gRPC GetTicker: symbol=BTC/USDT
2026-10-09T12:14:57.446+08:00 [INFO] gRPC GetOrderBook: symbol=BTC/USDT, depth=20
2026-10-09T12:14:57.446+08:00 [INFO] gRPC GetRecentTrades: symbol=BTC/USDT, limit=10
2026-10-09T12:14:57.447+08:00 [INFO] gRPC GetTicker: symbol=BTC/USDT
2026-10-09T12:14:57.671+08:00 [INFO] gRPC GetOrderBook: symbol=ETH/USDT, depth=20
2026-10-09T12:14:57.671+08:00 [INFO] gRPC GetRecentTrades: symbol=ETH/USDT, limit=10
2026-10-09T12:14:57.672+08:00 [INFO] gRPC GetTicker: symbol=ETH/USDT
2026-10-09T12:14:57.894+08:00 [INFO] gRPC GetOrderBook: symbol=BNB/USDT, depth=20
2026-10-09T12:14:57.894+08:00 [INFO] gRPC GetRecentTrades: symbol=BNB/USDT, limit=10
2026-10-09T12:14:57.894+08:00 [INFO] gRPC GetTicker: symbol=BNB/USDT
2026-10-09T12:14:58.446+08:00 [INFO] gRPC GetOrderBook: symbol=BNB/USDT, depth=20
2026-10-09T12:14:58.446+08:00 [INFO] gRPC GetRecentTrades: symbol=BNB/USDT, limit=10
2026-10-09T12:14:58.447+08:00 [INFO] gRPC GetTicker: symbol=BNB/USDT
2026-10-09T12:14:58.670+08:00 [INFO] gRPC GetOrderBook: symbol=BTC/USDT, depth=20
2026-10-09T12:14:58.670+08:00 [INFO] gRPC GetRecentTrades: symbol=BTC/USDT, limit=10
2026-10-09T12:14:58.671+08:00 [INFO] gRPC GetTicker: symbol=BTC/USDT
2026-10-09T12:14:58.899+08:00 [INFO] gRPC GetOrderBook: symbol=ETH/USDT, depth=20
2026-10-09T12:14:58.899+08:00 [INFO] gRPC GetRecentTrades: symbol=ETH/USDT, limit=10
2026-10-09T12:14:58.900+08:00 [INFO] gRPC GetTicker: symbol=ETH/USDT
2026-10-09T12:14:59.446+08:00 [INFO] gRPC GetOrderBook: symbol=BNB/USDT, depth=20
2026-10-09T12:14:59.446+08:00 [INFO] gRPC GetRecentTrades: symbol=BNB/USDT, limit=10
2026-10-09T12:14:59.447+08:00 [INFO] gRPC GetTicker: symbol=BNB/USDT
2026-10-09T12:14:59.699+08:00 [INFO] gRPC GetOrderBook: symbol=BTC/USDT, depth=20
2026-10-09T12:14:59.699+08:00 [INFO] gRPC GetRecentTrades: symbol=BTC/USDT, limit=10
2026-10-09T12:14:59.700+08:00 [INFO] gRPC GetTicker: symbol=BTC/USDT
2026-10-09T12:15:00.108+08:00 [INFO] gRPC GetOrderBook: symbol=ETH/USDT, depth=20
2026-10-09T12:15:00.109+08:00 [INFO] gRPC GetRecentTrades: symbol=ETH/USDT, limit=10
2026-10-09T12:15:00.109+08:00 [INFO] gRPC GetTicker: symbol=ETH/USDT
2026-10-09T12:15:00.446+08:00 [INFO] gRPC GetOrderBook: symbol=BTC/USDT, depth=20
2026-10-09T12:15:00.447+08:00 [INFO] gRPC GetRecentTrades: symbol=BTC/USDT, limit=10
2026-10-09T12:15:00.447+08:00 [INFO] gRPC GetTicker: symbol=BTC/USDT
2026-10-09T12:15:00.673+08:00 [INFO] gRPC GetOrderBook: symbol=ETH/USDT, depth=20
2026-10-09T12:15:00.674+08:00 [INFO] gRPC GetRecentTrades: symbol=ETH/USDT, limit=10
2026-10-09T12:15:00.674+08:00 [INFO] gRPC GetTicker: symbol=ETH/USDT
2026-10-09T12:15:00.898+08:00 [INFO] gRPC GetOrderBook: symbol=BNB/USDT, depth=20
2026-10-09T12:15:00.900+08:00 [INFO] gRPC GetRecentTrades: symbol=BNB/USDT, limit=10
2026-10-09T12:15:00.900+08:00 [INFO] gRPC GetTicker: symbol=BNB/USDT
2026-10-09T12:15:01.446+08:00 [INFO] gRPC GetOrderBook: symbol=BTC/USDT, depth=20
2026-10-09T12:15:01.446+08:00 [INFO] gRPC GetRecentTrades: symbol=BTC/USDT, limit=10
2026-10-09T12:15:01.447+08:00 [INFO] gRPC GetTicker: symbol=BTC/USDT
2026-10-09T12:15:01.678+08:00 [INFO] gRPC GetOrderBook: symbol=ETH/USDT, depth=20
2026-10-09T12:15:01.679+08:00 [INFO] gRPC GetRecentTrades: symbol=ETH/USDT, limit=10
2026-10-09T12:15:01.679+08:00 [INFO] gRPC GetTicker: symbol=ETH/USDT
2026-10-09T12:15:01.951+08:00 [INFO] gRPC GetOrderBook: symbol=BNB/USDT, depth=20
2026-10-09T12:15:01.952+08:00 [INFO] gRPC GetRecentTrades: symbol=BNB/USDT, limit=10
2026-10-09T12:15:01.953+08:00 [INFO] gRPC GetTicker: symbol=BNB/USDT
2026-10-09T12:15:02.446+08:00 [INFO] gRPC GetOrderBook: symbol=BTC/USDT, depth=20
2026-10-09T12:15:02.446+08:00 [INFO] gRPC GetRecentTrades: symbol=BTC/USDT, limit=10
2026-10-09T12:15:02.447+08:00 [INFO] gRPC GetTicker: symbol=BTC/USDT
2026-10-09T12:15:02.670+08:00 [INFO] gRPC GetOrderBook: symbol=ETH/USDT, depth=20
2026-10-09T12:15:02.670+08:00 [INFO] gRPC GetRecentTrades: symbol=ETH/USDT, limit=10
2026-10-09T12:15:02.671+08:00 [INFO] gRPC GetTicker: symbol=ETH/USDT
2026-10-09T12:15:02.892+08:00 [INFO] gRPC GetOrderBook: symbol=BNB/USDT, depth=20
2026-10-09T12:15:02.893+08:00 [INFO] gRPC GetRecentTrades: symbol=BNB/USDT, limit=10
2026-10-09T12:15:02.893+08:00 [INFO] gRPC GetTicker: symbol=BNB/USDT
2026-10-09T12:15:03.445+08:00 [INFO] gRPC GetOrderBook: symbol=BTC/USDT, depth=20
2026-10-09T12:15:03.446+08:00 [INFO] gRPC GetRecentTrades: symbol=BTC/USDT, limit=10
2026-10-09T12:15:03.447+08:00 [INFO] gRPC GetTicker: symbol=BTC/USDT
2026-10-09T12:15:03.693+08:00 [INFO] gRPC GetOrderBook: symbol=ETH/USDT, depth=20
2026-10-09T12:15:03.694+08:00 [INFO] gRPC GetRecentTrades: symbol=ETH/USDT, limit=10
2026-10-09T12:15:03.694+08:00 [INFO] gRPC GetTicker: symbol=ETH/USDT
2026-10-09T12:15:04.000+08:00 [INFO] gRPC GetOrderBook: symbol=BNB/USDT, depth=20
2026-10-09T12:15:04.000+08:00 [INFO] gRPC GetRecentTrades: symbol=BNB/USDT, limit=10
2026-10-09T12:15:04.001+08:00 [INFO] gRPC GetTicker: symbol=BNB/USDT
2026-10-09T12:15:04.446+08:00 [INFO] gRPC GetOrderBook: symbol=BTC/USDT, depth=20
2026-10-09T12:15:04.447+08:00 [INFO] gRPC GetRecentTrades: symbol=BTC/USDT, limit=10
2026-10-09T12:15:04.447+08:00 [INFO] gRPC GetTicker: symbol=BTC/USDT
2026-10-09T12:15:04.670+08:00 [INFO] gRPC GetOrderBook: symbol=ETH/USDT, depth=20
2026-10-09T12:15:04.670+08:00 [INFO] gRPC GetRecentTrades: symbol=ETH/USDT, limit=10
2026-10-09T12:15:04.671+08:00 [INFO] gRPC GetTicker: symbol=ETH/USDT
2026-10-09T12:15:04.922+08:00 [INFO] gRPC GetOrderBook: symbol=BNB/USDT, depth=20
2026-10-09T12:15:04.922+08:00 [INFO] gRPC GetRecentTrades: symbol=BNB/USDT, limit=10
2026-10-09T12:15:04.923+08:00 [INFO] gRPC GetTicker: symbol=BNB/USDT
2026-10-09T12:15:05.446+08:00 [INFO] gRPC GetOrderBook: symbol=BNB/USDT, depth=20
2026-10-09T12:15:05.446+08:00 [INFO] gRPC GetRecentTrades: symbol=BNB/USDT, limit=10
2026-10-09T12:15:05.446+08:00 [INFO] gRPC GetTicker: symbol=BNB/USDT
2026-10-09T12:15:05.743+08:00 [INFO] gRPC GetOrderBook: symbol=BTC/USDT, depth=20
2026-10-09T12:15:05.743+08:00 [INFO] gRPC GetRecentTrades: symbol=BTC/USDT, limit=10
2026-10-09T12:15:05.743+08:00 [INFO] gRPC GetTicker: symbol=BTC/USDT
2026-10-09T12:15:06.048+08:00 [INFO] gRPC GetOrderBook: symbol=ETH/USDT, depth=20
2026-10-09T12:15:06.048+08:00 [INFO] gRPC GetRecentTrades: symbol=ETH/USDT, limit=10
2026-10-09T12:15:06.048+08:00 [INFO] gRPC GetTicker: symbol=ETH/USDT
2026-10-09T12:15:06.446+08:00 [INFO] gRPC GetOrderBook: symbol=ETH/USDT, depth=20
2026-10-09T12:15:06.447+08:00 [INFO] gRPC GetRecentTrades: symbol=ETH/USDT, limit=10
2026-10-09T12:15:06.447+08:00 [INFO] gRPC GetTicker: symbol=ETH/USDT
2026-10-09T12:15:06.675+08:00 [INFO] gRPC GetOrderBook: symbol=BNB/USDT, depth=20
2026-10-09T12:15:06.675+08:00 [INFO] gRPC GetRecentTrades: symbol=BNB/USDT, limit=10
2026-10-09T12:15:06.676+08:00 [INFO] gRPC GetTicker: symbol=BNB/USDT
2026-10-09T12:15:06.898+08:00 [INFO] gRPC GetOrderBook: symbol=BTC/USDT, depth=20
2026-10-09T12:15:06.899+08:00 [INFO] gRPC GetRecentTrades: symbol=BTC/USDT, limit=10
2026-10-09T12:15:06.899+08:00 [INFO] gRPC GetTicker: symbol=BTC/USDT
2026-10-09T12:15:07.446+08:00 [INFO] gRPC GetOrderBook: symbol=BTC/USDT, depth=20
2026-10-09T12:15:07.447+08:00 [INFO] gRPC GetRecentTrades: symbol=BTC/USDT, limit=10
2026-10-09T12:15:07.448+08:00 [INFO] gRPC GetTicker: symbol=BTC/USDT
2026-10-09T12:15:07.686+08:00 [INFO] gRPC GetOrderBook: symbol=ETH/USDT, depth=20
2026-10-09T12:15:07.686+08:00 [INFO] gRPC GetRecentTrades: symbol=ETH/USDT, limit=10
2026-10-09T12:15:07.687+08:00 [INFO] gRPC GetTicker: symbol=ETH/USDT
2026-10-09T12:15:08.388+08:00 [INFO] gRPC GetOrderBook: symbol=BNB/USDT, depth=20
2026-10-09T12:15:08.388+08:00 [INFO] gRPC GetRecentTrades: symbol=BNB/USDT, limit=10
2026-10-09T12:15:08.389+08:00 [INFO] gRPC GetTicker: symbol=BNB/USDT
2026-10-09T12:15:08.614+08:00 [INFO] gRPC GetOrderBook: symbol=BTC/USDT, depth=20
2026-10-09T12:15:08.615+08:00 [INFO] gRPC GetRecentTrades: symbol=BTC/USDT, limit=10
2026-10-09T12:15:08.616+08:00 [INFO] gRPC GetTicker: symbol=BTC/USDT
2026-10-09T12:15:08.841+08:00 [INFO] gRPC GetOrderBook: symbol=ETH/USDT, depth=20
2026-10-09T12:15:08.841+08:00 [INFO] gRPC GetRecentTrades: symbol=ETH/USDT, limit=10
2026-10-09T12:15:08.842+08:00 [INFO] gRPC GetTicker: symbol=ETH/USDT
2026-10-09T12:15:09.065+08:00 [INFO] gRPC GetOrderBook: symbol=BNB/USDT, depth=20
2026-10-09T12:15:09.066+08:00 [INFO] gRPC GetRecentTrades: symbol=BNB/USDT, limit=10
2026-10-09T12:15:09.066+08:00 [INFO] gRPC GetTicker: symbol=BNB/USDT
2026-10-09T12:15:09.446+08:00 [INFO] gRPC GetOrderBook: symbol=BTC/USDT, depth=20
2026-10-09T12:15:09.447+08:00 [INFO] gRPC GetRecentTrades: symbol=BTC/USDT, limit=10
2026-10-09T12:15:09.448+08:00 [INFO] gRPC GetTicker: symbol=BTC/USDT
2026-10-09T12:15:09.669+08:00 [INFO] gRPC GetOrderBook: symbol=ETH/USDT, depth=20
2026-10-09T12:15:09.670+08:00 [INFO] gRPC GetRecentTrades: symbol=ETH/USDT, limit=10
2026-10-09T12:15:09.671+08:00 [INFO] gRPC GetTicker: symbol=ETH/USDT
2026-10-09T12:15:09.893+08:00 [INFO] gRPC GetOrderBook: symbol=BNB/USDT, depth=20
2026-10-09T12:15:09.893+08:00 [INFO] gRPC GetRecentTrades: symbol=BNB/USDT, limit=10
2026-10-09T12:15:09.893+08:00 [INFO] gRPC GetTicker: symbol=BNB/USDT
2026-10-09T12:15:10.445+08:00 [INFO] gRPC GetOrderBook: symbol=BTC/USDT, depth=20
2026-10-09T12:15:10.445+08:00 [INFO] gRPC GetRecentTrades: symbol=BTC/USDT, limit=10
2026-10-09T12:15:10.446+08:00 [INFO] gRPC GetTicker: symbol=BTC/USDT
2026-10-09T12:15:10.670+08:00 [INFO] gRPC GetOrderBook: symbol=ETH/USDT, depth=20
2026-10-09T12:15:10.671+08:00 [INFO] gRPC GetRecentTrades: symbol=ETH/USDT, limit=10
2026-10-09T12:15:10.671+08:00 [INFO] gRPC GetTicker: symbol=ETH/USDT
2026-10-09T12:15:10.891+08:00 [INFO] gRPC GetOrderBook: symbol=BNB/USDT, depth=20
2026-10-09T12:15:10.891+08:00 [INFO] gRPC GetRecentTrades: symbol=BNB/USDT, limit=10
2026-10-09T12:15:10.891+08:00 [INFO] gRPC GetTicker: symbol=BNB/USDT
2026-10-09T12:15:11.445+08:00 [INFO] gRPC GetOrderBook: symbol=ETH/USDT, depth=20
2026-10-09T12:15:11.446+08:00 [INFO] gRPC GetRecentTrades: symbol=ETH/USDT, limit=10
2026-10-09T12:15:11.447+08:00 [INFO] gRPC GetTicker: symbol=ETH/USDT
2026-10-09T12:15:11.671+08:00 [INFO] gRPC GetOrderBook: symbol=BNB/USDT, depth=20
2026-10-09T12:15:11.671+08:00 [INFO] gRPC GetRecentTrades: symbol=BNB/USDT, limit=10
2026-10-09T12:15:11.671+08:00 [INFO] gRPC GetTicker: symbol=BNB/USDT
2026-10-09T12:15:11.895+08:00 [INFO] gRPC GetOrderBook: symbol=BTC/USDT, depth=20
2026-10-09T12:15:11.896+08:00 [INFO] gRPC GetRecentTrades: symbol=BTC/USDT, limit=10
2026-10-09T12:15:11.896+08:00 [INFO] gRPC GetTicker: symbol=BTC/USDT
2026-10-09T12:15:12.445+08:00 [INFO] gRPC GetOrderBook: symbol=BTC/USDT, depth=20
2026-10-09T12:15:12.446+08:00 [INFO] gRPC GetRecentTrades: symbol=BTC/USDT, limit=10
2026-10-09T12:15:12.447+08:00 [INFO] gRPC GetTicker: symbol=BTC/USDT
2026-10-09T12:15:12.670+08:00 [INFO] gRPC GetOrderBook: symbol=ETH/USDT, depth=20
2026-10-09T12:15:12.671+08:00 [INFO] gRPC GetRecentTrades: symbol=ETH/USDT, limit=10
2026-10-09T12:15:12.671+08:00 [INFO] gRPC GetTicker: symbol=ETH/USDT
2026-10-09T12:15:12.894+08:00 [INFO] gRPC GetOrderBook: symbol=BNB/USDT, depth=20
2026-10-09T12:15:12.895+08:00 [INFO] gRPC GetRecentTrades: symbol=BNB/USDT, limit=10
2026-10-09T12:15:12.895+08:00 [INFO] gRPC GetTicker: symbol=BNB/USDT
2026-10-09T12:15:13.445+08:00 [INFO] gRPC GetOrderBook: symbol=BTC/USDT, depth=20
2026-10-09T12:15:13.446+08:00 [INFO] gRPC GetRecentTrades: symbol=BTC/USDT, limit=10
2026-10-09T12:15:13.446+08:00 [INFO] gRPC GetTicker: symbol=BTC/USDT
2026-10-09T12:15:13.670+08:00 [INFO] gRPC GetOrderBook: symbol=ETH/USDT, depth=20
2026-10-09T12:15:13.670+08:00 [INFO] gRPC GetRecentTrades: symbol=ETH/USDT, limit=10
2026-10-09T12:15:13.671+08:00 [INFO] gRPC GetTicker: symbol=ETH/USDT
2026-10-09T12:15:13.892+08:00 [INFO] gRPC GetOrderBook: symbol=BNB/USDT, depth=20
2026-10-09T12:15:13.893+08:00 [INFO] gRPC GetRecentTrades: symbol=BNB/USDT, limit=10
2026-10-09T12:15:13.893+08:00 [INFO] gRPC GetTicker: symbol=BNB/USDT
2026-10-09T12:15:14.446+08:00 [INFO] gRPC GetOrderBook: symbol=ETH/USDT, depth=20
2026-10-09T12:15:14.446+08:00 [INFO] gRPC GetRecentTrades: symbol=ETH/USDT, limit=10
2026-10-09T12:15:14.447+08:00 [INFO] gRPC GetTicker: symbol=ETH/USDT
2026-10-09T12:15:14.758+08:00 [INFO] gRPC GetOrderBook: symbol=BNB/USDT, depth=20
2026-10-09T12:15:14.758+08:00 [INFO] gRPC GetRecentTrades: symbol=BNB/USDT, limit=10
2026-10-09T12:15:14.759+08:00 [INFO] gRPC GetTicker: symbol=BNB/USDT
2026-10-09T12:15:15.059+08:00 [INFO] gRPC GetOrderBook: symbol=BTC/USDT, depth=20
2026-10-09T12:15:15.060+08:00 [INFO] gRPC GetRecentTrades: symbol=BTC/USDT, limit=10
2026-10-09T12:15:15.060+08:00 [INFO] gRPC GetTicker: symbol=BTC/USDT
2026-10-09T12:15:15.445+08:00 [INFO] gRPC GetOrderBook: symbol=BNB/USDT, depth=20
2026-10-09T12:15:15.446+08:00 [INFO] gRPC GetRecentTrades: symbol=BNB/USDT, limit=10
2026-10-09T12:15:15.446+08:00 [INFO] gRPC GetTicker: symbol=BNB/USDT
2026-10-09T12:15:15.777+08:00 [INFO] gRPC GetOrderBook: symbol=BTC/USDT, depth=20
2026-10-09T12:15:15.777+08:00 [INFO] gRPC GetRecentTrades: symbol=BTC/USDT, limit=10
2026-10-09T12:15:15.778+08:00 [INFO] gRPC GetTicker: symbol=BTC/USDT
2026-10-09T12:15:16.065+08:00 [INFO] gRPC GetOrderBook: symbol=ETH/USDT, depth=20
2026-10-09T12:15:16.066+08:00 [INFO] gRPC GetRecentTrades: symbol=ETH/USDT, limit=10
2026-10-09T12:15:16.066+08:00 [INFO] gRPC GetTicker: symbol=ETH/USDT
2026-10-09T12:15:16.445+08:00 [INFO] gRPC GetOrderBook: symbol=BNB/USDT, depth=20
2026-10-09T12:15:16.445+08:00 [INFO] gRPC GetRecentTrades: symbol=BNB/USDT, limit=10
2026-10-09T12:15:16.446+08:00 [INFO] gRPC GetTicker: symbol=BNB/USDT
2026-10-09T12:15:16.671+08:00 [INFO] gRPC GetOrderBook: symbol=BTC/USDT, depth=20
2026-10-09T12:15:16.672+08:00 [INFO] gRPC GetRecentTrades: symbol=BTC/USDT, limit=10
2026-10-09T12:15:16.672+08:00 [INFO] gRPC GetTicker: symbol=BTC/USDT
2026-10-09T12:15:17.009+08:00 [INFO] gRPC GetOrderBook: symbol=ETH/USDT, depth=20
2026-10-09T12:15:17.010+08:00 [INFO] gRPC GetRecentTrades: symbol=ETH/USDT, limit=10
2026-10-09T12:15:17.010+08:00 [INFO] gRPC GetTicker: symbol=ETH/USDT
2026-10-09T12:15:17.445+08:00 [INFO] gRPC GetOrderBook: symbol=BNB/USDT, depth=20
2026-10-09T12:15:17.446+08:00 [INFO] gRPC GetRecentTrades: symbol=BNB/USDT, limit=10
2026-10-09T12:15:17.446+08:00 [INFO] gRPC GetTicker: symbol=BNB/USDT
2026-10-09T12:15:17.670+08:00 [INFO] gRPC GetOrderBook: symbol=BTC/USDT, depth=20
2026-10-09T12:15:17.671+08:00 [INFO] gRPC GetRecentTrades: symbol=BTC/USDT, limit=10
2026-10-09T12:15:17.671+08:00 [INFO] gRPC GetTicker: symbol=BTC/USDT
2026-10-09T12:15:17.896+08:00 [INFO] gRPC GetOrderBook: symbol=ETH/USDT, depth=20
2026-10-09T12:15:17.896+08:00 [INFO] gRPC GetRecentTrades: symbol=ETH/USDT, limit=10
2026-10-09T12:15:17.897+08:00 [INFO] gRPC GetTicker: symbol=ETH/USDT
2026-10-09T12:15:18.445+08:00 [INFO] gRPC GetOrderBook: symbol=BTC/USDT, depth=20
2026-10-09T12:15:18.446+08:00 [INFO] gRPC GetRecentTrades: symbol=BTC/USDT, limit=10
2026-10-09T12:15:18.446+08:00 [INFO] gRPC GetTicker: symbol=BTC/USDT
2026-10-09T12:15:18.674+08:00 [INFO] gRPC GetOrderBook: symbol=ETH/USDT, depth=20
2026-10-09T12:15:18.675+08:00 [INFO] gRPC GetRecentTrades: symbol=ETH/USDT, limit=10
2026-10-09T12:15:18.675+08:00 [INFO] gRPC GetTicker: symbol=ETH/USDT
2026-10-09T12:15:18.951+08:00 [INFO] gRPC GetOrderBook: symbol=BNB/USDT, depth=20
2026-10-09T12:15:18.951+08:00 [INFO] gRPC GetRecentTrades: symbol=BNB/USDT, limit=10
2026-10-09T12:15:18.952+08:00 [INFO] gRPC GetTicker: symbol=BNB/USDT
2026-10-09T12:15:19.445+08:00 [INFO] gRPC GetOrderBook: symbol=BTC/USDT, depth=20
2026-10-09T12:15:19.446+08:00 [INFO] gRPC GetRecentTrades: symbol=BTC/USDT, limit=10
2026-10-09T12:15:19.446+08:00 [INFO] gRPC GetTicker: symbol=BTC/USDT
2026-10-09T12:15:19.681+08:00 [INFO] gRPC GetOrderBook: symbol=ETH/USDT, depth=20
2026-10-09T12:15:19.682+08:00 [INFO] gRPC GetRecentTrades: symbol=ETH/USDT, limit=10
2026-10-09T12:15:19.682+08:00 [INFO] gRPC GetTicker: symbol=ETH/USDT
2026-10-09T12:15:19.908+08:00 [INFO] gRPC GetOrderBook: symbol=BNB/USDT, depth=20
2026-10-09T12:15:19.908+08:00 [INFO] gRPC GetRecentTrades: symbol=BNB/USDT, limit=10
2026-10-09T12:15:19.909+08:00 [INFO] gRPC GetTicker: symbol=BNB/USDT
2026-10-09T12:15:20.446+08:00 [INFO] gRPC GetOrderBook: symbol=ETH/USDT, depth=20
2026-10-09T12:15:20.446+08:00 [INFO] gRPC GetRecentTrades: symbol=ETH/USDT, limit=10
2026-10-09T12:15:20.447+08:00 [INFO] gRPC GetTicker: symbol=ETH/USDT
2026-10-09T12:15:20.670+08:00 [INFO] gRPC GetOrderBook: symbol=BNB/USDT, depth=20
2026-10-09T12:15:20.670+08:00 [INFO] gRPC GetRecentTrades: symbol=BNB/USDT, limit=10
2026-10-09T12:15:20.671+08:00 [INFO] gRPC GetTicker: symbol=BNB/USDT
2026-10-09T12:15:20.893+08:00 [INFO] gRPC GetOrderBook: symbol=BTC/USDT, depth=20
2026-10-09T12:15:20.894+08:00 [INFO] gRPC GetRecentTrades: symbol=BTC/USDT, limit=10
2026-10-09T12:15:20.894+08:00 [INFO] gRPC GetTicker: symbol=BTC/USDT
2026-10-09T12:15:21.445+08:00 [INFO] gRPC GetOrderBook: symbol=BTC/USDT, depth=20
2026-10-09T12:15:21.446+08:00 [INFO] gRPC GetRecentTrades: symbol=BTC/USDT, limit=10
2026-10-09T12:15:21.446+08:00 [INFO] gRPC GetTicker: symbol=BTC/USDT
2026-10-09T12:15:21.714+08:00 [INFO] gRPC GetOrderBook: symbol=ETH/USDT, depth=20
2026-10-09T12:15:21.715+08:00 [INFO] gRPC GetRecentTrades: symbol=ETH/USDT, limit=10
2026-10-09T12:15:21.715+08:00 [INFO] gRPC GetTicker: symbol=ETH/USDT
2026-10-09T12:15:21.940+08:00 [INFO] gRPC GetOrderBook: symbol=BNB/USDT, depth=20
2026-10-09T12:15:21.942+08:00 [INFO] gRPC GetRecentTrades: symbol=BNB/USDT, limit=10
2026-10-09T12:15:21.942+08:00 [INFO] gRPC GetTicker: symbol=BNB/USDT
2026-10-09T12:15:22.445+08:00 [INFO] gRPC GetOrderBook: symbol=BTC/USDT, depth=20
2026-10-09T12:15:22.446+08:00 [INFO] gRPC GetRecentTrades: symbol=BTC/USDT, limit=10
2026-10-09T12:15:22.446+08:00 [INFO] gRPC GetTicker: symbol=BTC/USDT
2026-10-09T12:15:22.739+08:00 [INFO] gRPC GetOrderBook: symbol=ETH/USDT, depth=20
2026-10-09T12:15:22.740+08:00 [INFO] gRPC GetRecentTrades: symbol=ETH/USDT, limit=10
2026-10-09T12:15:22.741+08:00 [INFO] gRPC GetTicker: symbol=ETH/USDT
2026-10-09T12:15:23.047+08:00 [INFO] gRPC GetOrderBook: symbol=BNB/USDT, depth=20
2026-10-09T12:15:23.047+08:00 [INFO] gRPC GetRecentTrades: symbol=BNB/USDT, limit=10
2026-10-09T12:15:23.048+08:00 [INFO] gRPC GetTicker: symbol=BNB/USDT
2026-10-09T12:15:23.450+08:00 [INFO] gRPC GetOrderBook: symbol=ETH/USDT, depth=20
2026-10-09T12:15:23.450+08:00 [INFO] gRPC GetRecentTrades: symbol=ETH/USDT, limit=10
2026-10-09T12:15:23.450+08:00 [INFO] gRPC GetTicker: symbol=ETH/USDT
2026-10-09T12:15:23.763+08:00 [INFO] gRPC GetOrderBook: symbol=BNB/USDT, depth=20
2026-10-09T12:15:23.764+08:00 [INFO] gRPC GetRecentTrades: symbol=BNB/USDT, limit=10
2026-10-09T12:15:23.764+08:00 [INFO] gRPC GetTicker: symbol=BNB/USDT
2026-10-09T12:15:23.987+08:00 [INFO] gRPC GetOrderBook: symbol=BTC/USDT, depth=20
2026-10-09T12:15:23.987+08:00 [INFO] gRPC GetRecentTrades: symbol=BTC/USDT, limit=10
2026-10-09T12:15:23.987+08:00 [INFO] gRPC GetTicker: symbol=BTC/USDT
2026-10-09T12:15:24.445+08:00 [INFO] gRPC GetOrderBook: symbol=BNB/USDT, depth=20
2026-10-09T12:15:24.446+08:00 [INFO] gRPC GetRecentTrades: symbol=BNB/USDT, limit=10
2026-10-09T12:15:24.447+08:00 [INFO] gRPC GetTicker: symbol=BNB/USDT
2026-10-09T12:15:24.685+08:00 [INFO] gRPC GetOrderBook: symbol=BTC/USDT, depth=20
2026-10-09T12:15:24.685+08:00 [INFO] gRPC GetRecentTrades: symbol=BTC/USDT, limit=10
2026-10-09T12:15:24.685+08:00 [INFO] gRPC GetTicker: symbol=BTC/USDT
2026-10-09T12:15:24.992+08:00 [INFO] gRPC GetOrderBook: symbol=ETH/USDT, depth=20
2026-10-09T12:15:24.992+08:00 [INFO] gRPC GetRecentTrades: symbol=ETH/USDT, limit=10
2026-10-09T12:15:24.993+08:00 [INFO] gRPC GetTicker: symbol=ETH/USDT
2026-10-09T12:15:25.698+08:00 [INFO] gRPC GetOrderBook: symbol=BNB/USDT, depth=20
2026-10-09T12:15:25.699+08:00 [INFO] gRPC GetRecentTrades: symbol=BNB/USDT, limit=10
2026-10-09T12:15:25.699+08:00 [INFO] gRPC GetTicker: symbol=BNB/USDT
2026-10-09T12:15:25.922+08:00 [INFO] gRPC GetOrderBook: symbol=BTC/USDT, depth=20
2026-10-09T12:15:25.922+08:00 [INFO] gRPC GetRecentTrades: symbol=BTC/USDT, limit=10
2026-10-09T12:15:25.922+08:00 [INFO] gRPC GetTicker: symbol=BTC/USDT
2026-10-09T12:15:26.144+08:00 [INFO] gRPC GetOrderBook: symbol=ETH/USDT, depth=20
2026-10-09T12:15:26.145+08:00 [INFO] gRPC GetRecentTrades: symbol=ETH/USDT, limit=10
2026-10-09T12:15:26.145+08:00 [INFO] gRPC GetTicker: symbol=ETH/USDT
2026-10-09T12:15:26.445+08:00 [INFO] gRPC GetOrderBook: symbol=BTC/USDT, depth=20
2026-10-09T12:15:26.446+08:00 [INFO] gRPC GetRecentTrades: symbol=BTC/USDT, limit=10
2026-10-09T12:15:26.447+08:00 [INFO] gRPC GetTicker: symbol=BTC/USDT
2026-10-09T12:15:26.731+08:00 [INFO] gRPC GetOrderBook: symbol=ETH/USDT, depth=20
2026-10-09T12:15:26.732+08:00 [INFO] gRPC GetRecentTrades: symbol=ETH/USDT, limit=10
2026-10-09T12:15:26.732+08:00 [INFO] gRPC GetTicker: symbol=ETH/USDT
2026-10-09T12:15:27.029+08:00 [INFO] gRPC GetOrderBook: symbol=BNB/USDT, depth=20
2026-10-09T12:15:27.030+08:00 [INFO] gRPC GetRecentTrades: symbol=BNB/USDT, limit=10
2026-10-09T12:15:27.030+08:00 [INFO] gRPC GetTicker: symbol=BNB/USDT
2026-10-09T12:15:27.445+08:00 [INFO] gRPC GetOrderBook: symbol=BTC/USDT, depth=20
2026-10-09T12:15:27.446+08:00 [INFO] gRPC GetRecentTrades: symbol=BTC/USDT, limit=10
2026-10-09T12:15:27.446+08:00 [INFO] gRPC GetTicker: symbol=BTC/USDT
2026-10-09T12:15:27.670+08:00 [INFO] gRPC GetOrderBook: symbol=ETH/USDT, depth=20
2026-10-09T12:15:27.670+08:00 [INFO] gRPC GetRecentTrades: symbol=ETH/USDT, limit=10
2026-10-09T12:15:27.671+08:00 [INFO] gRPC GetTicker: symbol=ETH/USDT
2026-10-09T12:15:27.897+08:00 [INFO] gRPC GetOrderBook: symbol=BNB/USDT, depth=20
2026-10-09T12:15:27.899+08:00 [INFO] gRPC GetRecentTrades: symbol=BNB/USDT, limit=10
2026-10-09T12:15:27.901+08:00 [INFO] gRPC GetTicker: symbol=BNB/USDT
2026-10-09T12:15:28.445+08:00 [INFO] gRPC GetOrderBook: symbol=BNB/USDT, depth=20
2026-10-09T12:15:28.446+08:00 [INFO] gRPC GetRecentTrades: symbol=BNB/USDT, limit=10
2026-10-09T12:15:28.447+08:00 [INFO] gRPC GetTicker: symbol=BNB/USDT
2026-10-09T12:15:29.115+08:00 [INFO] gRPC GetOrderBook: symbol=BTC/USDT, depth=20
2026-10-09T12:15:29.116+08:00 [INFO] gRPC GetRecentTrades: symbol=BTC/USDT, limit=10
2026-10-09T12:15:29.117+08:00 [INFO] gRPC GetTicker: symbol=BTC/USDT
2026-10-09T12:15:29.395+08:00 [INFO] gRPC GetOrderBook: symbol=ETH/USDT, depth=20
2026-10-09T12:15:29.395+08:00 [INFO] gRPC GetRecentTrades: symbol=ETH/USDT, limit=10
2026-10-09T12:15:29.396+08:00 [INFO] gRPC GetTicker: symbol=ETH/USDT
2026-10-09T12:15:29.617+08:00 [INFO] gRPC GetOrderBook: symbol=ETH/USDT, depth=20
2026-10-09T12:15:29.618+08:00 [INFO] gRPC GetRecentTrades: symbol=ETH/USDT, limit=10
2026-10-09T12:15:29.618+08:00 [INFO] gRPC GetTicker: symbol=ETH/USDT
2026-10-09T12:15:29.907+08:00 [INFO] gRPC GetOrderBook: symbol=BNB/USDT, depth=20
2026-10-09T12:15:29.907+08:00 [INFO] gRPC GetRecentTrades: symbol=BNB/USDT, limit=10
2026-10-09T12:15:29.907+08:00 [INFO] gRPC GetTicker: symbol=BNB/USDT
2026-10-09T12:15:30.214+08:00 [INFO] gRPC GetOrderBook: symbol=BTC/USDT, depth=20
2026-10-09T12:15:30.215+08:00 [INFO] gRPC GetRecentTrades: symbol=BTC/USDT, limit=10
2026-10-09T12:15:30.216+08:00 [INFO] gRPC GetTicker: symbol=BTC/USDT
2026-10-09T12:15:30.521+08:00 [INFO] gRPC GetOrderBook: symbol=BNB/USDT, depth=20
2026-10-09T12:15:30.522+08:00 [INFO] gRPC GetRecentTrades: symbol=BNB/USDT, limit=10
2026-10-09T12:15:30.522+08:00 [INFO] gRPC GetTicker: symbol=BNB/USDT
2026-10-09T12:15:30.746+08:00 [INFO] gRPC GetOrderBook: symbol=BTC/USDT, depth=20
2026-10-09T12:15:30.746+08:00 [INFO] gRPC GetRecentTrades: symbol=BTC/USDT, limit=10
2026-10-09T12:15:30.747+08:00 [INFO] gRPC GetTicker: symbol=BTC/USDT
2026-10-09T12:15:31.033+08:00 [INFO] gRPC GetOrderBook: symbol=ETH/USDT, depth=20
2026-10-09T12:15:31.034+08:00 [INFO] gRPC GetRecentTrades: symbol=ETH/USDT, limit=10
2026-10-09T12:15:31.034+08:00 [INFO] gRPC GetTicker: symbol=ETH/USDT
2026-10-09T12:15:31.444+08:00 [INFO] gRPC GetOrderBook: symbol=BTC/USDT, depth=20
2026-10-09T12:15:31.445+08:00 [INFO] gRPC GetRecentTrades: symbol=BTC/USDT, limit=10
2026-10-09T12:15:31.446+08:00 [INFO] gRPC GetTicker: symbol=BTC/USDT
2026-10-09T12:15:31.750+08:00 [INFO] gRPC GetOrderBook: symbol=ETH/USDT, depth=20
2026-10-09T12:15:31.751+08:00 [INFO] gRPC GetRecentTrades: symbol=ETH/USDT, limit=10
2026-10-09T12:15:31.751+08:00 [INFO] gRPC GetTicker: symbol=ETH/USDT
2026-10-09T12:15:32.057+08:00 [INFO] gRPC GetOrderBook: symbol=BNB/USDT, depth=20
2026-10-09T12:15:32.057+08:00 [INFO] gRPC GetRecentTrades: symbol=BNB/USDT, limit=10
2026-10-09T12:15:32.058+08:00 [INFO] gRPC GetTicker: symbol=BNB/USDT
2026-10-09T12:15:32.445+08:00 [INFO] gRPC GetOrderBook: symbol=ETH/USDT, depth=20
2026-10-09T12:15:32.446+08:00 [INFO] gRPC GetRecentTrades: symbol=ETH/USDT, limit=10
2026-10-09T12:15:32.446+08:00 [INFO] gRPC GetTicker: symbol=ETH/USDT
2026-10-09T12:15:32.671+08:00 [INFO] gRPC GetOrderBook: symbol=BNB/USDT, depth=20
2026-10-09T12:15:32.672+08:00 [INFO] gRPC GetRecentTrades: symbol=BNB/USDT, limit=10
2026-10-09T12:15:32.672+08:00 [INFO] gRPC GetTicker: symbol=BNB/USDT
2026-10-09T12:15:32.901+08:00 [INFO] gRPC GetOrderBook: symbol=BTC/USDT, depth=20
2026-10-09T12:15:32.902+08:00 [INFO] gRPC GetRecentTrades: symbol=BTC/USDT, limit=10
2026-10-09T12:15:32.902+08:00 [INFO] gRPC GetTicker: symbol=BTC/USDT
2026-10-09T12:15:33.445+08:00 [INFO] gRPC GetOrderBook: symbol=BTC/USDT, depth=20
2026-10-09T12:15:33.446+08:00 [INFO] gRPC GetRecentTrades: symbol=BTC/USDT, limit=10
2026-10-09T12:15:33.446+08:00 [INFO] gRPC GetTicker: symbol=BTC/USDT
2026-10-09T12:15:33.691+08:00 [INFO] gRPC GetOrderBook: symbol=ETH/USDT, depth=20
2026-10-09T12:15:33.692+08:00 [INFO] gRPC GetRecentTrades: symbol=ETH/USDT, limit=10
2026-10-09T12:15:33.692+08:00 [INFO] gRPC GetTicker: symbol=ETH/USDT
2026-10-09T12:15:33.915+08:00 [INFO] gRPC GetOrderBook: symbol=BNB/USDT, depth=20
2026-10-09T12:15:33.916+08:00 [INFO] gRPC GetRecentTrades: symbol=BNB/USDT, limit=10
2026-10-09T12:15:33.916+08:00 [INFO] gRPC GetTicker: symbol=BNB/USDT
2026-10-09T12:15:34.444+08:00 [INFO] gRPC GetOrderBook: symbol=ETH/USDT, depth=20
2026-10-09T12:15:34.445+08:00 [INFO] gRPC GetRecentTrades: symbol=ETH/USDT, limit=10
2026-10-09T12:15:34.445+08:00 [INFO] gRPC GetTicker: symbol=ETH/USDT
2026-10-09T12:15:34.720+08:00 [INFO] gRPC GetOrderBook: symbol=BNB/USDT, depth=20
2026-10-09T12:15:34.720+08:00 [INFO] gRPC GetRecentTrades: symbol=BNB/USDT, limit=10
2026-10-09T12:15:34.721+08:00 [INFO] gRPC GetTicker: symbol=BNB/USDT
2026-10-09T12:15:34.942+08:00 [INFO] gRPC GetOrderBook: symbol=BTC/USDT, depth=20
2026-10-09T12:15:34.942+08:00 [INFO] gRPC GetRecentTrades: symbol=BTC/USDT, limit=10
2026-10-09T12:15:34.943+08:00 [INFO] gRPC GetTicker: symbol=BTC/USDT
2026-10-09T12:15:35.445+08:00 [INFO] gRPC GetOrderBook: symbol=BTC/USDT, depth=20
2026-10-09T12:15:35.446+08:00 [INFO] gRPC GetRecentTrades: symbol=BTC/USDT, limit=10
2026-10-09T12:15:35.446+08:00 [INFO] gRPC GetTicker: symbol=BTC/USDT
2026-10-09T12:15:35.669+08:00 [INFO] gRPC GetOrderBook: symbol=ETH/USDT, depth=20
2026-10-09T12:15:35.670+08:00 [INFO] gRPC GetRecentTrades: symbol=ETH/USDT, limit=10
2026-10-09T12:15:35.671+08:00 [INFO] gRPC GetTicker: symbol=ETH/USDT
2026-10-09T12:15:35.893+08:00 [INFO] gRPC GetOrderBook: symbol=BNB/USDT, depth=20
2026-10-09T12:15:35.894+08:00 [INFO] gRPC GetRecentTrades: symbol=BNB/USDT, limit=10
2026-10-09T12:15:35.894+08:00 [INFO] gRPC GetTicker: symbol=BNB/USDT
2026-10-09T12:15:36.445+08:00 [INFO] gRPC GetOrderBook: symbol=BTC/USDT, depth=20
2026-10-09T12:15:36.446+08:00 [INFO] gRPC GetRecentTrades: symbol=BTC/USDT, limit=10
2026-10-09T12:15:36.446+08:00 [INFO] gRPC GetTicker: symbol=BTC/USDT
2026-10-09T12:15:36.767+08:00 [INFO] gRPC GetOrderBook: symbol=ETH/USDT, depth=20
2026-10-09T12:15:36.767+08:00 [INFO] gRPC GetRecentTrades: symbol=ETH/USDT, limit=10
2026-10-09T12:15:36.768+08:00 [INFO] gRPC GetTicker: symbol=ETH/USDT
2026-10-09T12:15:36.994+08:00 [INFO] gRPC GetOrderBook: symbol=BNB/USDT, depth=20
2026-10-09T12:15:36.994+08:00 [INFO] gRPC GetRecentTrades: symbol=BNB/USDT, limit=10
2026-10-09T12:15:36.994+08:00 [INFO] gRPC GetTicker: symbol=BNB/USDT
2026-10-09T12:15:37.445+08:00 [INFO] gRPC GetOrderBook: symbol=BTC/USDT, depth=20
2026-10-09T12:15:37.446+08:00 [INFO] gRPC GetRecentTrades: symbol=BTC/USDT, limit=10
2026-10-09T12:15:37.446+08:00 [INFO] gRPC GetTicker: symbol=BTC/USDT
2026-10-09T12:15:37.689+08:00 [INFO] gRPC GetOrderBook: symbol=ETH/USDT, depth=20
2026-10-09T12:15:37.690+08:00 [INFO] gRPC GetRecentTrades: symbol=ETH/USDT, limit=10
2026-10-09T12:15:37.690+08:00 [INFO] gRPC GetTicker: symbol=ETH/USDT
2026-10-09T12:15:37.995+08:00 [INFO] gRPC GetOrderBook: symbol=BNB/USDT, depth=20
2026-10-09T12:15:37.996+08:00 [INFO] gRPC GetRecentTrades: symbol=BNB/USDT, limit=10
2026-10-09T12:15:37.997+08:00 [INFO] gRPC GetTicker: symbol=BNB/USDT
2026-10-09T12:15:38.444+08:00 [INFO] gRPC GetOrderBook: symbol=BTC/USDT, depth=20
2026-10-09T12:15:38.445+08:00 [INFO] gRPC GetRecentTrades: symbol=BTC/USDT, limit=10
2026-10-09T12:15:38.445+08:00 [INFO] gRPC GetTicker: symbol=BTC/USDT
2026-10-09T12:15:38.673+08:00 [INFO] gRPC GetOrderBook: symbol=ETH/USDT, depth=20
2026-10-09T12:15:38.674+08:00 [INFO] gRPC GetRecentTrades: symbol=ETH/USDT, limit=10
2026-10-09T12:15:38.674+08:00 [INFO] gRPC GetTicker: symbol=ETH/USDT
2026-10-09T12:15:38.896+08:00 [INFO] gRPC GetOrderBook: symbol=BNB/USDT, depth=20
2026-10-09T12:15:38.896+08:00 [INFO] gRPC GetRecentTrades: symbol=BNB/USDT, limit=10
2026-10-09T12:15:38.897+08:00 [INFO] gRPC GetTicker: symbol=BNB/USDT
2026-10-09T12:15:39.445+08:00 [INFO] gRPC GetOrderBook: symbol=BTC/USDT, depth=20
2026-10-09T12:15:39.445+08:00 [INFO] gRPC GetRecentTrades: symbol=BTC/USDT, limit=10
2026-10-09T12:15:39.446+08:00 [INFO] gRPC GetTicker: symbol=BTC/USDT
2026-10-09T12:15:39.838+08:00 [INFO] gRPC GetOrderBook: symbol=ETH/USDT, depth=20
2026-10-09T12:15:39.839+08:00 [INFO] gRPC GetRecentTrades: symbol=ETH/USDT, limit=10
2026-10-09T12:15:39.839+08:00 [INFO] gRPC GetTicker: symbol=ETH/USDT
2026-10-09T12:15:40.147+08:00 [INFO] gRPC GetOrderBook: symbol=BNB/USDT, depth=20
2026-10-09T12:15:40.148+08:00 [INFO] gRPC GetRecentTrades: symbol=BNB/USDT, limit=10
2026-10-09T12:15:40.149+08:00 [INFO] gRPC GetTicker: symbol=BNB/USDT
2026-10-09T12:15:40.445+08:00 [INFO] gRPC GetOrderBook: symbol=BNB/USDT, depth=20
2026-10-09T12:15:40.445+08:00 [INFO] gRPC GetRecentTrades: symbol=BNB/USDT, limit=10
2026-10-09T12:15:40.446+08:00 [INFO] gRPC GetTicker: symbol=BNB/USDT
2026-10-09T12:15:40.671+08:00 [INFO] gRPC GetOrderBook: symbol=BTC/USDT, depth=20
2026-10-09T12:15:40.672+08:00 [INFO] gRPC GetRecentTrades: symbol=BTC/USDT, limit=10
2026-10-09T12:15:40.672+08:00 [INFO] gRPC GetTicker: symbol=BTC/USDT
2026-10-09T12:15:40.966+08:00 [INFO] gRPC GetOrderBook: symbol=ETH/USDT, depth=20
2026-10-09T12:15:40.967+08:00 [INFO] gRPC GetRecentTrades: symbol=ETH/USDT, limit=10
2026-10-09T12:15:40.968+08:00 [INFO] gRPC GetTicker: symbol=ETH/USDT
2026-10-09T12:15:41.445+08:00 [INFO] gRPC GetOrderBook: symbol=BNB/USDT, depth=20
2026-10-09T12:15:41.445+08:00 [INFO] gRPC GetRecentTrades: symbol=BNB/USDT, limit=10
2026-10-09T12:15:41.446+08:00 [INFO] gRPC GetTicker: symbol=BNB/USDT
2026-10-09T12:15:41.670+08:00 [INFO] gRPC GetOrderBook: symbol=BTC/USDT, depth=20
2026-10-09T12:15:41.671+08:00 [INFO] gRPC GetRecentTrades: symbol=BTC/USDT, limit=10
2026-10-09T12:15:41.671+08:00 [INFO] gRPC GetTicker: symbol=BTC/USDT
2026-10-09T12:15:41.990+08:00 [INFO] gRPC GetOrderBook: symbol=ETH/USDT, depth=20
2026-10-09T12:15:41.990+08:00 [INFO] gRPC GetRecentTrades: symbol=ETH/USDT, limit=10
2026-10-09T12:15:41.990+08:00 [INFO] gRPC GetTicker: symbol=ETH/USDT
2026-10-09T12:15:42.445+08:00 [INFO] gRPC GetOrderBook: symbol=BNB/USDT, depth=20
2026-10-09T12:15:42.446+08:00 [INFO] gRPC GetRecentTrades: symbol=BNB/USDT, limit=10
2026-10-09T12:15:42.446+08:00 [INFO] gRPC GetTicker: symbol=BNB/USDT
2026-10-09T12:15:42.665+08:00 [INFO] gRPC GetOrderBook: symbol=BTC/USDT, depth=20
2026-10-09T12:15:42.666+08:00 [INFO] gRPC GetRecentTrades: symbol=BTC/USDT, limit=10
2026-10-09T12:15:42.667+08:00 [INFO] gRPC GetTicker: symbol=BTC/USDT
2026-10-09T12:15:42.887+08:00 [INFO] gRPC GetOrderBook: symbol=ETH/USDT, depth=20
2026-10-09T12:15:42.888+08:00 [INFO] gRPC GetRecentTrades: symbol=ETH/USDT, limit=10
2026-10-09T12:15:42.889+08:00 [INFO] gRPC GetTicker: symbol=ETH/USDT
2026-10-09T12:15:43.445+08:00 [INFO] gRPC GetOrderBook: symbol=BTC/USDT, depth=20
2026-10-09T12:15:43.446+08:00 [INFO] gRPC GetRecentTrades: symbol=BTC/USDT, limit=10
2026-10-09T12:15:43.447+08:00 [INFO] gRPC GetTicker: symbol=BTC/USDT
2026-10-09T12:15:44.127+08:00 [INFO] gRPC GetOrderBook: symbol=ETH/USDT, depth=20
2026-10-09T12:15:44.127+08:00 [INFO] gRPC GetRecentTrades: symbol=ETH/USDT, limit=10
2026-10-09T12:15:44.128+08:00 [INFO] gRPC GetTicker: symbol=ETH/USDT
2026-10-09T12:15:44.353+08:00 [INFO] gRPC GetOrderBook: symbol=BNB/USDT, depth=20
2026-10-09T12:15:44.354+08:00 [INFO] gRPC GetRecentTrades: symbol=BNB/USDT, limit=10
2026-10-09T12:15:44.354+08:00 [INFO] gRPC GetTicker: symbol=BNB/USDT
2026-10-09T12:15:44.577+08:00 [INFO] gRPC GetOrderBook: symbol=BTC/USDT, depth=20
2026-10-09T12:15:44.578+08:00 [INFO] gRPC GetRecentTrades: symbol=BTC/USDT, limit=10
2026-10-09T12:15:44.578+08:00 [INFO] gRPC GetTicker: symbol=BTC/USDT
2026-10-09T12:15:44.803+08:00 [INFO] gRPC GetOrderBook: symbol=ETH/USDT, depth=20
2026-10-09T12:15:44.803+08:00 [INFO] gRPC GetRecentTrades: symbol=ETH/USDT, limit=10
2026-10-09T12:15:44.804+08:00 [INFO] gRPC GetTicker: symbol=ETH/USDT
2026-10-09T12:15:45.062+08:00 [INFO] gRPC GetOrderBook: symbol=BNB/USDT, depth=20
2026-10-09T12:15:45.062+08:00 [INFO] gRPC GetRecentTrades: symbol=BNB/USDT, limit=10
2026-10-09T12:15:45.063+08:00 [INFO] gRPC GetTicker: symbol=BNB/USDT
2026-10-09T12:15:45.445+08:00 [INFO] gRPC GetOrderBook: symbol=BTC/USDT, depth=20
2026-10-09T12:15:45.446+08:00 [INFO] gRPC GetRecentTrades: symbol=BTC/USDT, limit=10
2026-10-09T12:15:45.446+08:00 [INFO] gRPC GetTicker: symbol=BTC/USDT
2026-10-09T12:15:46.144+08:00 [INFO] gRPC GetOrderBook: symbol=ETH/USDT, depth=20
2026-10-09T12:15:46.144+08:00 [INFO] gRPC GetRecentTrades: symbol=ETH/USDT, limit=10
2026-10-09T12:15:46.145+08:00 [INFO] gRPC GetTicker: symbol=ETH/USDT
2026-10-09T12:15:46.904+08:00 [INFO] gRPC GetOrderBook: symbol=BNB/USDT, depth=20
2026-10-09T12:15:46.904+08:00 [INFO] gRPC GetRecentTrades: symbol=BNB/USDT, limit=10
2026-10-09T12:15:46.905+08:00 [INFO] gRPC GetTicker: symbol=BNB/USDT
2026-10-09T12:15:47.212+08:00 [INFO] gRPC GetOrderBook: symbol=BTC/USDT, depth=20
2026-10-09T12:15:47.212+08:00 [INFO] gRPC GetRecentTrades: symbol=BTC/USDT, limit=10
2026-10-09T12:15:47.213+08:00 [INFO] gRPC GetTicker: symbol=BTC/USDT
2026-10-09T12:15:47.435+08:00 [INFO] gRPC GetOrderBook: symbol=ETH/USDT, depth=20
2026-10-09T12:15:47.435+08:00 [INFO] gRPC GetRecentTrades: symbol=ETH/USDT, limit=10
2026-10-09T12:15:47.435+08:00 [INFO] gRPC GetTicker: symbol=ETH/USDT
2026-10-09T12:15:47.659+08:00 [INFO] gRPC GetOrderBook: symbol=BNB/USDT, depth=20
2026-10-09T12:15:47.660+08:00 [INFO] gRPC GetRecentTrades: symbol=BNB/USDT, limit=10
2026-10-09T12:15:47.660+08:00 [INFO] gRPC GetTicker: symbol=BNB/USDT
2026-10-09T12:15:47.883+08:00 [INFO] gRPC GetOrderBook: symbol=BTC/USDT, depth=20
2026-10-09T12:15:47.883+08:00 [INFO] gRPC GetRecentTrades: symbol=BTC/USDT, limit=10
2026-10-09T12:15:47.884+08:00 [INFO] gRPC GetTicker: symbol=BTC/USDT
2026-10-09T12:15:48.109+08:00 [INFO] gRPC GetOrderBook: symbol=ETH/USDT, depth=20
2026-10-09T12:15:48.109+08:00 [INFO] gRPC GetRecentTrades: symbol=ETH/USDT, limit=10
2026-10-09T12:15:48.109+08:00 [INFO] gRPC GetTicker: symbol=ETH/USDT
2026-10-09T12:15:48.334+08:00 [INFO] gRPC GetOrderBook: symbol=BNB/USDT, depth=20
2026-10-09T12:15:48.335+08:00 [INFO] gRPC GetRecentTrades: symbol=BNB/USDT, limit=10
2026-10-09T12:15:48.335+08:00 [INFO] gRPC GetTicker: symbol=BNB/USDT
2026-10-09T12:15:48.646+08:00 [INFO] gRPC GetOrderBook: symbol=BTC/USDT, depth=20
2026-10-09T12:15:48.646+08:00 [INFO] gRPC GetRecentTrades: symbol=BTC/USDT, limit=10
2026-10-09T12:15:48.647+08:00 [INFO] gRPC GetTicker: symbol=BTC/USDT
2026-10-09T12:15:48.953+08:00 [INFO] gRPC GetOrderBook: symbol=ETH/USDT, depth=20
2026-10-09T12:15:48.954+08:00 [INFO] gRPC GetRecentTrades: symbol=ETH/USDT, limit=10
2026-10-09T12:15:48.954+08:00 [INFO] gRPC GetTicker: symbol=ETH/USDT
2026-10-09T12:15:49.259+08:00 [INFO] gRPC GetOrderBook: symbol=BNB/USDT, depth=20
2026-10-09T12:15:49.259+08:00 [INFO] gRPC GetRecentTrades: symbol=BNB/USDT, limit=10
2026-10-09T12:15:49.259+08:00 [INFO] gRPC GetTicker: symbol=BNB/USDT
2026-10-09T12:15:49.567+08:00 [INFO] gRPC GetOrderBook: symbol=BTC/USDT, depth=20
2026-10-09T12:15:49.568+08:00 [INFO] gRPC GetRecentTrades: symbol=BTC/USDT, limit=10
2026-10-09T12:15:49.568+08:00 [INFO] gRPC GetTicker: symbol=BTC/USDT
2026-10-09T12:15:49.848+08:00 [INFO] gRPC GetOrderBook: symbol=ETH/USDT, depth=20
2026-10-09T12:15:49.848+08:00 [INFO] gRPC GetRecentTrades: symbol=ETH/USDT, limit=10
2026-10-09T12:15:49.849+08:00 [INFO] gRPC GetTicker: symbol=ETH/USDT
2026-10-09T12:15:50.072+08:00 [INFO] gRPC GetOrderBook: symbol=BNB/USDT, depth=20
2026-10-09T12:15:50.073+08:00 [INFO] gRPC GetRecentTrades: symbol=BNB/USDT, limit=10
2026-10-09T12:15:50.073+08:00 [INFO] gRPC GetTicker: symbol=BNB/USDT
2026-10-09T12:15:50.444+08:00 [INFO] gRPC GetOrderBook: symbol=BTC/USDT, depth=20
2026-10-09T12:15:50.445+08:00 [INFO] gRPC GetRecentTrades: symbol=BTC/USDT, limit=10
2026-10-09T12:15:50.445+08:00 [INFO] gRPC GetTicker: symbol=BTC/USDT
2026-10-09T12:15:50.694+08:00 [INFO] gRPC GetOrderBook: symbol=ETH/USDT, depth=20
2026-10-09T12:15:50.695+08:00 [INFO] gRPC GetRecentTrades: symbol=ETH/USDT, limit=10
2026-10-09T12:15:50.695+08:00 [INFO] gRPC GetTicker: symbol=ETH/USDT
2026-10-09T12:15:50.919+08:00 [INFO] gRPC GetOrderBook: symbol=BNB/USDT, depth=20
2026-10-09T12:15:50.920+08:00 [INFO] gRPC GetRecentTrades: symbol=BNB/USDT, limit=10
2026-10-09T12:15:50.920+08:00 [INFO] gRPC GetTicker: symbol=BNB/USDT
2026-10-09T12:15:51.445+08:00 [INFO] gRPC GetOrderBook: symbol=BTC/USDT, depth=20
2026-10-09T12:15:51.446+08:00 [INFO] gRPC GetRecentTrades: symbol=BTC/USDT, limit=10
2026-10-09T12:15:51.447+08:00 [INFO] gRPC GetTicker: symbol=BTC/USDT
2026-10-09T12:15:51.718+08:00 [INFO] gRPC GetOrderBook: symbol=ETH/USDT, depth=20
2026-10-09T12:15:51.718+08:00 [INFO] gRPC GetRecentTrades: symbol=ETH/USDT, limit=10
2026-10-09T12:15:51.719+08:00 [INFO] gRPC GetTicker: symbol=ETH/USDT
2026-10-09T12:15:51.943+08:00 [INFO] gRPC GetOrderBook: symbol=BNB/USDT, depth=20
2026-10-09T12:15:51.944+08:00 [INFO] gRPC GetRecentTrades: symbol=BNB/USDT, limit=10
2026-10-09T12:15:51.944+08:00 [INFO] gRPC GetTicker: symbol=BNB/USDT
2026-10-09T12:15:52.445+08:00 [INFO] gRPC GetOrderBook: symbol=BTC/USDT, depth=20
2026-10-09T12:15:52.445+08:00 [INFO] gRPC GetRecentTrades: symbol=BTC/USDT, limit=10
2026-10-09T12:15:52.446+08:00 [INFO] gRPC GetTicker: symbol=BTC/USDT
2026-10-09T12:15:52.677+08:00 [INFO] gRPC GetOrderBook: symbol=ETH/USDT, depth=20
2026-10-09T12:15:52.677+08:00 [INFO] gRPC GetRecentTrades: symbol=ETH/USDT, limit=10
2026-10-09T12:15:52.678+08:00 [INFO] gRPC GetTicker: symbol=ETH/USDT
2026-10-09T12:15:53.374+08:00 [INFO] gRPC GetOrderBook: symbol=BNB/USDT, depth=20
2026-10-09T12:15:53.375+08:00 [INFO] gRPC GetRecentTrades: symbol=BNB/USDT, limit=10
2026-10-09T12:15:53.375+08:00 [INFO] gRPC GetTicker: symbol=BNB/USDT
2026-10-09T12:15:53.599+08:00 [INFO] gRPC GetOrderBook: symbol=BTC/USDT, depth=20
2026-10-09T12:15:53.599+08:00 [INFO] gRPC GetRecentTrades: symbol=BTC/USDT, limit=10
2026-10-09T12:15:53.599+08:00 [INFO] gRPC GetTicker: symbol=BTC/USDT
2026-10-09T12:15:53.824+08:00 [INFO] gRPC GetOrderBook: symbol=ETH/USDT, depth=20
2026-10-09T12:15:53.824+08:00 [INFO] gRPC GetRecentTrades: symbol=ETH/USDT, limit=10
2026-10-09T12:15:53.825+08:00 [INFO] gRPC GetTicker: symbol=ETH/USDT
2026-10-09T12:15:54.048+08:00 [INFO] gRPC GetOrderBook: symbol=BNB/USDT, depth=20
2026-10-09T12:15:54.049+08:00 [INFO] gRPC GetRecentTrades: symbol=BNB/USDT, limit=10
2026-10-09T12:15:54.049+08:00 [INFO] gRPC GetTicker: symbol=BNB/USDT
2026-10-09T12:15:54.445+08:00 [INFO] gRPC GetOrderBook: symbol=BNB/USDT, depth=20
2026-10-09T12:15:54.445+08:00 [INFO] gRPC GetRecentTrades: symbol=BNB/USDT, limit=10
2026-10-09T12:15:54.445+08:00 [INFO] gRPC GetTicker: symbol=BNB/USDT
2026-10-09T12:15:54.669+08:00 [INFO] gRPC GetOrderBook: symbol=BTC/USDT, depth=20
2026-10-09T12:15:54.670+08:00 [INFO] gRPC GetRecentTrades: symbol=BTC/USDT, limit=10
2026-10-09T12:15:54.670+08:00 [INFO] gRPC GetTicker: symbol=BTC/USDT
2026-10-09T12:15:54.891+08:00 [INFO] gRPC GetOrderBook: symbol=ETH/USDT, depth=20
2026-10-09T12:15:54.892+08:00 [INFO] gRPC GetRecentTrades: symbol=ETH/USDT, limit=10
2026-10-09T12:15:54.892+08:00 [INFO] gRPC GetTicker: symbol=ETH/USDT
2026-10-09T12:15:55.445+08:00 [INFO] gRPC GetOrderBook: symbol=BTC/USDT, depth=20
2026-10-09T12:15:55.445+08:00 [INFO] gRPC GetRecentTrades: symbol=BTC/USDT, limit=10
2026-10-09T12:15:55.446+08:00 [INFO] gRPC GetTicker: symbol=BTC/USDT
2026-10-09T12:15:55.670+08:00 [INFO] gRPC GetOrderBook: symbol=ETH/USDT, depth=20
2026-10-09T12:15:55.671+08:00 [INFO] gRPC GetRecentTrades: symbol=ETH/USDT, limit=10
2026-10-09T12:15:55.671+08:00 [INFO] gRPC GetTicker: symbol=ETH/USDT
2026-10-09T12:15:55.914+08:00 [INFO] gRPC GetOrderBook: symbol=BNB/USDT, depth=20
2026-10-09T12:15:55.914+08:00 [INFO] gRPC GetRecentTrades: symbol=BNB/USDT, limit=10
2026-10-09T12:15:55.915+08:00 [INFO] gRPC GetTicker: symbol=BNB/USDT
2026-10-09T12:15:56.444+08:00 [INFO] gRPC GetOrderBook: symbol=BTC/USDT, depth=20
2026-10-09T12:15:56.444+08:00 [INFO] gRPC GetRecentTrades: symbol=BTC/USDT, limit=10
2026-10-09T12:15:56.445+08:00 [INFO] gRPC GetTicker: symbol=BTC/USDT
2026-10-09T12:15:56.736+08:00 [INFO] gRPC GetOrderBook: symbol=ETH/USDT, depth=20
2026-10-09T12:15:56.736+08:00 [INFO] gRPC GetRecentTrades: symbol=ETH/USDT, limit=10
2026-10-09T12:15:56.736+08:00 [INFO] gRPC GetTicker: symbol=ETH/USDT
2026-10-09T12:15:57.039+08:00 [INFO] gRPC GetOrderBook: symbol=BNB/USDT, depth=20
2026-10-09T12:15:57.040+08:00 [INFO] gRPC GetRecentTrades: symbol=BNB/USDT, limit=10
2026-10-09T12:15:57.040+08:00 [INFO] gRPC GetTicker: symbol=BNB/USDT
2026-10-09T12:15:57.445+08:00 [INFO] gRPC GetOrderBook: symbol=BTC/USDT, depth=20
2026-10-09T12:15:57.445+08:00 [INFO] gRPC GetRecentTrades: symbol=BTC/USDT, limit=10
2026-10-09T12:15:57.446+08:00 [INFO] gRPC GetTicker: symbol=BTC/USDT
2026-10-09T12:15:57.667+08:00 [INFO] gRPC GetOrderBook: symbol=ETH/USDT, depth=20
2026-10-09T12:15:57.667+08:00 [INFO] gRPC GetRecentTrades: symbol=ETH/USDT, limit=10
2026-10-09T12:15:57.668+08:00 [INFO] gRPC GetTicker: symbol=ETH/USDT
2026-10-09T12:15:57.889+08:00 [INFO] gRPC GetOrderBook: symbol=BNB/USDT, depth=20
2026-10-09T12:15:57.889+08:00 [INFO] gRPC GetRecentTrades: symbol=BNB/USDT, limit=10
2026-10-09T12:15:57.890+08:00 [INFO] gRPC GetTicker: symbol=BNB/USDT
2026-10-09T12:15:58.445+08:00 [INFO] gRPC GetOrderBook: symbol=BNB/USDT, depth=20
2026-10-09T12:15:58.446+08:00 [INFO] gRPC GetRecentTrades: symbol=BNB/USDT, limit=10
2026-10-09T12:15:58.447+08:00 [INFO] gRPC GetTicker: symbol=BNB/USDT
2026-10-09T12:15:58.670+08:00 [INFO] gRPC GetOrderBook: symbol=BTC/USDT, depth=20
2026-10-09T12:15:58.671+08:00 [INFO] gRPC GetRecentTrades: symbol=BTC/USDT, limit=10
2026-10-09T12:15:58.671+08:00 [INFO] gRPC GetTicker: symbol=BTC/USDT
2026-10-09T12:15:58.988+08:00 [INFO] gRPC GetOrderBook: symbol=ETH/USDT, depth=20
2026-10-09T12:15:58.988+08:00 [INFO] gRPC GetRecentTrades: symbol=ETH/USDT, limit=10
2026-10-09T12:15:58.989+08:00 [INFO] gRPC GetTicker: symbol=ETH/USDT
2026-10-09T12:15:59.445+08:00 [INFO] gRPC GetOrderBook: symbol=ETH/USDT, depth=20
2026-10-09T12:15:59.445+08:00 [INFO] gRPC GetRecentTrades: symbol=ETH/USDT, limit=10
2026-10-09T12:15:59.446+08:00 [INFO] gRPC GetTicker: symbol=ETH/USDT
2026-10-09T12:15:59.667+08:00 [INFO] gRPC GetOrderBook: symbol=BNB/USDT, depth=20
2026-10-09T12:15:59.668+08:00 [INFO] gRPC GetRecentTrades: symbol=BNB/USDT, limit=10
2026-10-09T12:15:59.668+08:00 [INFO] gRPC GetTicker: symbol=BNB/USDT
2026-10-09T12:15:59.910+08:00 [INFO] gRPC GetOrderBook: symbol=BTC/USDT, depth=20
2026-10-09T12:15:59.910+08:00 [INFO] gRPC GetRecentTrades: symbol=BTC/USDT, limit=10
2026-10-09T12:15:59.910+08:00 [INFO] gRPC GetTicker: symbol=BTC/USDT
2026-10-09T12:16:00.444+08:00 [INFO] gRPC GetOrderBook: symbol=ETH/USDT, depth=20
2026-10-09T12:16:00.445+08:00 [INFO] gRPC GetRecentTrades: symbol=ETH/USDT, limit=10
2026-10-09T12:16:00.446+08:00 [INFO] gRPC GetTicker: symbol=ETH/USDT
2026-10-09T12:16:00.668+08:00 [INFO] gRPC GetOrderBook: symbol=BNB/USDT, depth=20
2026-10-09T12:16:00.669+08:00 [INFO] gRPC GetRecentTrades: symbol=BNB/USDT, limit=10
2026-10-09T12:16:00.669+08:00 [INFO] gRPC GetTicker: symbol=BNB/USDT
2026-10-09T12:16:00.933+08:00 [INFO] gRPC GetOrderBook: symbol=BTC/USDT, depth=20
2026-10-09T12:16:00.934+08:00 [INFO] gRPC GetRecentTrades: symbol=BTC/USDT, limit=10
2026-10-09T12:16:00.935+08:00 [INFO] gRPC GetTicker: symbol=BTC/USDT
2026-10-09T12:16:01.445+08:00 [INFO] gRPC GetOrderBook: symbol=BNB/USDT, depth=20
2026-10-09T12:16:01.445+08:00 [INFO] gRPC GetRecentTrades: symbol=BNB/USDT, limit=10
2026-10-09T12:16:01.446+08:00 [INFO] gRPC GetTicker: symbol=BNB/USDT
2026-10-09T12:16:01.674+08:00 [INFO] gRPC GetOrderBook: symbol=BTC/USDT, depth=20
2026-10-09T12:16:01.675+08:00 [INFO] gRPC GetRecentTrades: symbol=BTC/USDT, limit=10
2026-10-09T12:16:01.675+08:00 [INFO] gRPC GetTicker: symbol=BTC/USDT
2026-10-09T12:16:02.366+08:00 [INFO] gRPC GetOrderBook: symbol=ETH/USDT, depth=20
2026-10-09T12:16:02.367+08:00 [INFO] gRPC GetRecentTrades: symbol=ETH/USDT, limit=10
2026-10-09T12:16:02.367+08:00 [INFO] gRPC GetTicker: symbol=ETH/USDT
2026-10-09T12:16:02.595+08:00 [INFO] gRPC GetOrderBook: symbol=BTC/USDT, depth=20
2026-10-09T12:16:02.596+08:00 [INFO] gRPC GetRecentTrades: symbol=BTC/USDT, limit=10
2026-10-09T12:16:02.596+08:00 [INFO] gRPC GetTicker: symbol=BTC/USDT
2026-10-09T12:16:02.819+08:00 [INFO] gRPC GetOrderBook: symbol=ETH/USDT, depth=20
2026-10-09T12:16:02.820+08:00 [INFO] gRPC GetRecentTrades: symbol=ETH/USDT, limit=10
2026-10-09T12:16:02.821+08:00 [INFO] gRPC GetTicker: symbol=ETH/USDT
2026-10-09T12:16:03.043+08:00 [INFO] gRPC GetOrderBook: symbol=BNB/USDT, depth=20
2026-10-09T12:16:03.043+08:00 [INFO] gRPC GetRecentTrades: symbol=BNB/USDT, limit=10
2026-10-09T12:16:03.044+08:00 [INFO] gRPC GetTicker: symbol=BNB/USDT
2026-10-09T12:16:03.445+08:00 [INFO] gRPC GetOrderBook: symbol=BTC/USDT, depth=20
2026-10-09T12:16:03.445+08:00 [INFO] gRPC GetRecentTrades: symbol=BTC/USDT, limit=10
2026-10-09T12:16:03.446+08:00 [INFO] gRPC GetTicker: symbol=BTC/USDT
2026-10-09T12:16:03.669+08:00 [INFO] gRPC GetOrderBook: symbol=ETH/USDT, depth=20
2026-10-09T12:16:03.669+08:00 [INFO] gRPC GetRecentTrades: symbol=ETH/USDT, limit=10
2026-10-09T12:16:03.669+08:00 [INFO] gRPC GetTicker: symbol=ETH/USDT
2026-10-09T12:16:03.903+08:00 [INFO] gRPC GetOrderBook: symbol=BNB/USDT, depth=20
2026-10-09T12:16:03.904+08:00 [INFO] gRPC GetRecentTrades: symbol=BNB/USDT, limit=10
2026-10-09T12:16:03.904+08:00 [INFO] gRPC GetTicker: symbol=BNB/USDT
2026-10-09T12:16:04.445+08:00 [INFO] gRPC GetOrderBook: symbol=BTC/USDT, depth=20
2026-10-09T12:16:04.445+08:00 [INFO] gRPC GetRecentTrades: symbol=BTC/USDT, limit=10
2026-10-09T12:16:04.446+08:00 [INFO] gRPC GetTicker: symbol=BTC/USDT
2026-10-09T12:16:04.722+08:00 [INFO] gRPC GetOrderBook: symbol=ETH/USDT, depth=20
2026-10-09T12:16:04.722+08:00 [INFO] gRPC GetRecentTrades: symbol=ETH/USDT, limit=10
2026-10-09T12:16:04.723+08:00 [INFO] gRPC GetTicker: symbol=ETH/USDT
2026-10-09T12:16:05.029+08:00 [INFO] gRPC GetOrderBook: symbol=BNB/USDT, depth=20
2026-10-09T12:16:05.030+08:00 [INFO] gRPC GetRecentTrades: symbol=BNB/USDT, limit=10
2026-10-09T12:16:05.030+08:00 [INFO] gRPC GetTicker: symbol=BNB/USDT
2026-10-09T12:16:05.726+08:00 [INFO] gRPC GetOrderBook: symbol=BNB/USDT, depth=20
2026-10-09T12:16:05.727+08:00 [INFO] gRPC GetRecentTrades: symbol=BNB/USDT, limit=10
2026-10-09T12:16:05.727+08:00 [INFO] gRPC GetTicker: symbol=BNB/USDT
2026-10-09T12:16:05.950+08:00 [INFO] gRPC GetOrderBook: symbol=BTC/USDT, depth=20
2026-10-09T12:16:05.950+08:00 [INFO] gRPC GetRecentTrades: symbol=BTC/USDT, limit=10
2026-10-09T12:16:05.951+08:00 [INFO] gRPC GetTicker: symbol=BTC/USDT
2026-10-09T12:16:06.258+08:00 [INFO] gRPC GetOrderBook: symbol=ETH/USDT, depth=20
2026-10-09T12:16:06.258+08:00 [INFO] gRPC GetRecentTrades: symbol=ETH/USDT, limit=10
2026-10-09T12:16:06.259+08:00 [INFO] gRPC GetTicker: symbol=ETH/USDT
2026-10-09T12:16:06.480+08:00 [INFO] gRPC GetOrderBook: symbol=ETH/USDT, depth=20
2026-10-09T12:16:06.481+08:00 [INFO] gRPC GetRecentTrades: symbol=ETH/USDT, limit=10
2026-10-09T12:16:06.481+08:00 [INFO] gRPC GetTicker: symbol=ETH/USDT
2026-10-09T12:16:07.169+08:00 [INFO] gRPC GetOrderBook: symbol=BNB/USDT, depth=20
2026-10-09T12:16:07.170+08:00 [INFO] gRPC GetRecentTrades: symbol=BNB/USDT, limit=10
2026-10-09T12:16:07.171+08:00 [INFO] gRPC GetTicker: symbol=BNB/USDT
2026-10-09T12:16:07.395+08:00 [INFO] gRPC GetOrderBook: symbol=BTC/USDT, depth=20
2026-10-09T12:16:07.396+08:00 [INFO] gRPC GetRecentTrades: symbol=BTC/USDT, limit=10
2026-10-09T12:16:07.396+08:00 [INFO] gRPC GetTicker: symbol=BTC/USDT
2026-10-09T12:16:07.690+08:00 [INFO] gRPC GetOrderBook: symbol=BTC/USDT, depth=20
2026-10-09T12:16:07.691+08:00 [INFO] gRPC GetRecentTrades: symbol=BTC/USDT, limit=10
2026-10-09T12:16:07.691+08:00 [INFO] gRPC GetTicker: symbol=BTC/USDT
2026-10-09T12:16:07.999+08:00 [INFO] gRPC GetOrderBook: symbol=ETH/USDT, depth=20
2026-10-09T12:16:07.999+08:00 [INFO] gRPC GetRecentTrades: symbol=ETH/USDT, limit=10
2026-10-09T12:16:08.000+08:00 [INFO] gRPC GetTicker: symbol=ETH/USDT
2026-10-09T12:16:08.715+08:00 [INFO] gRPC GetOrderBook: symbol=BNB/USDT, depth=20
2026-10-09T12:16:08.715+08:00 [INFO] gRPC GetRecentTrades: symbol=BNB/USDT, limit=10
2026-10-09T12:16:08.716+08:00 [INFO] gRPC GetTicker: symbol=BNB/USDT
2026-10-09T12:16:09.023+08:00 [INFO] gRPC GetOrderBook: symbol=BNB/USDT, depth=20
2026-10-09T12:16:09.024+08:00 [INFO] gRPC GetRecentTrades: symbol=BNB/USDT, limit=10
2026-10-09T12:16:09.024+08:00 [INFO] gRPC GetTicker: symbol=BNB/USDT
2026-10-09T12:16:09.247+08:00 [INFO] gRPC GetOrderBook: symbol=BTC/USDT, depth=20
2026-10-09T12:16:09.248+08:00 [INFO] gRPC GetRecentTrades: symbol=BTC/USDT, limit=10
2026-10-09T12:16:09.249+08:00 [INFO] gRPC GetTicker: symbol=BTC/USDT
2026-10-09T12:16:09.472+08:00 [INFO] gRPC GetOrderBook: symbol=ETH/USDT, depth=20
2026-10-09T12:16:09.472+08:00 [INFO] gRPC GetRecentTrades: symbol=ETH/USDT, limit=10
2026-10-09T12:16:09.473+08:00 [INFO] gRPC GetTicker: symbol=ETH/USDT
2026-10-09T12:16:09.694+08:00 [INFO] gRPC GetOrderBook: symbol=BTC/USDT, depth=20
2026-10-09T12:16:09.694+08:00 [INFO] gRPC GetRecentTrades: symbol=BTC/USDT, limit=10
2026-10-09T12:16:09.695+08:00 [INFO] gRPC GetTicker: symbol=BTC/USDT
2026-10-09T12:16:09.943+08:00 [INFO] gRPC GetOrderBook: symbol=ETH/USDT, depth=20
2026-10-09T12:16:09.944+08:00 [INFO] gRPC GetRecentTrades: symbol=ETH/USDT, limit=10
2026-10-09T12:16:09.944+08:00 [INFO] gRPC GetTicker: symbol=ETH/USDT
2026-10-09T12:16:10.253+08:00 [INFO] gRPC GetOrderBook: symbol=BNB/USDT, depth=20
2026-10-09T12:16:10.253+08:00 [INFO] gRPC GetRecentTrades: symbol=BNB/USDT, limit=10
2026-10-09T12:16:10.254+08:00 [INFO] gRPC GetTicker: symbol=BNB/USDT
2026-10-09T12:16:10.477+08:00 [INFO] gRPC GetOrderBook: symbol=ETH/USDT, depth=20
2026-10-09T12:16:10.478+08:00 [INFO] gRPC GetRecentTrades: symbol=ETH/USDT, limit=10
2026-10-09T12:16:10.478+08:00 [INFO] gRPC GetTicker: symbol=ETH/USDT
2026-10-09T12:16:10.705+08:00 [INFO] gRPC GetOrderBook: symbol=BNB/USDT, depth=20
2026-10-09T12:16:10.706+08:00 [INFO] gRPC GetRecentTrades: symbol=BNB/USDT, limit=10
2026-10-09T12:16:10.706+08:00 [INFO] gRPC GetTicker: symbol=BNB/USDT
2026-10-09T12:16:10.932+08:00 [INFO] gRPC GetOrderBook: symbol=BTC/USDT, depth=20
2026-10-09T12:16:10.932+08:00 [INFO] gRPC GetRecentTrades: symbol=BTC/USDT, limit=10
2026-10-09T12:16:10.933+08:00 [INFO] gRPC GetTicker: symbol=BTC/USDT
2026-10-09T12:16:11.445+08:00 [INFO] gRPC GetOrderBook: symbol=BNB/USDT, depth=20
2026-10-09T12:16:11.445+08:00 [INFO] gRPC GetRecentTrades: symbol=BNB/USDT, limit=10
2026-10-09T12:16:11.446+08:00 [INFO] gRPC GetTicker: symbol=BNB/USDT
2026-10-09T12:16:11.669+08:00 [INFO] gRPC GetOrderBook: symbol=BTC/USDT, depth=20
2026-10-09T12:16:11.669+08:00 [INFO] gRPC GetRecentTrades: symbol=BTC/USDT, limit=10
2026-10-09T12:16:11.670+08:00 [INFO] gRPC GetTicker: symbol=BTC/USDT
2026-10-09T12:16:11.990+08:00 [INFO] gRPC GetOrderBook: symbol=ETH/USDT, depth=20
2026-10-09T12:16:11.990+08:00 [INFO] gRPC GetRecentTrades: symbol=ETH/USDT, limit=10
2026-10-09T12:16:11.991+08:00 [INFO] gRPC GetTicker: symbol=ETH/USDT
2026-10-09T12:16:12.445+08:00 [INFO] gRPC GetOrderBook: symbol=BTC/USDT, depth=20
2026-10-09T12:16:12.446+08:00 [INFO] gRPC GetRecentTrades: symbol=BTC/USDT, limit=10
2026-10-09T12:16:12.446+08:00 [INFO] gRPC GetTicker: symbol=BTC/USDT
2026-10-09T12:16:12.670+08:00 [INFO] gRPC GetOrderBook: symbol=ETH/USDT, depth=20
2026-10-09T12:16:12.670+08:00 [INFO] gRPC GetRecentTrades: symbol=ETH/USDT, limit=10
2026-10-09T12:16:12.670+08:00 [INFO] gRPC GetTicker: symbol=ETH/USDT
2026-10-09T12:16:13.374+08:00 [INFO] gRPC GetOrderBook: symbol=BNB/USDT, depth=20
2026-10-09T12:16:13.375+08:00 [INFO] gRPC GetRecentTrades: symbol=BNB/USDT, limit=10
2026-10-09T12:16:13.375+08:00 [INFO] gRPC GetTicker: symbol=BNB/USDT
2026-10-09T12:16:13.598+08:00 [INFO] gRPC GetOrderBook: symbol=BTC/USDT, depth=20
2026-10-09T12:16:13.598+08:00 [INFO] gRPC GetRecentTrades: symbol=BTC/USDT, limit=10
2026-10-09T12:16:13.599+08:00 [INFO] gRPC GetTicker: symbol=BTC/USDT
2026-10-09T12:16:13.823+08:00 [INFO] gRPC GetOrderBook: symbol=ETH/USDT, depth=20
2026-10-09T12:16:13.823+08:00 [INFO] gRPC GetRecentTrades: symbol=ETH/USDT, limit=10
2026-10-09T12:16:13.823+08:00 [INFO] gRPC GetTicker: symbol=ETH/USDT
2026-10-09T12:16:14.142+08:00 [INFO] gRPC GetOrderBook: symbol=BNB/USDT, depth=20
2026-10-09T12:16:14.143+08:00 [INFO] gRPC GetRecentTrades: symbol=BNB/USDT, limit=10
2026-10-09T12:16:14.143+08:00 [INFO] gRPC GetTicker: symbol=BNB/USDT
2026-10-09T12:16:14.444+08:00 [INFO] gRPC GetOrderBook: symbol=BTC/USDT, depth=20
2026-10-09T12:16:14.444+08:00 [INFO] gRPC GetRecentTrades: symbol=BTC/USDT, limit=10
2026-10-09T12:16:14.444+08:00 [INFO] gRPC GetTicker: symbol=BTC/USDT
2026-10-09T12:16:14.669+08:00 [INFO] gRPC GetOrderBook: symbol=ETH/USDT, depth=20
2026-10-09T12:16:14.670+08:00 [INFO] gRPC GetRecentTrades: symbol=ETH/USDT, limit=10
2026-10-09T12:16:14.670+08:00 [INFO] gRPC GetTicker: symbol=ETH/USDT
2026-10-09T12:16:15.356+08:00 [INFO] gRPC GetOrderBook: symbol=BNB/USDT, depth=20
2026-10-09T12:16:15.357+08:00 [INFO] gRPC GetRecentTrades: symbol=BNB/USDT, limit=10
2026-10-09T12:16:15.357+08:00 [INFO] gRPC GetTicker: symbol=BNB/USDT
2026-10-09T12:16:15.678+08:00 [INFO] gRPC GetOrderBook: symbol=ETH/USDT, depth=20
2026-10-09T12:16:15.679+08:00 [INFO] gRPC GetRecentTrades: symbol=ETH/USDT, limit=10
2026-10-09T12:16:15.679+08:00 [INFO] gRPC GetTicker: symbol=ETH/USDT
2026-10-09T12:16:15.986+08:00 [INFO] gRPC GetOrderBook: symbol=BNB/USDT, depth=20
2026-10-09T12:16:15.986+08:00 [INFO] gRPC GetRecentTrades: symbol=BNB/USDT, limit=10
2026-10-09T12:16:15.987+08:00 [INFO] gRPC GetTicker: symbol=BNB/USDT
2026-10-09T12:16:16.292+08:00 [INFO] gRPC GetOrderBook: symbol=BTC/USDT, depth=20
2026-10-09T12:16:16.292+08:00 [INFO] gRPC GetRecentTrades: symbol=BTC/USDT, limit=10
2026-10-09T12:16:16.293+08:00 [INFO] gRPC GetTicker: symbol=BTC/USDT
2026-10-09T12:16:16.515+08:00 [INFO] gRPC GetOrderBook: symbol=BNB/USDT, depth=20
2026-10-09T12:16:16.516+08:00 [INFO] gRPC GetRecentTrades: symbol=BNB/USDT, limit=10
2026-10-09T12:16:16.516+08:00 [INFO] gRPC GetTicker: symbol=BNB/USDT
2026-10-09T12:16:16.805+08:00 [INFO] gRPC GetOrderBook: symbol=BTC/USDT, depth=20
2026-10-09T12:16:16.806+08:00 [INFO] gRPC GetRecentTrades: symbol=BTC/USDT, limit=10
2026-10-09T12:16:16.806+08:00 [INFO] gRPC GetTicker: symbol=BTC/USDT
2026-10-09T12:16:17.030+08:00 [INFO] gRPC GetOrderBook: symbol=ETH/USDT, depth=20
2026-10-09T12:16:17.031+08:00 [INFO] gRPC GetRecentTrades: symbol=ETH/USDT, limit=10
2026-10-09T12:16:17.031+08:00 [INFO] gRPC GetTicker: symbol=ETH/USDT
2026-10-09T12:16:17.444+08:00 [INFO] gRPC GetOrderBook: symbol=ETH/USDT, depth=20
2026-10-09T12:16:17.445+08:00 [INFO] gRPC GetRecentTrades: symbol=ETH/USDT, limit=10
2026-10-09T12:16:17.445+08:00 [INFO] gRPC GetTicker: symbol=ETH/USDT
2026-10-09T12:16:17.725+08:00 [INFO] gRPC GetOrderBook: symbol=BNB/USDT, depth=20
2026-10-09T12:16:17.726+08:00 [INFO] gRPC GetRecentTrades: symbol=BNB/USDT, limit=10
2026-10-09T12:16:17.726+08:00 [INFO] gRPC GetTicker: symbol=BNB/USDT
2026-10-09T12:16:18.912+08:00 [INFO] gRPC GetOrderBook: symbol=BTC/USDT, depth=20
2026-10-09T12:16:18.914+08:00 [INFO] gRPC GetRecentTrades: symbol=BTC/USDT, limit=10
2026-10-09T12:16:18.914+08:00 [INFO] gRPC GetTicker: symbol=BTC/USDT
2026-10-09T12:16:19.141+08:00 [INFO] gRPC GetOrderBook: symbol=ETH/USDT, depth=20
2026-10-09T12:16:19.142+08:00 [INFO] gRPC GetRecentTrades: symbol=ETH/USDT, limit=10
2026-10-09T12:16:19.142+08:00 [INFO] gRPC GetTicker: symbol=ETH/USDT
2026-10-09T12:16:19.366+08:00 [INFO] gRPC GetOrderBook: symbol=BNB/USDT, depth=20
2026-10-09T12:16:19.367+08:00 [INFO] gRPC GetRecentTrades: symbol=BNB/USDT, limit=10
2026-10-09T12:16:19.368+08:00 [INFO] gRPC GetTicker: symbol=BNB/USDT
2026-10-09T12:16:19.592+08:00 [INFO] gRPC GetOrderBook: symbol=BTC/USDT, depth=20
2026-10-09T12:16:19.592+08:00 [INFO] gRPC GetRecentTrades: symbol=BTC/USDT, limit=10
2026-10-09T12:16:19.592+08:00 [INFO] gRPC GetTicker: symbol=BTC/USDT
2026-10-09T12:16:19.877+08:00 [INFO] gRPC GetOrderBook: symbol=BTC/USDT, depth=20
2026-10-09T12:16:19.878+08:00 [INFO] gRPC GetRecentTrades: symbol=BTC/USDT, limit=10
2026-10-09T12:16:19.878+08:00 [INFO] gRPC GetTicker: symbol=BTC/USDT
2026-10-09T12:16:20.103+08:00 [INFO] gRPC GetOrderBook: symbol=ETH/USDT, depth=20
2026-10-09T12:16:20.103+08:00 [INFO] gRPC GetRecentTrades: symbol=ETH/USDT, limit=10
2026-10-09T12:16:20.103+08:00 [INFO] gRPC GetTicker: symbol=ETH/USDT
2026-10-09T12:16:20.388+08:00 [INFO] gRPC GetOrderBook: symbol=BNB/USDT, depth=20
2026-10-09T12:16:20.389+08:00 [INFO] gRPC GetRecentTrades: symbol=BNB/USDT, limit=10
2026-10-09T12:16:20.389+08:00 [INFO] gRPC GetTicker: symbol=BNB/USDT
2026-10-09T12:16:20.614+08:00 [INFO] gRPC GetOrderBook: symbol=ETH/USDT, depth=20
2026-10-09T12:16:20.615+08:00 [INFO] gRPC GetRecentTrades: symbol=ETH/USDT, limit=10
2026-10-09T12:16:20.615+08:00 [INFO] gRPC GetTicker: symbol=ETH/USDT
2026-10-09T12:16:20.838+08:00 [INFO] gRPC GetOrderBook: symbol=BNB/USDT, depth=20
2026-10-09T12:16:20.839+08:00 [INFO] gRPC GetRecentTrades: symbol=BNB/USDT, limit=10
2026-10-09T12:16:20.839+08:00 [INFO] gRPC GetTicker: symbol=BNB/USDT
2026-10-09T12:16:21.065+08:00 [INFO] gRPC GetOrderBook: symbol=BTC/USDT, depth=20
2026-10-09T12:16:21.065+08:00 [INFO] gRPC GetRecentTrades: symbol=BTC/USDT, limit=10
2026-10-09T12:16:21.066+08:00 [INFO] gRPC GetTicker: symbol=BTC/USDT
2026-10-09T12:16:21.444+08:00 [INFO] gRPC GetOrderBook: symbol=BTC/USDT, depth=20
2026-10-09T12:16:21.445+08:00 [INFO] gRPC GetRecentTrades: symbol=BTC/USDT, limit=10
2026-10-09T12:16:21.445+08:00 [INFO] gRPC GetTicker: symbol=BTC/USDT
2026-10-09T12:16:21.668+08:00 [INFO] gRPC GetOrderBook: symbol=ETH/USDT, depth=20
2026-10-09T12:16:21.668+08:00 [INFO] gRPC GetRecentTrades: symbol=ETH/USDT, limit=10
2026-10-09T12:16:21.668+08:00 [INFO] gRPC GetTicker: symbol=ETH/USDT
2026-10-09T12:16:21.895+08:00 [INFO] gRPC GetOrderBook: symbol=BNB/USDT, depth=20
2026-10-09T12:16:21.896+08:00 [INFO] gRPC GetRecentTrades: symbol=BNB/USDT, limit=10
2026-10-09T12:16:21.896+08:00 [INFO] gRPC GetTicker: symbol=BNB/USDT
2026-10-09T12:16:22.444+08:00 [INFO] gRPC GetOrderBook: symbol=BTC/USDT, depth=20
2026-10-09T12:16:22.445+08:00 [INFO] gRPC GetRecentTrades: symbol=BTC/USDT, limit=10
2026-10-09T12:16:22.445+08:00 [INFO] gRPC GetTicker: symbol=BTC/USDT
2026-10-09T12:16:23.134+08:00 [INFO] gRPC GetOrderBook: symbol=ETH/USDT, depth=20
2026-10-09T12:16:23.134+08:00 [INFO] gRPC GetRecentTrades: symbol=ETH/USDT, limit=10
2026-10-09T12:16:23.135+08:00 [INFO] gRPC GetTicker: symbol=ETH/USDT
2026-10-09T12:16:23.357+08:00 [INFO] gRPC GetOrderBook: symbol=BNB/USDT, depth=20
2026-10-09T12:16:23.357+08:00 [INFO] gRPC GetRecentTrades: symbol=BNB/USDT, limit=10
2026-10-09T12:16:23.358+08:00 [INFO] gRPC GetTicker: symbol=BNB/USDT
2026-10-09T12:16:23.580+08:00 [INFO] gRPC GetOrderBook: symbol=BTC/USDT, depth=20
2026-10-09T12:16:23.581+08:00 [INFO] gRPC GetRecentTrades: symbol=BTC/USDT, limit=10
2026-10-09T12:16:23.582+08:00 [INFO] gRPC GetTicker: symbol=BTC/USDT
2026-10-09T12:16:23.805+08:00 [INFO] gRPC GetOrderBook: symbol=ETH/USDT, depth=20
2026-10-09T12:16:23.807+08:00 [INFO] gRPC GetRecentTrades: symbol=ETH/USDT, limit=10
2026-10-09T12:16:23.807+08:00 [INFO] gRPC GetTicker: symbol=ETH/USDT
2026-10-09T12:16:24.475+08:00 [INFO] gRPC GetOrderBook: symbol=BNB/USDT, depth=20
2026-10-09T12:16:24.475+08:00 [INFO] gRPC GetRecentTrades: symbol=BNB/USDT, limit=10
2026-10-09T12:16:24.476+08:00 [INFO] gRPC GetTicker: symbol=BNB/USDT
2026-10-09T12:16:24.700+08:00 [INFO] gRPC GetOrderBook: symbol=BNB/USDT, depth=20
2026-10-09T12:16:24.701+08:00 [INFO] gRPC GetRecentTrades: symbol=BNB/USDT, limit=10
2026-10-09T12:16:24.701+08:00 [INFO] gRPC GetTicker: symbol=BNB/USDT
2026-10-09T12:16:24.997+08:00 [INFO] gRPC GetOrderBook: symbol=BTC/USDT, depth=20
2026-10-09T12:16:24.998+08:00 [INFO] gRPC GetRecentTrades: symbol=BTC/USDT, limit=10
2026-10-09T12:16:24.999+08:00 [INFO] gRPC GetTicker: symbol=BTC/USDT
2026-10-09T12:16:25.303+08:00 [INFO] gRPC GetOrderBook: symbol=ETH/USDT, depth=20
2026-10-09T12:16:25.303+08:00 [INFO] gRPC GetRecentTrades: symbol=ETH/USDT, limit=10
2026-10-09T12:16:25.304+08:00 [INFO] gRPC GetTicker: symbol=ETH/USDT
2026-10-09T12:16:25.529+08:00 [INFO] gRPC GetOrderBook: symbol=ETH/USDT, depth=20
2026-10-09T12:16:25.530+08:00 [INFO] gRPC GetRecentTrades: symbol=ETH/USDT, limit=10
2026-10-09T12:16:25.530+08:00 [INFO] gRPC GetTicker: symbol=ETH/USDT
2026-10-09T12:16:25.749+08:00 [INFO] gRPC GetOrderBook: symbol=BNB/USDT, depth=20
2026-10-09T12:16:25.749+08:00 [INFO] gRPC GetRecentTrades: symbol=BNB/USDT, limit=10
2026-10-09T12:16:25.750+08:00 [INFO] gRPC GetTicker: symbol=BNB/USDT
2026-10-09T12:16:25.971+08:00 [INFO] gRPC GetOrderBook: symbol=BTC/USDT, depth=20
2026-10-09T12:16:25.972+08:00 [INFO] gRPC GetRecentTrades: symbol=BTC/USDT, limit=10
2026-10-09T12:16:25.972+08:00 [INFO] gRPC GetTicker: symbol=BTC/USDT
2026-10-09T12:16:26.444+08:00 [INFO] gRPC GetOrderBook: symbol=BNB/USDT, depth=20
2026-10-09T12:16:26.445+08:00 [INFO] gRPC GetRecentTrades: symbol=BNB/USDT, limit=10
2026-10-09T12:16:26.445+08:00 [INFO] gRPC GetTicker: symbol=BNB/USDT
2026-10-09T12:16:27.138+08:00 [INFO] gRPC GetOrderBook: symbol=BTC/USDT, depth=20
2026-10-09T12:16:27.139+08:00 [INFO] gRPC GetRecentTrades: symbol=BTC/USDT, limit=10
2026-10-09T12:16:27.139+08:00 [INFO] gRPC GetTicker: symbol=BTC/USDT
2026-10-09T12:16:27.364+08:00 [INFO] gRPC GetOrderBook: symbol=ETH/USDT, depth=20
2026-10-09T12:16:27.364+08:00 [INFO] gRPC GetRecentTrades: symbol=ETH/USDT, limit=10
2026-10-09T12:16:27.364+08:00 [INFO] gRPC GetTicker: symbol=ETH/USDT
2026-10-09T12:16:27.591+08:00 [INFO] gRPC GetOrderBook: symbol=BTC/USDT, depth=20
2026-10-09T12:16:27.591+08:00 [INFO] gRPC GetRecentTrades: symbol=BTC/USDT, limit=10
2026-10-09T12:16:27.592+08:00 [INFO] gRPC GetTicker: symbol=BTC/USDT
2026-10-09T12:16:27.864+08:00 [INFO] gRPC GetOrderBook: symbol=ETH/USDT, depth=20
2026-10-09T12:16:27.865+08:00 [INFO] gRPC GetRecentTrades: symbol=ETH/USDT, limit=10
2026-10-09T12:16:27.865+08:00 [INFO] gRPC GetTicker: symbol=ETH/USDT
2026-10-09T12:16:28.542+08:00 [INFO] gRPC GetOrderBook: symbol=BNB/USDT, depth=20
2026-10-09T12:16:28.543+08:00 [INFO] gRPC GetRecentTrades: symbol=BNB/USDT, limit=10
2026-10-09T12:16:28.543+08:00 [INFO] gRPC GetTicker: symbol=BNB/USDT
2026-10-09T12:16:29.220+08:00 [INFO] gRPC GetOrderBook: symbol=BNB/USDT, depth=20
2026-10-09T12:16:29.221+08:00 [INFO] gRPC GetRecentTrades: symbol=BNB/USDT, limit=10
2026-10-09T12:16:29.221+08:00 [INFO] gRPC GetTicker: symbol=BNB/USDT
2026-10-09T12:16:29.502+08:00 [INFO] gRPC GetOrderBook: symbol=BTC/USDT, depth=20
2026-10-09T12:16:29.502+08:00 [INFO] gRPC GetRecentTrades: symbol=BTC/USDT, limit=10
2026-10-09T12:16:29.503+08:00 [INFO] gRPC GetTicker: symbol=BTC/USDT
2026-10-09T12:16:29.779+08:00 [INFO] gRPC GetOrderBook: symbol=ETH/USDT, depth=20
2026-10-09T12:16:29.780+08:00 [INFO] gRPC GetRecentTrades: symbol=ETH/USDT, limit=10
2026-10-09T12:16:29.780+08:00 [INFO] gRPC GetTicker: symbol=ETH/USDT
2026-10-09T12:16:30.006+08:00 [INFO] gRPC GetOrderBook: symbol=BTC/USDT, depth=20
2026-10-09T12:16:30.006+08:00 [INFO] gRPC GetRecentTrades: symbol=BTC/USDT, limit=10
2026-10-09T12:16:30.006+08:00 [INFO] gRPC GetTicker: symbol=BTC/USDT
2026-10-09T12:16:30.321+08:00 [INFO] gRPC GetOrderBook: symbol=ETH/USDT, depth=20
2026-10-09T12:16:30.322+08:00 [INFO] gRPC GetRecentTrades: symbol=ETH/USDT, limit=10
2026-10-09T12:16:30.323+08:00 [INFO] gRPC GetTicker: symbol=ETH/USDT
2026-10-09T12:16:30.629+08:00 [INFO] gRPC GetOrderBook: symbol=BNB/USDT, depth=20
2026-10-09T12:16:30.629+08:00 [INFO] gRPC GetRecentTrades: symbol=BNB/USDT, limit=10
2026-10-09T12:16:30.630+08:00 [INFO] gRPC GetTicker: symbol=BNB/USDT
2026-10-09T12:16:31.634+08:00 [INFO] gRPC GetOrderBook: symbol=BTC/USDT, depth=20
2026-10-09T12:16:31.635+08:00 [INFO] gRPC GetRecentTrades: symbol=BTC/USDT, limit=10
2026-10-09T12:16:31.636+08:00 [INFO] gRPC GetTicker: symbol=BTC/USDT
2026-10-09T12:16:31.960+08:00 [INFO] gRPC GetOrderBook: symbol=ETH/USDT, depth=20
2026-10-09T12:16:31.960+08:00 [INFO] gRPC GetRecentTrades: symbol=ETH/USDT, limit=10
2026-10-09T12:16:31.960+08:00 [INFO] gRPC GetTicker: symbol=ETH/USDT
2026-10-09T12:16:32.267+08:00 [INFO] gRPC GetOrderBook: symbol=BNB/USDT, depth=20
2026-10-09T12:16:32.268+08:00 [INFO] gRPC GetRecentTrades: symbol=BNB/USDT, limit=10
2026-10-09T12:16:32.268+08:00 [INFO] gRPC GetTicker: symbol=BNB/USDT
2026-10-09T12:16:32.574+08:00 [INFO] gRPC GetOrderBook: symbol=ETH/USDT, depth=20
2026-10-09T12:16:32.575+08:00 [INFO] gRPC GetRecentTrades: symbol=ETH/USDT, limit=10
2026-10-09T12:16:32.576+08:00 [INFO] gRPC GetTicker: symbol=ETH/USDT
2026-10-09T12:16:32.882+08:00 [INFO] gRPC GetOrderBook: symbol=BNB/USDT, depth=20
2026-10-09T12:16:32.882+08:00 [INFO] gRPC GetRecentTrades: symbol=BNB/USDT, limit=10
2026-10-09T12:16:32.883+08:00 [INFO] gRPC GetTicker: symbol=BNB/USDT
2026-10-09T12:16:33.106+08:00 [INFO] gRPC GetOrderBook: symbol=BTC/USDT, depth=20
2026-10-09T12:16:33.106+08:00 [INFO] gRPC GetRecentTrades: symbol=BTC/USDT, limit=10
2026-10-09T12:16:33.107+08:00 [INFO] gRPC GetTicker: symbol=BTC/USDT
2026-10-09T12:16:33.444+08:00 [INFO] gRPC GetOrderBook: symbol=BTC/USDT, depth=20
2026-10-09T12:16:33.445+08:00 [INFO] gRPC GetRecentTrades: symbol=BTC/USDT, limit=10
2026-10-09T12:16:33.445+08:00 [INFO] gRPC GetTicker: symbol=BTC/USDT
2026-10-09T12:16:33.667+08:00 [INFO] gRPC GetOrderBook: symbol=ETH/USDT, depth=20
2026-10-09T12:16:33.668+08:00 [INFO] gRPC GetRecentTrades: symbol=ETH/USDT, limit=10
2026-10-09T12:16:33.668+08:00 [INFO] gRPC GetTicker: symbol=ETH/USDT
2026-10-09T12:16:33.892+08:00 [INFO] gRPC GetOrderBook: symbol=BNB/USDT, depth=20
2026-10-09T12:16:33.893+08:00 [INFO] gRPC GetRecentTrades: symbol=BNB/USDT, limit=10
2026-10-09T12:16:33.893+08:00 [INFO] gRPC GetTicker: symbol=BNB/USDT
2026-10-09T12:16:34.444+08:00 [INFO] gRPC GetOrderBook: symbol=BTC/USDT, depth=20
2026-10-09T12:16:34.445+08:00 [INFO] gRPC GetRecentTrades: symbol=BTC/USDT, limit=10
2026-10-09T12:16:34.445+08:00 [INFO] gRPC GetTicker: symbol=BTC/USDT
2026-10-09T12:16:34.724+08:00 [INFO] gRPC GetOrderBook: symbol=ETH/USDT, depth=20
2026-10-09T12:16:34.725+08:00 [INFO] gRPC GetRecentTrades: symbol=ETH/USDT, limit=10
2026-10-09T12:16:34.725+08:00 [INFO] gRPC GetTicker: symbol=ETH/USDT
2026-10-09T12:16:35.421+08:00 [INFO] gRPC GetOrderBook: symbol=BNB/USDT, depth=20
2026-10-09T12:16:35.422+08:00 [INFO] gRPC GetRecentTrades: symbol=BNB/USDT, limit=10
2026-10-09T12:16:35.422+08:00 [INFO] gRPC GetTicker: symbol=BNB/USDT
2026-10-09T12:16:35.647+08:00 [INFO] gRPC GetOrderBook: symbol=ETH/USDT, depth=20
2026-10-09T12:16:35.647+08:00 [INFO] gRPC GetRecentTrades: symbol=ETH/USDT, limit=10
2026-10-09T12:16:35.647+08:00 [INFO] gRPC GetTicker: symbol=ETH/USDT
2026-10-09T12:16:35.956+08:00 [INFO] gRPC GetOrderBook: symbol=BNB/USDT, depth=20
2026-10-09T12:16:35.956+08:00 [INFO] gRPC GetRecentTrades: symbol=BNB/USDT, limit=10
2026-10-09T12:16:35.957+08:00 [INFO] gRPC GetTicker: symbol=BNB/USDT
2026-10-09T12:16:36.262+08:00 [INFO] gRPC GetOrderBook: symbol=BTC/USDT, depth=20
2026-10-09T12:16:36.263+08:00 [INFO] gRPC GetRecentTrades: symbol=BTC/USDT, limit=10
2026-10-09T12:16:36.263+08:00 [INFO] gRPC GetTicker: symbol=BTC/USDT
2026-10-09T12:16:36.489+08:00 [INFO] gRPC GetOrderBook: symbol=ETH/USDT, depth=20
2026-10-09T12:16:36.490+08:00 [INFO] gRPC GetRecentTrades: symbol=ETH/USDT, limit=10
2026-10-09T12:16:36.490+08:00 [INFO] gRPC GetTicker: symbol=ETH/USDT
2026-10-09T12:16:36.713+08:00 [INFO] gRPC GetOrderBook: symbol=BNB/USDT, depth=20
2026-10-09T12:16:36.714+08:00 [INFO] gRPC GetRecentTrades: symbol=BNB/USDT, limit=10
2026-10-09T12:16:36.714+08:00 [INFO] gRPC GetTicker: symbol=BNB/USDT
2026-10-09T12:16:36.937+08:00 [INFO] gRPC GetOrderBook: symbol=BTC/USDT, depth=20
2026-10-09T12:16:36.941+08:00 [INFO] gRPC GetRecentTrades: symbol=BTC/USDT, limit=10
2026-10-09T12:16:36.941+08:00 [INFO] gRPC GetTicker: symbol=BTC/USDT
2026-10-09T12:16:37.444+08:00 [INFO] gRPC GetOrderBook: symbol=ETH/USDT, depth=20
2026-10-09T12:16:37.445+08:00 [INFO] gRPC GetRecentTrades: symbol=ETH/USDT, limit=10
2026-10-09T12:16:37.445+08:00 [INFO] gRPC GetTicker: symbol=ETH/USDT
2026-10-09T12:16:37.699+08:00 [INFO] gRPC GetOrderBook: symbol=BNB/USDT, depth=20
2026-10-09T12:16:37.699+08:00 [INFO] gRPC GetRecentTrades: symbol=BNB/USDT, limit=10
2026-10-09T12:16:37.700+08:00 [INFO] gRPC GetTicker: symbol=BNB/USDT
2026-10-09T12:16:38.002+08:00 [INFO] gRPC GetOrderBook: symbol=BTC/USDT, depth=20
2026-10-09T12:16:38.002+08:00 [INFO] gRPC GetRecentTrades: symbol=BTC/USDT, limit=10
2026-10-09T12:16:38.002+08:00 [INFO] gRPC GetTicker: symbol=BTC/USDT
2026-10-09T12:16:38.444+08:00 [INFO] gRPC GetOrderBook: symbol=BTC/USDT, depth=20
2026-10-09T12:16:38.445+08:00 [INFO] gRPC GetRecentTrades: symbol=BTC/USDT, limit=10
2026-10-09T12:16:38.445+08:00 [INFO] gRPC GetTicker: symbol=BTC/USDT
2026-10-09T12:16:38.670+08:00 [INFO] gRPC GetOrderBook: symbol=ETH/USDT, depth=20
2026-10-09T12:16:38.671+08:00 [INFO] gRPC GetRecentTrades: symbol=ETH/USDT, limit=10
2026-10-09T12:16:38.671+08:00 [INFO] gRPC GetTicker: symbol=ETH/USDT
2026-10-09T12:16:38.923+08:00 [INFO] gRPC GetOrderBook: symbol=BNB/USDT, depth=20
2026-10-09T12:16:38.923+08:00 [INFO] gRPC GetRecentTrades: symbol=BNB/USDT, limit=10
2026-10-09T12:16:38.924+08:00 [INFO] gRPC GetTicker: symbol=BNB/USDT
2026-10-09T12:16:39.444+08:00 [INFO] gRPC GetOrderBook: symbol=BTC/USDT, depth=20
2026-10-09T12:16:39.445+08:00 [INFO] gRPC GetRecentTrades: symbol=BTC/USDT, limit=10
2026-10-09T12:16:39.445+08:00 [INFO] gRPC GetTicker: symbol=BTC/USDT
2026-10-09T12:16:39.669+08:00 [INFO] gRPC GetOrderBook: symbol=ETH/USDT, depth=20
2026-10-09T12:16:39.670+08:00 [INFO] gRPC GetRecentTrades: symbol=ETH/USDT, limit=10
2026-10-09T12:16:39.672+08:00 [INFO] gRPC GetTicker: symbol=ETH/USDT
2026-10-09T12:16:39.948+08:00 [INFO] gRPC GetOrderBook: symbol=BNB/USDT, depth=20
2026-10-09T12:16:39.949+08:00 [INFO] gRPC GetRecentTrades: symbol=BNB/USDT, limit=10
2026-10-09T12:16:39.949+08:00 [INFO] gRPC GetTicker: symbol=BNB/USDT
2026-10-09T12:16:40.444+08:00 [INFO] gRPC GetOrderBook: symbol=BTC/USDT, depth=20
2026-10-09T12:16:40.445+08:00 [INFO] gRPC GetRecentTrades: symbol=BTC/USDT, limit=10
2026-10-09T12:16:40.445+08:00 [INFO] gRPC GetTicker: symbol=BTC/USDT
2026-10-09T12:16:40.668+08:00 [INFO] gRPC GetOrderBook: symbol=ETH/USDT, depth=20
2026-10-09T12:16:40.669+08:00 [INFO] gRPC GetRecentTrades: symbol=ETH/USDT, limit=10
2026-10-09T12:16:40.669+08:00 [INFO] gRPC GetTicker: symbol=ETH/USDT
2026-10-09T12:16:40.893+08:00 [INFO] gRPC GetOrderBook: symbol=BNB/USDT, depth=20
2026-10-09T12:16:40.893+08:00 [INFO] gRPC GetRecentTrades: symbol=BNB/USDT, limit=10
2026-10-09T12:16:40.893+08:00 [INFO] gRPC GetTicker: symbol=BNB/USDT
2026-10-09T12:16:41.444+08:00 [INFO] gRPC GetOrderBook: symbol=ETH/USDT, depth=20
2026-10-09T12:16:41.445+08:00 [INFO] gRPC GetRecentTrades: symbol=ETH/USDT, limit=10
2026-10-09T12:16:41.445+08:00 [INFO] gRPC GetTicker: symbol=ETH/USDT
2026-10-09T12:16:41.687+08:00 [INFO] gRPC GetOrderBook: symbol=BNB/USDT, depth=20
2026-10-09T12:16:41.688+08:00 [INFO] gRPC GetRecentTrades: symbol=BNB/USDT, limit=10
2026-10-09T12:16:41.688+08:00 [INFO] gRPC GetTicker: symbol=BNB/USDT
2026-10-09T12:16:41.911+08:00 [INFO] gRPC GetOrderBook: symbol=BTC/USDT, depth=20
2026-10-09T12:16:41.912+08:00 [INFO] gRPC GetRecentTrades: symbol=BTC/USDT, limit=10
2026-10-09T12:16:41.912+08:00 [INFO] gRPC GetTicker: symbol=BTC/USDT
2026-10-09T12:16:42.444+08:00 [INFO] gRPC GetOrderBook: symbol=BTC/USDT, depth=20
2026-10-09T12:16:42.445+08:00 [INFO] gRPC GetRecentTrades: symbol=BTC/USDT, limit=10
2026-10-09T12:16:42.445+08:00 [INFO] gRPC GetTicker: symbol=BTC/USDT
2026-10-09T12:16:42.678+08:00 [INFO] gRPC GetOrderBook: symbol=ETH/USDT, depth=20
2026-10-09T12:16:42.679+08:00 [INFO] gRPC GetRecentTrades: symbol=ETH/USDT, limit=10
2026-10-09T12:16:42.679+08:00 [INFO] gRPC GetTicker: symbol=ETH/USDT
2026-10-09T12:16:42.917+08:00 [INFO] gRPC GetOrderBook: symbol=BNB/USDT, depth=20
2026-10-09T12:16:42.917+08:00 [INFO] gRPC GetRecentTrades: symbol=BNB/USDT, limit=10
2026-10-09T12:16:42.918+08:00 [INFO] gRPC GetTicker: symbol=BNB/USDT
2026-10-09T12:16:43.443+08:00 [INFO] gRPC GetOrderBook: symbol=BNB/USDT, depth=20
2026-10-09T12:16:43.444+08:00 [INFO] gRPC GetRecentTrades: symbol=BNB/USDT, limit=10
2026-10-09T12:16:43.444+08:00 [INFO] gRPC GetTicker: symbol=BNB/USDT
2026-10-09T12:16:43.670+08:00 [INFO] gRPC GetOrderBook: symbol=BTC/USDT, depth=20
2026-10-09T12:16:43.670+08:00 [INFO] gRPC GetRecentTrades: symbol=BTC/USDT, limit=10
2026-10-09T12:16:43.670+08:00 [INFO] gRPC GetTicker: symbol=BTC/USDT
2026-10-09T12:16:43.896+08:00 [INFO] gRPC GetOrderBook: symbol=ETH/USDT, depth=20
2026-10-09T12:16:43.897+08:00 [INFO] gRPC GetRecentTrades: symbol=ETH/USDT, limit=10
2026-10-09T12:16:43.897+08:00 [INFO] gRPC GetTicker: symbol=ETH/USDT
2026-10-09T12:16:44.444+08:00 [INFO] gRPC GetOrderBook: symbol=BTC/USDT, depth=20
2026-10-09T12:16:44.445+08:00 [INFO] gRPC GetRecentTrades: symbol=BTC/USDT, limit=10
2026-10-09T12:16:44.445+08:00 [INFO] gRPC GetTicker: symbol=BTC/USDT
2026-10-09T12:16:44.667+08:00 [INFO] gRPC GetOrderBook: symbol=ETH/USDT, depth=20
2026-10-09T12:16:44.668+08:00 [INFO] gRPC GetRecentTrades: symbol=ETH/USDT, limit=10
2026-10-09T12:16:44.668+08:00 [INFO] gRPC GetTicker: symbol=ETH/USDT
2026-10-09T12:16:44.889+08:00 [INFO] gRPC GetOrderBook: symbol=BNB/USDT, depth=20
2026-10-09T12:16:44.889+08:00 [INFO] gRPC GetRecentTrades: symbol=BNB/USDT, limit=10
2026-10-09T12:16:44.890+08:00 [INFO] gRPC GetTicker: symbol=BNB/USDT
2026-10-09T12:16:45.444+08:00 [INFO] gRPC GetOrderBook: symbol=BTC/USDT, depth=20
2026-10-09T12:16:45.445+08:00 [INFO] gRPC GetRecentTrades: symbol=BTC/USDT, limit=10
2026-10-09T12:16:45.445+08:00 [INFO] gRPC GetTicker: symbol=BTC/USDT
2026-10-09T12:16:45.673+08:00 [INFO] gRPC GetOrderBook: symbol=ETH/USDT, depth=20
2026-10-09T12:16:45.673+08:00 [INFO] gRPC GetRecentTrades: symbol=ETH/USDT, limit=10
2026-10-09T12:16:45.673+08:00 [INFO] gRPC GetTicker: symbol=ETH/USDT
2026-10-09T12:16:45.988+08:00 [INFO] gRPC GetOrderBook: symbol=BNB/USDT, depth=20
2026-10-09T12:16:45.989+08:00 [INFO] gRPC GetRecentTrades: symbol=BNB/USDT, limit=10
2026-10-09T12:16:45.989+08:00 [INFO] gRPC GetTicker: symbol=BNB/USDT
2026-10-09T12:16:46.444+08:00 [INFO] gRPC GetOrderBook: symbol=BTC/USDT, depth=20
2026-10-09T12:16:46.445+08:00 [INFO] gRPC GetRecentTrades: symbol=BTC/USDT, limit=10
2026-10-09T12:16:46.445+08:00 [INFO] gRPC GetTicker: symbol=BTC/USDT
2026-10-09T12:16:46.672+08:00 [INFO] gRPC GetOrderBook: symbol=ETH/USDT, depth=20
2026-10-09T12:16:46.673+08:00 [INFO] gRPC GetRecentTrades: symbol=ETH/USDT, limit=10
2026-10-09T12:16:46.673+08:00 [INFO] gRPC GetTicker: symbol=ETH/USDT
2026-10-09T12:16:46.910+08:00 [INFO] gRPC GetOrderBook: symbol=BNB/USDT, depth=20
2026-10-09T12:16:46.911+08:00 [INFO] gRPC GetRecentTrades: symbol=BNB/USDT, limit=10
2026-10-09T12:16:46.912+08:00 [INFO] gRPC GetTicker: symbol=BNB/USDT
2026-10-09T12:16:47.444+08:00 [INFO] gRPC GetOrderBook: symbol=BTC/USDT, depth=20
2026-10-09T12:16:47.445+08:00 [INFO] gRPC GetRecentTrades: symbol=BTC/USDT, limit=10
2026-10-09T12:16:47.445+08:00 [INFO] gRPC GetTicker: symbol=BTC/USDT
2026-10-09T12:16:47.729+08:00 [INFO] gRPC GetOrderBook: symbol=ETH/USDT, depth=20
2026-10-09T12:16:47.730+08:00 [INFO] gRPC GetRecentTrades: symbol=ETH/USDT, limit=10
2026-10-09T12:16:47.731+08:00 [INFO] gRPC GetTicker: symbol=ETH/USDT
2026-10-09T12:16:48.036+08:00 [INFO] gRPC GetOrderBook: symbol=BNB/USDT, depth=20
2026-10-09T12:16:48.037+08:00 [INFO] gRPC GetRecentTrades: symbol=BNB/USDT, limit=10
2026-10-09T12:16:48.037+08:00 [INFO] gRPC GetTicker: symbol=BNB/USDT
2026-10-09T12:16:48.447+08:00 [INFO] gRPC GetOrderBook: symbol=ETH/USDT, depth=20
2026-10-09T12:16:48.450+08:00 [INFO] gRPC GetRecentTrades: symbol=ETH/USDT, limit=10
2026-10-09T12:16:48.450+08:00 [INFO] gRPC GetTicker: symbol=ETH/USDT
2026-10-09T12:16:49.148+08:00 [INFO] gRPC GetOrderBook: symbol=BNB/USDT, depth=20
2026-10-09T12:16:49.149+08:00 [INFO] gRPC GetRecentTrades: symbol=BNB/USDT, limit=10
2026-10-09T12:16:49.149+08:00 [INFO] gRPC GetTicker: symbol=BNB/USDT
2026-10-09T12:16:49.372+08:00 [INFO] gRPC GetOrderBook: symbol=BTC/USDT, depth=20
2026-10-09T12:16:49.372+08:00 [INFO] gRPC GetRecentTrades: symbol=BTC/USDT, limit=10
2026-10-09T12:16:49.373+08:00 [INFO] gRPC GetTicker: symbol=BTC/USDT
2026-10-09T12:16:49.675+08:00 [INFO] gRPC GetOrderBook: symbol=BTC/USDT, depth=20
2026-10-09T12:16:49.675+08:00 [INFO] gRPC GetRecentTrades: symbol=BTC/USDT, limit=10
2026-10-09T12:16:49.676+08:00 [INFO] gRPC GetTicker: symbol=BTC/USDT
2026-10-09T12:16:49.895+08:00 [INFO] gRPC GetOrderBook: symbol=ETH/USDT, depth=20
2026-10-09T12:16:49.896+08:00 [INFO] gRPC GetRecentTrades: symbol=ETH/USDT, limit=10
2026-10-09T12:16:49.896+08:00 [INFO] gRPC GetTicker: symbol=ETH/USDT
2026-10-09T12:16:50.188+08:00 [INFO] gRPC GetOrderBook: symbol=BNB/USDT, depth=20
2026-10-09T12:16:50.188+08:00 [INFO] gRPC GetRecentTrades: symbol=BNB/USDT, limit=10
2026-10-09T12:16:50.189+08:00 [INFO] gRPC GetTicker: symbol=BNB/USDT
2026-10-09T12:16:50.444+08:00 [INFO] gRPC GetOrderBook: symbol=BTC/USDT, depth=20
2026-10-09T12:16:50.444+08:00 [INFO] gRPC GetRecentTrades: symbol=BTC/USDT, limit=10
2026-10-09T12:16:50.444+08:00 [INFO] gRPC GetTicker: symbol=BTC/USDT
2026-10-09T12:16:50.668+08:00 [INFO] gRPC GetOrderBook: symbol=ETH/USDT, depth=20
2026-10-09T12:16:50.669+08:00 [INFO] gRPC GetRecentTrades: symbol=ETH/USDT, limit=10
2026-10-09T12:16:50.669+08:00 [INFO] gRPC GetTicker: symbol=ETH/USDT
2026-10-09T12:16:50.903+08:00 [INFO] gRPC GetOrderBook: symbol=BNB/USDT, depth=20
2026-10-09T12:16:50.904+08:00 [INFO] gRPC GetRecentTrades: symbol=BNB/USDT, limit=10
2026-10-09T12:16:50.904+08:00 [INFO] gRPC GetTicker: symbol=BNB/USDT
2026-10-09T12:16:51.444+08:00 [INFO] gRPC GetOrderBook: symbol=BTC/USDT, depth=20
2026-10-09T12:16:51.445+08:00 [INFO] gRPC GetRecentTrades: symbol=BTC/USDT, limit=10
2026-10-09T12:16:51.445+08:00 [INFO] gRPC GetTicker: symbol=BTC/USDT
2026-10-09T12:16:51.721+08:00 [INFO] gRPC GetOrderBook: symbol=ETH/USDT, depth=20
2026-10-09T12:16:51.722+08:00 [INFO] gRPC GetRecentTrades: symbol=ETH/USDT, limit=10
2026-10-09T12:16:51.722+08:00 [INFO] gRPC GetTicker: symbol=ETH/USDT
2026-10-09T12:16:51.945+08:00 [INFO] gRPC GetOrderBook: symbol=BNB/USDT, depth=20
2026-10-09T12:16:51.945+08:00 [INFO] gRPC GetRecentTrades: symbol=BNB/USDT, limit=10
2026-10-09T12:16:51.946+08:00 [INFO] gRPC GetTicker: symbol=BNB/USDT
2026-10-09T12:16:52.444+08:00 [INFO] gRPC GetOrderBook: symbol=BTC/USDT, depth=20
2026-10-09T12:16:52.444+08:00 [INFO] gRPC GetRecentTrades: symbol=BTC/USDT, limit=10
2026-10-09T12:16:52.444+08:00 [INFO] gRPC GetTicker: symbol=BTC/USDT
2026-10-09T12:16:52.670+08:00 [INFO] gRPC GetOrderBook: symbol=ETH/USDT, depth=20
2026-10-09T12:16:52.671+08:00 [INFO] gRPC GetRecentTrades: symbol=ETH/USDT, limit=10
2026-10-09T12:16:52.672+08:00 [INFO] gRPC GetTicker: symbol=ETH/USDT
2026-10-09T12:16:52.951+08:00 [INFO] gRPC GetOrderBook: symbol=BNB/USDT, depth=20
2026-10-09T12:16:52.952+08:00 [INFO] gRPC GetRecentTrades: symbol=BNB/USDT, limit=10
2026-10-09T12:16:52.952+08:00 [INFO] gRPC GetTicker: symbol=BNB/USDT
2026-10-09T12:16:53.444+08:00 [INFO] gRPC GetOrderBook: symbol=BTC/USDT, depth=20
2026-10-09T12:16:53.444+08:00 [INFO] gRPC GetRecentTrades: symbol=BTC/USDT, limit=10
2026-10-09T12:16:53.444+08:00 [INFO] gRPC GetTicker: symbol=BTC/USDT
2026-10-09T12:16:53.674+08:00 [INFO] gRPC GetOrderBook: symbol=ETH/USDT, depth=20
2026-10-09T12:16:53.676+08:00 [INFO] gRPC GetRecentTrades: symbol=ETH/USDT, limit=10
2026-10-09T12:16:53.676+08:00 [INFO] gRPC GetTicker: symbol=ETH/USDT
2026-10-09T12:16:53.900+08:00 [INFO] gRPC GetOrderBook: symbol=BNB/USDT, depth=20
2026-10-09T12:16:53.900+08:00 [INFO] gRPC GetRecentTrades: symbol=BNB/USDT, limit=10
2026-10-09T12:16:53.901+08:00 [INFO] gRPC GetTicker: symbol=BNB/USDT
2026-10-09T12:16:54.444+08:00 [INFO] gRPC GetOrderBook: symbol=BNB/USDT, depth=20
2026-10-09T12:16:54.444+08:00 [INFO] gRPC GetRecentTrades: symbol=BNB/USDT, limit=10
2026-10-09T12:16:54.445+08:00 [INFO] gRPC GetTicker: symbol=BNB/USDT
2026-10-09T12:16:54.670+08:00 [INFO] gRPC GetOrderBook: symbol=BTC/USDT, depth=20
2026-10-09T12:16:54.670+08:00 [INFO] gRPC GetRecentTrades: symbol=BTC/USDT, limit=10
2026-10-09T12:16:54.670+08:00 [INFO] gRPC GetTicker: symbol=BTC/USDT
2026-10-09T12:16:54.999+08:00 [INFO] gRPC GetOrderBook: symbol=ETH/USDT, depth=20
2026-10-09T12:16:55.000+08:00 [INFO] gRPC GetRecentTrades: symbol=ETH/USDT, limit=10
2026-10-09T12:16:55.001+08:00 [INFO] gRPC GetTicker: symbol=ETH/USDT
2026-10-09T12:16:55.444+08:00 [INFO] gRPC GetOrderBook: symbol=BNB/USDT, depth=20
2026-10-09T12:16:55.444+08:00 [INFO] gRPC GetRecentTrades: symbol=BNB/USDT, limit=10
2026-10-09T12:16:55.445+08:00 [INFO] gRPC GetTicker: symbol=BNB/USDT
2026-10-09T12:16:55.716+08:00 [INFO] gRPC GetOrderBook: symbol=BTC/USDT, depth=20
2026-10-09T12:16:55.717+08:00 [INFO] gRPC GetRecentTrades: symbol=BTC/USDT, limit=10
2026-10-09T12:16:55.718+08:00 [INFO] gRPC GetTicker: symbol=BTC/USDT
2026-10-09T12:16:56.023+08:00 [INFO] gRPC GetOrderBook: symbol=ETH/USDT, depth=20
2026-10-09T12:16:56.024+08:00 [INFO] gRPC GetRecentTrades: symbol=ETH/USDT, limit=10
2026-10-09T12:16:56.024+08:00 [INFO] gRPC GetTicker: symbol=ETH/USDT
2026-10-09T12:16:56.444+08:00 [INFO] gRPC GetOrderBook: symbol=BNB/USDT, depth=20
2026-10-09T12:16:56.444+08:00 [INFO] gRPC GetRecentTrades: symbol=BNB/USDT, limit=10
2026-10-09T12:16:56.445+08:00 [INFO] gRPC GetTicker: symbol=BNB/USDT
2026-10-09T12:16:56.738+08:00 [INFO] gRPC GetOrderBook: symbol=BTC/USDT, depth=20
2026-10-09T12:16:56.738+08:00 [INFO] gRPC GetRecentTrades: symbol=BTC/USDT, limit=10
2026-10-09T12:16:56.739+08:00 [INFO] gRPC GetTicker: symbol=BTC/USDT
2026-10-09T12:16:57.047+08:00 [INFO] gRPC GetOrderBook: symbol=ETH/USDT, depth=20
2026-10-09T12:16:57.048+08:00 [INFO] gRPC GetRecentTrades: symbol=ETH/USDT, limit=10
2026-10-09T12:16:57.048+08:00 [INFO] gRPC GetTicker: symbol=ETH/USDT
2026-10-09T12:16:57.444+08:00 [INFO] gRPC GetOrderBook: symbol=BTC/USDT, depth=20
2026-10-09T12:16:57.444+08:00 [INFO] gRPC GetRecentTrades: symbol=BTC/USDT, limit=10
2026-10-09T12:16:57.445+08:00 [INFO] gRPC GetTicker: symbol=BTC/USDT
2026-10-09T12:16:57.670+08:00 [INFO] gRPC GetOrderBook: symbol=ETH/USDT, depth=20
2026-10-09T12:16:57.670+08:00 [INFO] gRPC GetRecentTrades: symbol=ETH/USDT, limit=10
2026-10-09T12:16:57.671+08:00 [INFO] gRPC GetTicker: symbol=ETH/USDT
2026-10-09T12:16:57.895+08:00 [INFO] gRPC GetOrderBook: symbol=BNB/USDT, depth=20
2026-10-09T12:16:57.896+08:00 [INFO] gRPC GetRecentTrades: symbol=BNB/USDT, limit=10
2026-10-09T12:16:57.897+08:00 [INFO] gRPC GetTicker: symbol=BNB/USDT
2026-10-09T12:16:58.443+08:00 [INFO] gRPC GetOrderBook: symbol=BTC/USDT, depth=20
2026-10-09T12:16:58.444+08:00 [INFO] gRPC GetRecentTrades: symbol=BTC/USDT, limit=10
2026-10-09T12:16:58.444+08:00 [INFO] gRPC GetTicker: symbol=BTC/USDT
2026-10-09T12:16:58.666+08:00 [INFO] gRPC GetOrderBook: symbol=ETH/USDT, depth=20
2026-10-09T12:16:58.667+08:00 [INFO] gRPC GetRecentTrades: symbol=ETH/USDT, limit=10
2026-10-09T12:16:58.667+08:00 [INFO] gRPC GetTicker: symbol=ETH/USDT
2026-10-09T12:16:58.894+08:00 [INFO] gRPC GetOrderBook: symbol=BNB/USDT, depth=20
2026-10-09T12:16:58.894+08:00 [INFO] gRPC GetRecentTrades: symbol=BNB/USDT, limit=10
2026-10-09T12:16:58.894+08:00 [INFO] gRPC GetTicker: symbol=BNB/USDT
2026-10-09T12:16:59.444+08:00 [INFO] gRPC GetOrderBook: symbol=BTC/USDT, depth=20
2026-10-09T12:16:59.444+08:00 [INFO] gRPC GetRecentTrades: symbol=BTC/USDT, limit=10
2026-10-09T12:16:59.445+08:00 [INFO] gRPC GetTicker: symbol=BTC/USDT
2026-10-09T12:16:59.672+08:00 [INFO] gRPC GetOrderBook: symbol=ETH/USDT, depth=20
2026-10-09T12:16:59.673+08:00 [INFO] gRPC GetRecentTrades: symbol=ETH/USDT, limit=10
2026-10-09T12:16:59.673+08:00 [INFO] gRPC GetTicker: symbol=ETH/USDT
2026-10-09T12:16:59.898+08:00 [INFO] gRPC GetOrderBook: symbol=BNB/USDT, depth=20
2026-10-09T12:16:59.899+08:00 [INFO] gRPC GetRecentTrades: symbol=BNB/USDT, limit=10
2026-10-09T12:16:59.900+08:00 [INFO] gRPC GetTicker: symbol=BNB/USDT
2026-10-09T14:11:10.414+08:00 [INFO] gRPC GetOrderBook: symbol=BTC/USDT, depth=20
2026-10-09T14:11:10.414+08:00 [INFO] gRPC GetOrderBook: symbol=BTC/USDT, depth=20
2026-10-09T14:11:10.417+08:00 [INFO] gRPC GetRecentTrades: symbol=BTC/USDT, limit=10
2026-10-09T14:11:10.417+08:00 [INFO] gRPC GetTicker: symbol=BTC/USDT
2026-10-09T14:11:10.432+08:00 [INFO] gRPC GetRecentTrades: symbol=BTC/USDT, limit=20
2026-10-09T14:11:10.476+08:00 [INFO] gRPC GetOrderBook: symbol=BTC/USDT, depth=20
2026-10-09T14:11:10.478+08:00 [INFO] gRPC GetRecentTrades: symbol=BTC/USDT, limit=10
2026-10-09T14:11:10.479+08:00 [INFO] gRPC GetTicker: symbol=BTC/USDT
2026-10-09T14:11:10.544+08:00 [INFO] gRPC GetOrderBook: symbol=BTC/USDT, depth=20
2026-10-09T14:11:10.545+08:00 [INFO] gRPC GetRecentTrades: symbol=BTC/USDT, limit=10
2026-10-09T14:11:10.546+08:00 [INFO] gRPC GetTicker: symbol=BTC/USDT
2026-10-09T14:11:11.725+08:00 [INFO] gRPC GetOrderBook: symbol=BTC/USDT, depth=20
2026-10-09T14:11:11.726+08:00 [INFO] gRPC GetRecentTrades: symbol=BTC/USDT, limit=10
2026-10-09T14:11:11.726+08:00 [INFO] gRPC GetTicker: symbol=BTC/USDT
2026-10-09T14:11:12.544+08:00 [INFO] gRPC GetOrderBook: symbol=BTC/USDT, depth=20
2026-10-09T14:11:12.546+08:00 [INFO] gRPC GetRecentTrades: symbol=BTC/USDT, limit=10
2026-10-09T14:11:12.547+08:00 [INFO] gRPC GetTicker: symbol=BTC/USDT
2026-10-09T14:11:13.544+08:00 [INFO] gRPC GetOrderBook: symbol=BTC/USDT, depth=20
2026-10-09T14:11:13.544+08:00 [INFO] gRPC GetRecentTrades: symbol=BTC/USDT, limit=10
2026-10-09T14:11:13.545+08:00 [INFO] gRPC GetTicker: symbol=BTC/USDT
2026-10-09T14:11:14.544+08:00 [INFO] gRPC GetOrderBook: symbol=BTC/USDT, depth=20
2026-10-09T14:11:14.545+08:00 [INFO] gRPC GetRecentTrades: symbol=BTC/USDT, limit=10
2026-10-09T14:11:14.546+08:00 [INFO] gRPC GetTicker: symbol=BTC/USDT
2026-10-09T14:12:26.251+08:00 [INFO] gRPC GetOrderBook: symbol=BTC/USDT, depth=20
2026-10-09T14:12:26.252+08:00 [INFO] gRPC GetRecentTrades: symbol=BTC/USDT, limit=10
2026-10-09T14:12:26.253+08:00 [INFO] gRPC GetTicker: symbol=BTC/USDT
2026-10-09T14:12:26.543+08:00 [INFO] gRPC GetOrderBook: symbol=BTC/USDT, depth=20
2026-10-09T14:12:26.543+08:00 [INFO] gRPC GetRecentTrades: symbol=BTC/USDT, limit=10
2026-10-09T14:12:26.544+08:00 [INFO] gRPC GetTicker: symbol=BTC/USDT
2026-10-09T14:12:27.542+08:00 [INFO] gRPC GetOrderBook: symbol=BTC/USDT, depth=20
2026-10-09T14:12:27.543+08:00 [INFO] gRPC GetRecentTrades: symbol=BTC/USDT, limit=10
2026-10-09T14:12:27.544+08:00 [INFO] gRPC GetTicker: symbol=BTC/USDT
2026-10-09T14:12:28.543+08:00 [INFO] gRPC GetOrderBook: symbol=BTC/USDT, depth=20
2026-10-09T14:12:28.543+08:00 [INFO] gRPC GetRecentTrades: symbol=BTC/USDT, limit=10
2026-10-09T14:12:28.544+08:00 [INFO] gRPC GetTicker: symbol=BTC/USDT
2026-10-09T14:12:29.542+08:00 [INFO] gRPC GetOrderBook: symbol=BTC/USDT, depth=20
2026-10-09T14:12:29.543+08:00 [INFO] gRPC GetRecentTrades: symbol=BTC/USDT, limit=10
2026-10-09T14:12:29.543+08:00 [INFO] gRPC GetTicker: symbol=BTC/USDT
2026-10-09T14:12:32.389+08:00 [INFO] gRPC GetOrderBook: symbol=ETH/USDT, depth=20
2026-10-09T14:12:32.389+08:00 [INFO] gRPC GetOrderBook: symbol=BTC/USDT, depth=20
2026-10-09T14:12:32.389+08:00 [INFO] gRPC GetOrderBook: symbol=BNB/USDT, depth=20
2026-10-09T14:12:32.390+08:00 [INFO] gRPC GetRecentTrades: symbol=ETH/USDT, limit=10
2026-10-09T14:12:32.390+08:00 [INFO] gRPC GetRecentTrades: symbol=BNB/USDT, limit=10
2026-10-09T14:12:32.390+08:00 [INFO] gRPC GetRecentTrades: symbol=BTC/USDT, limit=10
2026-10-09T14:12:32.398+08:00 [INFO] gRPC GetTicker: symbol=BNB/USDT
2026-10-09T14:12:32.398+08:00 [INFO] gRPC GetTicker: symbol=ETH/USDT
2026-10-09T14:12:32.399+08:00 [INFO] gRPC GetTicker: symbol=BTC/USDT
2026-10-09T14:12:32.542+08:00 [INFO] gRPC GetOrderBook: symbol=ETH/USDT, depth=20
2026-10-09T14:12:32.543+08:00 [INFO] gRPC GetRecentTrades: symbol=ETH/USDT, limit=10
2026-10-09T14:12:32.543+08:00 [INFO] gRPC GetTicker: symbol=ETH/USDT
2026-10-09T14:12:33.735+08:00 [INFO] gRPC GetOrderBook: symbol=BNB/USDT, depth=20
2026-10-09T14:12:33.737+08:00 [INFO] gRPC GetRecentTrades: symbol=BNB/USDT, limit=10
2026-10-09T14:12:33.738+08:00 [INFO] gRPC GetTicker: symbol=BNB/USDT
2026-10-09T14:12:34.007+08:00 [INFO] gRPC GetOrderBook: symbol=BTC/USDT, depth=20
2026-10-09T14:12:34.008+08:00 [INFO] gRPC GetRecentTrades: symbol=BTC/USDT, limit=10
2026-10-09T14:12:34.008+08:00 [INFO] gRPC GetTicker: symbol=BTC/USDT
2026-10-09T14:12:34.297+08:00 [INFO] gRPC GetOrderBook: symbol=BNB/USDT, depth=20
2026-10-09T14:12:34.297+08:00 [INFO] gRPC GetRecentTrades: symbol=BNB/USDT, limit=10
2026-10-09T14:12:34.298+08:00 [INFO] gRPC GetTicker: symbol=BNB/USDT
2026-10-09T14:12:34.575+08:00 [INFO] gRPC GetOrderBook: symbol=BTC/USDT, depth=20
2026-10-09T14:12:34.575+08:00 [INFO] gRPC GetRecentTrades: symbol=BTC/USDT, limit=10
2026-10-09T14:12:34.576+08:00 [INFO] gRPC GetTicker: symbol=BTC/USDT
2026-10-09T14:12:34.852+08:00 [INFO] gRPC GetOrderBook: symbol=ETH/USDT, depth=20
2026-10-09T14:12:34.852+08:00 [INFO] gRPC GetRecentTrades: symbol=ETH/USDT, limit=10
2026-10-09T14:12:34.853+08:00 [INFO] gRPC GetTicker: symbol=ETH/USDT
2026-10-09T14:12:35.135+08:00 [INFO] gRPC GetOrderBook: symbol=BTC/USDT, depth=20
2026-10-09T14:12:35.136+08:00 [INFO] gRPC GetRecentTrades: symbol=BTC/USDT, limit=10
2026-10-09T14:12:35.136+08:00 [INFO] gRPC GetTicker: symbol=BTC/USDT
2026-10-09T14:12:35.371+08:00 [INFO] gRPC GetOrderBook: symbol=ETH/USDT, depth=20
2026-10-09T14:12:35.373+08:00 [INFO] gRPC GetRecentTrades: symbol=ETH/USDT, limit=10
2026-10-09T14:12:35.373+08:00 [INFO] gRPC GetTicker: symbol=ETH/USDT
2026-10-09T14:12:35.612+08:00 [INFO] gRPC GetOrderBook: symbol=BNB/USDT, depth=20
2026-10-09T14:12:35.613+08:00 [INFO] gRPC GetRecentTrades: symbol=BNB/USDT, limit=10
2026-10-09T14:12:35.613+08:00 [INFO] gRPC GetTicker: symbol=BNB/USDT
2026-10-09T14:12:35.853+08:00 [INFO] gRPC GetOrderBook: symbol=BNB/USDT, depth=20
2026-10-09T14:12:35.854+08:00 [INFO] gRPC GetRecentTrades: symbol=BNB/USDT, limit=10
2026-10-09T14:12:35.854+08:00 [INFO] gRPC GetTicker: symbol=BNB/USDT
2026-10-09T14:12:36.138+08:00 [INFO] gRPC GetOrderBook: symbol=BTC/USDT, depth=20
2026-10-09T14:12:36.139+08:00 [INFO] gRPC GetRecentTrades: symbol=BTC/USDT, limit=10
2026-10-09T14:12:36.139+08:00 [INFO] gRPC GetTicker: symbol=BTC/USDT
2026-10-09T14:12:36.375+08:00 [INFO] gRPC GetOrderBook: symbol=ETH/USDT, depth=20
2026-10-09T14:12:36.376+08:00 [INFO] gRPC GetRecentTrades: symbol=ETH/USDT, limit=10
2026-10-09T14:12:36.376+08:00 [INFO] gRPC GetTicker: symbol=ETH/USDT
2026-10-09T14:12:36.618+08:00 [INFO] gRPC GetOrderBook: symbol=ETH/USDT, depth=20
2026-10-09T14:12:36.619+08:00 [INFO] gRPC GetRecentTrades: symbol=ETH/USDT, limit=10
2026-10-09T14:12:36.619+08:00 [INFO] gRPC GetTicker: symbol=ETH/USDT
2026-10-09T14:12:36.957+08:00 [INFO] gRPC GetOrderBook: symbol=BNB/USDT, depth=20
2026-10-09T14:12:36.958+08:00 [INFO] gRPC GetRecentTrades: symbol=BNB/USDT, limit=10
2026-10-09T14:12:36.958+08:00 [INFO] gRPC GetTicker: symbol=BNB/USDT
2026-10-09T14:12:37.263+08:00 [INFO] gRPC GetOrderBook: symbol=BTC/USDT, depth=20
2026-10-09T14:12:37.264+08:00 [INFO] gRPC GetRecentTrades: symbol=BTC/USDT, limit=10
2026-10-09T14:12:37.264+08:00 [INFO] gRPC GetTicker: symbol=BTC/USDT
2026-10-09T14:12:37.542+08:00 [INFO] gRPC GetOrderBook: symbol=BTC/USDT, depth=20
2026-10-09T14:12:37.543+08:00 [INFO] gRPC GetRecentTrades: symbol=BTC/USDT, limit=10
2026-10-09T14:12:37.543+08:00 [INFO] gRPC GetTicker: symbol=BTC/USDT
2026-10-09T14:12:37.865+08:00 [INFO] gRPC GetOrderBook: symbol=ETH/USDT, depth=20
2026-10-09T14:12:37.866+08:00 [INFO] gRPC GetRecentTrades: symbol=ETH/USDT, limit=10
2026-10-09T14:12:37.866+08:00 [INFO] gRPC GetTicker: symbol=ETH/USDT
2026-10-09T14:12:38.108+08:00 [INFO] gRPC GetOrderBook: symbol=BNB/USDT, depth=20
2026-10-09T14:12:38.108+08:00 [INFO] gRPC GetRecentTrades: symbol=BNB/USDT, limit=10
2026-10-09T14:12:38.109+08:00 [INFO] gRPC GetTicker: symbol=BNB/USDT
2026-10-09T14:12:38.542+08:00 [INFO] gRPC GetOrderBook: symbol=BTC/USDT, depth=20
2026-10-09T14:12:38.543+08:00 [INFO] gRPC GetRecentTrades: symbol=BTC/USDT, limit=10
2026-10-09T14:12:38.543+08:00 [INFO] gRPC GetTicker: symbol=BTC/USDT
2026-10-09T14:12:38.801+08:00 [INFO] gRPC GetOrderBook: symbol=ETH/USDT, depth=20
2026-10-09T14:12:38.801+08:00 [INFO] gRPC GetRecentTrades: symbol=ETH/USDT, limit=10
2026-10-09T14:12:38.802+08:00 [INFO] gRPC GetTicker: symbol=ETH/USDT
2026-10-09T14:12:39.105+08:00 [INFO] gRPC GetOrderBook: symbol=BNB/USDT, depth=20
2026-10-09T14:12:39.105+08:00 [INFO] gRPC GetRecentTrades: symbol=BNB/USDT, limit=10
2026-10-09T14:12:39.105+08:00 [INFO] gRPC GetTicker: symbol=BNB/USDT
2026-10-09T14:12:39.541+08:00 [INFO] gRPC GetOrderBook: symbol=BTC/USDT, depth=20
2026-10-09T14:12:39.542+08:00 [INFO] gRPC GetRecentTrades: symbol=BTC/USDT, limit=10
2026-10-09T14:12:39.542+08:00 [INFO] gRPC GetTicker: symbol=BTC/USDT
2026-10-09T14:12:39.777+08:00 [INFO] gRPC GetOrderBook: symbol=ETH/USDT, depth=20
2026-10-09T14:12:39.778+08:00 [INFO] gRPC GetRecentTrades: symbol=ETH/USDT, limit=10
2026-10-09T14:12:39.779+08:00 [INFO] gRPC GetTicker: symbol=ETH/USDT
2026-10-09T14:12:40.019+08:00 [INFO] gRPC GetOrderBook: symbol=BNB/USDT, depth=20
2026-10-09T14:12:40.019+08:00 [INFO] gRPC GetRecentTrades: symbol=BNB/USDT, limit=10
2026-10-09T14:12:40.020+08:00 [INFO] gRPC GetTicker: symbol=BNB/USDT
2026-10-09T14:12:40.542+08:00 [INFO] gRPC GetOrderBook: symbol=BTC/USDT, depth=20
2026-10-09T14:12:40.543+08:00 [INFO] gRPC GetRecentTrades: symbol=BTC/USDT, limit=10
2026-10-09T14:12:40.543+08:00 [INFO] gRPC GetTicker: symbol=BTC/USDT
2026-10-09T14:12:40.848+08:00 [INFO] gRPC GetOrderBook: symbol=ETH/USDT, depth=20
2026-10-09T14:12:40.850+08:00 [INFO] gRPC GetRecentTrades: symbol=ETH/USDT, limit=10
2026-10-09T14:12:40.850+08:00 [INFO] gRPC GetTicker: symbol=ETH/USDT
2026-10-09T14:12:41.155+08:00 [INFO] gRPC GetOrderBook: symbol=BNB/USDT, depth=20
2026-10-09T14:12:41.156+08:00 [INFO] gRPC GetRecentTrades: symbol=BNB/USDT, limit=10
2026-10-09T14:12:41.156+08:00 [INFO] gRPC GetTicker: symbol=BNB/USDT
2026-10-09T14:12:41.542+08:00 [INFO] gRPC GetOrderBook: symbol=BTC/USDT, depth=20
2026-10-09T14:12:41.543+08:00 [INFO] gRPC GetRecentTrades: symbol=BTC/USDT, limit=10
2026-10-09T14:12:41.543+08:00 [INFO] gRPC GetTicker: symbol=BTC/USDT
2026-10-09T14:12:41.873+08:00 [INFO] gRPC GetOrderBook: symbol=ETH/USDT, depth=20
2026-10-09T14:12:41.873+08:00 [INFO] gRPC GetRecentTrades: symbol=ETH/USDT, limit=10
2026-10-09T14:12:41.873+08:00 [INFO] gRPC GetTicker: symbol=ETH/USDT
2026-10-09T14:12:42.179+08:00 [INFO] gRPC GetOrderBook: symbol=BNB/USDT, depth=20
2026-10-09T14:12:42.179+08:00 [INFO] gRPC GetRecentTrades: symbol=BNB/USDT, limit=10
2026-10-09T14:12:42.180+08:00 [INFO] gRPC GetTicker: symbol=BNB/USDT
2026-10-09T14:12:42.541+08:00 [INFO] gRPC GetOrderBook: symbol=BTC/USDT, depth=20
2026-10-09T14:12:42.542+08:00 [INFO] gRPC GetRecentTrades: symbol=BTC/USDT, limit=10
2026-10-09T14:12:42.542+08:00 [INFO] gRPC GetTicker: symbol=BTC/USDT
2026-10-09T14:12:42.793+08:00 [INFO] gRPC GetOrderBook: symbol=ETH/USDT, depth=20
2026-10-09T14:12:42.793+08:00 [INFO] gRPC GetRecentTrades: symbol=ETH/USDT, limit=10
2026-10-09T14:12:42.794+08:00 [INFO] gRPC GetTicker: symbol=ETH/USDT
2026-10-09T14:12:43.025+08:00 [INFO] gRPC GetOrderBook: symbol=BNB/USDT, depth=20
2026-10-09T14:12:43.025+08:00 [INFO] gRPC GetRecentTrades: symbol=BNB/USDT, limit=10
2026-10-09T14:12:43.026+08:00 [INFO] gRPC GetTicker: symbol=BNB/USDT
2026-10-09T14:12:43.542+08:00 [INFO] gRPC GetOrderBook: symbol=BNB/USDT, depth=20
2026-10-09T14:12:43.542+08:00 [INFO] gRPC GetRecentTrades: symbol=BNB/USDT, limit=10
2026-10-09T14:12:43.543+08:00 [INFO] gRPC GetTicker: symbol=BNB/USDT
2026-10-09T14:12:43.783+08:00 [INFO] gRPC GetOrderBook: symbol=BTC/USDT, depth=20
2026-10-09T14:12:43.784+08:00 [INFO] gRPC GetRecentTrades: symbol=BTC/USDT, limit=10
2026-10-09T14:12:43.786+08:00 [INFO] gRPC GetTicker: symbol=BTC/USDT
2026-10-09T14:12:44.125+08:00 [INFO] gRPC GetOrderBook: symbol=ETH/USDT, depth=20
2026-10-09T14:12:44.126+08:00 [INFO] gRPC GetRecentTrades: symbol=ETH/USDT, limit=10
2026-10-09T14:12:44.127+08:00 [INFO] gRPC GetTicker: symbol=ETH/USDT
2026-10-09T14:12:44.542+08:00 [INFO] gRPC GetOrderBook: symbol=BNB/USDT, depth=20
2026-10-09T14:12:44.542+08:00 [INFO] gRPC GetRecentTrades: symbol=BNB/USDT, limit=10
2026-10-09T14:12:44.544+08:00 [INFO] gRPC GetTicker: symbol=BNB/USDT
2026-10-09T14:12:44.841+08:00 [INFO] gRPC GetOrderBook: symbol=BTC/USDT, depth=20
2026-10-09T14:12:44.841+08:00 [INFO] gRPC GetRecentTrades: symbol=BTC/USDT, limit=10
2026-10-09T14:12:44.843+08:00 [INFO] gRPC GetTicker: symbol=BTC/USDT
2026-10-09T14:12:45.074+08:00 [INFO] gRPC GetOrderBook: symbol=ETH/USDT, depth=20
2026-10-09T14:12:45.075+08:00 [INFO] gRPC GetRecentTrades: symbol=ETH/USDT, limit=10
2026-10-09T14:12:45.075+08:00 [INFO] gRPC GetTicker: symbol=ETH/USDT
2026-10-09T14:12:45.543+08:00 [INFO] gRPC GetOrderBook: symbol=BTC/USDT, depth=20
2026-10-09T14:12:45.543+08:00 [INFO] gRPC GetRecentTrades: symbol=BTC/USDT, limit=10
2026-10-09T14:12:45.544+08:00 [INFO] gRPC GetTicker: symbol=BTC/USDT
2026-10-09T14:12:45.780+08:00 [INFO] gRPC GetOrderBook: symbol=ETH/USDT, depth=20
2026-10-09T14:12:45.781+08:00 [INFO] gRPC GetRecentTrades: symbol=ETH/USDT, limit=10
2026-10-09T14:12:45.781+08:00 [INFO] gRPC GetTicker: symbol=ETH/USDT
2026-10-09T14:12:46.025+08:00 [INFO] gRPC GetOrderBook: symbol=BNB/USDT, depth=20
2026-10-09T14:12:46.025+08:00 [INFO] gRPC GetRecentTrades: symbol=BNB/USDT, limit=10
2026-10-09T14:12:46.025+08:00 [INFO] gRPC GetTicker: symbol=BNB/USDT
2026-10-09T14:12:46.542+08:00 [INFO] gRPC GetOrderBook: symbol=BTC/USDT, depth=20
2026-10-09T14:12:46.542+08:00 [INFO] gRPC GetRecentTrades: symbol=BTC/USDT, limit=10
2026-10-09T14:12:46.543+08:00 [INFO] gRPC GetTicker: symbol=BTC/USDT
2026-10-09T14:12:46.783+08:00 [INFO] gRPC GetOrderBook: symbol=ETH/USDT, depth=20
2026-10-09T14:12:46.786+08:00 [INFO] gRPC GetRecentTrades: symbol=ETH/USDT, limit=10
2026-10-09T14:12:46.787+08:00 [INFO] gRPC GetTicker: symbol=ETH/USDT
2026-10-09T14:12:47.030+08:00 [INFO] gRPC GetOrderBook: symbol=BNB/USDT, depth=20
2026-10-09T14:12:47.031+08:00 [INFO] gRPC GetRecentTrades: symbol=BNB/USDT, limit=10
2026-10-09T14:12:47.031+08:00 [INFO] gRPC GetTicker: symbol=BNB/USDT
2026-10-09T14:12:47.542+08:00 [INFO] gRPC GetOrderBook: symbol=BNB/USDT, depth=20
2026-10-09T14:12:47.542+08:00 [INFO] gRPC GetRecentTrades: symbol=BNB/USDT, limit=10
2026-10-09T14:12:47.543+08:00 [INFO] gRPC GetTicker: symbol=BNB/USDT
2026-10-09T14:12:47.782+08:00 [INFO] gRPC GetOrderBook: symbol=BTC/USDT, depth=20
2026-10-09T14:12:47.782+08:00 [INFO] gRPC GetRecentTrades: symbol=BTC/USDT, limit=10
2026-10-09T14:12:47.783+08:00 [INFO] gRPC GetTicker: symbol=BTC/USDT
2026-10-09T14:12:48.023+08:00 [INFO] gRPC GetOrderBook: symbol=ETH/USDT, depth=20
2026-10-09T14:12:48.023+08:00 [INFO] gRPC GetRecentTrades: symbol=ETH/USDT, limit=10
2026-10-09T14:12:48.023+08:00 [INFO] gRPC GetTicker: symbol=ETH/USDT
2026-10-09T14:12:48.542+08:00 [INFO] gRPC GetOrderBook: symbol=BTC/USDT, depth=20
2026-10-09T14:12:48.543+08:00 [INFO] gRPC GetRecentTrades: symbol=BTC/USDT, limit=10
2026-10-09T14:12:48.543+08:00 [INFO] gRPC GetTicker: symbol=BTC/USDT
2026-10-09T14:12:48.835+08:00 [INFO] gRPC GetOrderBook: symbol=ETH/USDT, depth=20
2026-10-09T14:12:48.836+08:00 [INFO] gRPC GetRecentTrades: symbol=ETH/USDT, limit=10
2026-10-09T14:12:48.836+08:00 [INFO] gRPC GetTicker: symbol=ETH/USDT
2026-10-09T14:12:49.125+08:00 [INFO] gRPC GetOrderBook: symbol=BNB/USDT, depth=20
2026-10-09T14:12:49.126+08:00 [INFO] gRPC GetRecentTrades: symbol=BNB/USDT, limit=10
2026-10-09T14:12:49.126+08:00 [INFO] gRPC GetTicker: symbol=BNB/USDT
2026-10-09T14:12:49.542+08:00 [INFO] gRPC GetOrderBook: symbol=BNB/USDT, depth=20
2026-10-09T14:12:49.542+08:00 [INFO] gRPC GetRecentTrades: symbol=BNB/USDT, limit=10
2026-10-09T14:12:49.543+08:00 [INFO] gRPC GetTicker: symbol=BNB/USDT
2026-10-09T14:12:49.859+08:00 [INFO] gRPC GetOrderBook: symbol=BTC/USDT, depth=20
2026-10-09T14:12:49.860+08:00 [INFO] gRPC GetRecentTrades: symbol=BTC/USDT, limit=10
2026-10-09T14:12:49.860+08:00 [INFO] gRPC GetTicker: symbol=BTC/USDT
2026-10-09T14:12:50.101+08:00 [INFO] gRPC GetOrderBook: symbol=ETH/USDT, depth=20
2026-10-09T14:12:50.102+08:00 [INFO] gRPC GetRecentTrades: symbol=ETH/USDT, limit=10
2026-10-09T14:12:50.102+08:00 [INFO] gRPC GetTicker: symbol=ETH/USDT
2026-10-09T14:12:50.542+08:00 [INFO] gRPC GetOrderBook: symbol=BTC/USDT, depth=20
2026-10-09T14:12:50.542+08:00 [INFO] gRPC GetRecentTrades: symbol=BTC/USDT, limit=10
2026-10-09T14:12:50.543+08:00 [INFO] gRPC GetTicker: symbol=BTC/USDT
2026-10-09T14:12:50.783+08:00 [INFO] gRPC GetOrderBook: symbol=ETH/USDT, depth=20
2026-10-09T14:12:50.783+08:00 [INFO] gRPC GetRecentTrades: symbol=ETH/USDT, limit=10
2026-10-09T14:12:50.783+08:00 [INFO] gRPC GetTicker: symbol=ETH/USDT
2026-10-09T14:12:51.088+08:00 [INFO] gRPC GetOrderBook: symbol=BNB/USDT, depth=20
2026-10-09T14:12:51.091+08:00 [INFO] gRPC GetRecentTrades: symbol=BNB/USDT, limit=10
2026-10-09T14:12:51.092+08:00 [INFO] gRPC GetTicker: symbol=BNB/USDT
2026-10-09T14:12:51.558+08:00 [INFO] gRPC GetOrderBook: symbol=BTC/USDT, depth=20
2026-10-09T14:12:51.585+08:00 [INFO] gRPC GetRecentTrades: symbol=BTC/USDT, limit=10
2026-10-09T14:12:51.587+08:00 [INFO] gRPC GetTicker: symbol=BTC/USDT
2026-10-09T14:12:51.911+08:00 [INFO] gRPC GetOrderBook: symbol=ETH/USDT, depth=20
2026-10-09T14:12:51.912+08:00 [INFO] gRPC GetRecentTrades: symbol=ETH/USDT, limit=10
2026-10-09T14:12:51.912+08:00 [INFO] gRPC GetTicker: symbol=ETH/USDT
2026-10-09T14:12:52.153+08:00 [INFO] gRPC GetOrderBook: symbol=BNB/USDT, depth=20
2026-10-09T14:12:52.154+08:00 [INFO] gRPC GetRecentTrades: symbol=BNB/USDT, limit=10
2026-10-09T14:12:52.155+08:00 [INFO] gRPC GetTicker: symbol=BNB/USDT
2026-10-09T14:12:52.541+08:00 [INFO] gRPC GetOrderBook: symbol=BTC/USDT, depth=20
2026-10-09T14:12:52.542+08:00 [INFO] gRPC GetRecentTrades: symbol=BTC/USDT, limit=10
2026-10-09T14:12:52.542+08:00 [INFO] gRPC GetTicker: symbol=BTC/USDT
2026-10-09T14:12:52.781+08:00 [INFO] gRPC GetOrderBook: symbol=ETH/USDT, depth=20
2026-10-09T14:12:52.782+08:00 [INFO] gRPC GetRecentTrades: symbol=ETH/USDT, limit=10
2026-10-09T14:12:52.782+08:00 [INFO] gRPC GetTicker: symbol=ETH/USDT
2026-10-09T14:12:53.022+08:00 [INFO] gRPC GetOrderBook: symbol=BNB/USDT, depth=20
2026-10-09T14:12:53.022+08:00 [INFO] gRPC GetRecentTrades: symbol=BNB/USDT, limit=10
2026-10-09T14:12:53.023+08:00 [INFO] gRPC GetTicker: symbol=BNB/USDT
2026-10-09T14:12:53.542+08:00 [INFO] gRPC GetOrderBook: symbol=ETH/USDT, depth=20
2026-10-09T14:12:53.542+08:00 [INFO] gRPC GetRecentTrades: symbol=ETH/USDT, limit=10
2026-10-09T14:12:53.543+08:00 [INFO] gRPC GetTicker: symbol=ETH/USDT
2026-10-09T14:12:53.783+08:00 [INFO] gRPC GetOrderBook: symbol=BNB/USDT, depth=20
2026-10-09T14:12:53.783+08:00 [INFO] gRPC GetRecentTrades: symbol=BNB/USDT, limit=10
2026-10-09T14:12:53.784+08:00 [INFO] gRPC GetTicker: symbol=BNB/USDT
2026-10-09T14:12:54.018+08:00 [INFO] gRPC GetOrderBook: symbol=BTC/USDT, depth=20
2026-10-09T14:12:54.019+08:00 [INFO] gRPC GetRecentTrades: symbol=BTC/USDT, limit=10
2026-10-09T14:12:54.019+08:00 [INFO] gRPC GetTicker: symbol=BTC/USDT
2026-10-09T14:12:54.542+08:00 [INFO] gRPC GetOrderBook: symbol=BTC/USDT, depth=20
2026-10-09T14:12:54.542+08:00 [INFO] gRPC GetRecentTrades: symbol=BTC/USDT, limit=10
2026-10-09T14:12:54.543+08:00 [INFO] gRPC GetTicker: symbol=BTC/USDT
2026-10-09T14:12:54.774+08:00 [INFO] gRPC GetOrderBook: symbol=ETH/USDT, depth=20
2026-10-09T14:12:54.775+08:00 [INFO] gRPC GetRecentTrades: symbol=ETH/USDT, limit=10
2026-10-09T14:12:54.775+08:00 [INFO] gRPC GetTicker: symbol=ETH/USDT
2026-10-09T14:12:55.488+08:00 [INFO] gRPC GetOrderBook: symbol=BNB/USDT, depth=20
2026-10-09T14:12:55.488+08:00 [INFO] gRPC GetRecentTrades: symbol=BNB/USDT, limit=10
2026-10-09T14:12:55.489+08:00 [INFO] gRPC GetTicker: symbol=BNB/USDT
2026-10-09T14:12:55.730+08:00 [INFO] gRPC GetOrderBook: symbol=ETH/USDT, depth=20
2026-10-09T14:12:55.730+08:00 [INFO] gRPC GetRecentTrades: symbol=ETH/USDT, limit=10
2026-10-09T14:12:55.731+08:00 [INFO] gRPC GetTicker: symbol=ETH/USDT
2026-10-09T14:12:55.972+08:00 [INFO] gRPC GetOrderBook: symbol=BNB/USDT, depth=20
2026-10-09T14:12:55.972+08:00 [INFO] gRPC GetRecentTrades: symbol=BNB/USDT, limit=10
2026-10-09T14:12:55.973+08:00 [INFO] gRPC GetTicker: symbol=BNB/USDT
2026-10-09T14:12:56.202+08:00 [INFO] gRPC GetOrderBook: symbol=BTC/USDT, depth=20
2026-10-09T14:12:56.203+08:00 [INFO] gRPC GetRecentTrades: symbol=BTC/USDT, limit=10
2026-10-09T14:12:56.204+08:00 [INFO] gRPC GetTicker: symbol=BTC/USDT
2026-10-09T14:12:56.541+08:00 [INFO] gRPC GetOrderBook: symbol=ETH/USDT, depth=20
2026-10-09T14:12:56.542+08:00 [INFO] gRPC GetRecentTrades: symbol=ETH/USDT, limit=10
2026-10-09T14:12:56.543+08:00 [INFO] gRPC GetTicker: symbol=ETH/USDT
2026-10-09T14:12:56.822+08:00 [INFO] gRPC GetOrderBook: symbol=BNB/USDT, depth=20
2026-10-09T14:12:56.823+08:00 [INFO] gRPC GetRecentTrades: symbol=BNB/USDT, limit=10
2026-10-09T14:12:56.823+08:00 [INFO] gRPC GetTicker: symbol=BNB/USDT
2026-10-09T14:12:57.129+08:00 [INFO] gRPC GetOrderBook: symbol=BTC/USDT, depth=20
2026-10-09T14:12:57.130+08:00 [INFO] gRPC GetRecentTrades: symbol=BTC/USDT, limit=10
2026-10-09T14:12:57.130+08:00 [INFO] gRPC GetTicker: symbol=BTC/USDT
2026-10-09T14:12:57.542+08:00 [INFO] gRPC GetOrderBook: symbol=BTC/USDT, depth=20
2026-10-09T14:12:57.543+08:00 [INFO] gRPC GetRecentTrades: symbol=BTC/USDT, limit=10
2026-10-09T14:12:57.544+08:00 [INFO] gRPC GetTicker: symbol=BTC/USDT
2026-10-09T14:12:57.846+08:00 [INFO] gRPC GetOrderBook: symbol=ETH/USDT, depth=20
2026-10-09T14:12:57.847+08:00 [INFO] gRPC GetRecentTrades: symbol=ETH/USDT, limit=10
2026-10-09T14:12:57.847+08:00 [INFO] gRPC GetTicker: symbol=ETH/USDT
2026-10-09T14:12:58.087+08:00 [INFO] gRPC GetOrderBook: symbol=BNB/USDT, depth=20
2026-10-09T14:12:58.089+08:00 [INFO] gRPC GetRecentTrades: symbol=BNB/USDT, limit=10
2026-10-09T14:12:58.089+08:00 [INFO] gRPC GetTicker: symbol=BNB/USDT
2026-10-09T14:12:58.541+08:00 [INFO] gRPC GetOrderBook: symbol=BNB/USDT, depth=20
2026-10-09T14:12:58.542+08:00 [INFO] gRPC GetRecentTrades: symbol=BNB/USDT, limit=10
2026-10-09T14:12:58.543+08:00 [INFO] gRPC GetTicker: symbol=BNB/USDT
2026-10-09T14:12:58.870+08:00 [INFO] gRPC GetOrderBook: symbol=BTC/USDT, depth=20
2026-10-09T14:12:58.871+08:00 [INFO] gRPC GetRecentTrades: symbol=BTC/USDT, limit=10
2026-10-09T14:12:58.871+08:00 [INFO] gRPC GetTicker: symbol=BTC/USDT
2026-10-09T14:12:59.098+08:00 [INFO] gRPC GetOrderBook: symbol=ETH/USDT, depth=20
2026-10-09T14:12:59.098+08:00 [INFO] gRPC GetRecentTrades: symbol=ETH/USDT, limit=10
2026-10-09T14:12:59.099+08:00 [INFO] gRPC GetTicker: symbol=ETH/USDT
2026-10-09T14:12:59.542+08:00 [INFO] gRPC GetOrderBook: symbol=BTC/USDT, depth=20
2026-10-09T14:12:59.542+08:00 [INFO] gRPC GetRecentTrades: symbol=BTC/USDT, limit=10
2026-10-09T14:12:59.543+08:00 [INFO] gRPC GetTicker: symbol=BTC/USDT
2026-10-09T14:12:59.790+08:00 [INFO] gRPC GetOrderBook: symbol=ETH/USDT, depth=20
2026-10-09T14:12:59.791+08:00 [INFO] gRPC GetRecentTrades: symbol=ETH/USDT, limit=10
2026-10-09T14:12:59.791+08:00 [INFO] gRPC GetTicker: symbol=ETH/USDT
2026-10-09T14:13:00.025+08:00 [INFO] gRPC GetOrderBook: symbol=BNB/USDT, depth=20
2026-10-09T14:13:00.025+08:00 [INFO] gRPC GetRecentTrades: symbol=BNB/USDT, limit=10
2026-10-09T14:13:00.026+08:00 [INFO] gRPC GetTicker: symbol=BNB/USDT
2026-10-09T14:13:00.542+08:00 [INFO] gRPC GetOrderBook: symbol=BNB/USDT, depth=20
2026-10-09T14:13:00.544+08:00 [INFO] gRPC GetRecentTrades: symbol=BNB/USDT, limit=10
2026-10-09T14:13:00.544+08:00 [INFO] gRPC GetTicker: symbol=BNB/USDT
2026-10-09T14:13:00.781+08:00 [INFO] gRPC GetOrderBook: symbol=BTC/USDT, depth=20
2026-10-09T14:13:00.782+08:00 [INFO] gRPC GetRecentTrades: symbol=BTC/USDT, limit=10
2026-10-09T14:13:00.782+08:00 [INFO] gRPC GetTicker: symbol=BTC/USDT
2026-10-09T14:13:01.024+08:00 [INFO] gRPC GetOrderBook: symbol=ETH/USDT, depth=20
2026-10-09T14:13:01.026+08:00 [INFO] gRPC GetRecentTrades: symbol=ETH/USDT, limit=10
2026-10-09T14:13:01.027+08:00 [INFO] gRPC GetTicker: symbol=ETH/USDT
2026-10-09T14:13:01.542+08:00 [INFO] gRPC GetOrderBook: symbol=BTC/USDT, depth=20
2026-10-09T14:13:01.543+08:00 [INFO] gRPC GetRecentTrades: symbol=BTC/USDT, limit=10
2026-10-09T14:13:01.543+08:00 [INFO] gRPC GetTicker: symbol=BTC/USDT
2026-10-09T14:13:01.787+08:00 [INFO] gRPC GetOrderBook: symbol=ETH/USDT, depth=20
2026-10-09T14:13:01.787+08:00 [INFO] gRPC GetRecentTrades: symbol=ETH/USDT, limit=10
2026-10-09T14:13:01.788+08:00 [INFO] gRPC GetTicker: symbol=ETH/USDT
2026-10-09T14:13:02.016+08:00 [INFO] gRPC GetOrderBook: symbol=BNB/USDT, depth=20
2026-10-09T14:13:02.016+08:00 [INFO] gRPC GetRecentTrades: symbol=BNB/USDT, limit=10
2026-10-09T14:13:02.017+08:00 [INFO] gRPC GetTicker: symbol=BNB/USDT
2026-10-09T14:13:02.541+08:00 [INFO] gRPC GetOrderBook: symbol=BTC/USDT, depth=20
2026-10-09T14:13:02.542+08:00 [INFO] gRPC GetRecentTrades: symbol=BTC/USDT, limit=10
2026-10-09T14:13:02.543+08:00 [INFO] gRPC GetTicker: symbol=BTC/USDT
2026-10-09T14:13:02.781+08:00 [INFO] gRPC GetOrderBook: symbol=ETH/USDT, depth=20
2026-10-09T14:13:02.781+08:00 [INFO] gRPC GetRecentTrades: symbol=ETH/USDT, limit=10
2026-10-09T14:13:02.782+08:00 [INFO] gRPC GetTicker: symbol=ETH/USDT
2026-10-09T14:13:03.021+08:00 [INFO] gRPC GetOrderBook: symbol=BNB/USDT, depth=20
2026-10-09T14:13:03.022+08:00 [INFO] gRPC GetRecentTrades: symbol=BNB/USDT, limit=10
2026-10-09T14:13:03.022+08:00 [INFO] gRPC GetTicker: symbol=BNB/USDT
2026-10-09T14:13:03.542+08:00 [INFO] gRPC GetOrderBook: symbol=BTC/USDT, depth=20
2026-10-09T14:13:03.542+08:00 [INFO] gRPC GetRecentTrades: symbol=BTC/USDT, limit=10
2026-10-09T14:13:03.543+08:00 [INFO] gRPC GetTicker: symbol=BTC/USDT
2026-10-09T14:13:03.789+08:00 [INFO] gRPC GetOrderBook: symbol=ETH/USDT, depth=20
2026-10-09T14:13:03.789+08:00 [INFO] gRPC GetRecentTrades: symbol=ETH/USDT, limit=10
2026-10-09T14:13:03.791+08:00 [INFO] gRPC GetTicker: symbol=ETH/USDT
2026-10-09T14:13:04.035+08:00 [INFO] gRPC GetOrderBook: symbol=BNB/USDT, depth=20
2026-10-09T14:13:04.036+08:00 [INFO] gRPC GetRecentTrades: symbol=BNB/USDT, limit=10
2026-10-09T14:13:04.036+08:00 [INFO] gRPC GetTicker: symbol=BNB/USDT
2026-10-09T14:13:04.542+08:00 [INFO] gRPC GetOrderBook: symbol=BNB/USDT, depth=20
2026-10-09T14:13:04.543+08:00 [INFO] gRPC GetRecentTrades: symbol=BNB/USDT, limit=10
2026-10-09T14:13:04.544+08:00 [INFO] gRPC GetTicker: symbol=BNB/USDT
2026-10-09T14:13:05.262+08:00 [INFO] gRPC GetOrderBook: symbol=BTC/USDT, depth=20
2026-10-09T14:13:05.262+08:00 [INFO] gRPC GetRecentTrades: symbol=BTC/USDT, limit=10
2026-10-09T14:13:05.263+08:00 [INFO] gRPC GetTicker: symbol=BTC/USDT
2026-10-09T14:13:05.502+08:00 [INFO] gRPC GetOrderBook: symbol=ETH/USDT, depth=20
2026-10-09T14:13:05.503+08:00 [INFO] gRPC GetRecentTrades: symbol=ETH/USDT, limit=10
2026-10-09T14:13:05.503+08:00 [INFO] gRPC GetTicker: symbol=ETH/USDT
2026-10-09T14:13:05.745+08:00 [INFO] gRPC GetOrderBook: symbol=BNB/USDT, depth=20
2026-10-09T14:13:05.745+08:00 [INFO] gRPC GetRecentTrades: symbol=BNB/USDT, limit=10
2026-10-09T14:13:05.746+08:00 [INFO] gRPC GetTicker: symbol=BNB/USDT
2026-10-09T14:13:05.987+08:00 [INFO] gRPC GetOrderBook: symbol=BTC/USDT, depth=20
2026-10-09T14:13:05.987+08:00 [INFO] gRPC GetRecentTrades: symbol=BTC/USDT, limit=10
2026-10-09T14:13:05.987+08:00 [INFO] gRPC GetTicker: symbol=BTC/USDT
2026-10-09T14:13:06.245+08:00 [INFO] gRPC GetOrderBook: symbol=ETH/USDT, depth=20
2026-10-09T14:13:06.245+08:00 [INFO] gRPC GetRecentTrades: symbol=ETH/USDT, limit=10
2026-10-09T14:13:06.246+08:00 [INFO] gRPC GetTicker: symbol=ETH/USDT
2026-10-09T14:13:06.541+08:00 [INFO] gRPC GetOrderBook: symbol=BTC/USDT, depth=20
2026-10-09T14:13:06.542+08:00 [INFO] gRPC GetRecentTrades: symbol=BTC/USDT, limit=10
2026-10-09T14:13:06.545+08:00 [INFO] gRPC GetTicker: symbol=BTC/USDT
2026-10-09T14:13:07.242+08:00 [INFO] gRPC GetOrderBook: symbol=ETH/USDT, depth=20
2026-10-09T14:13:07.242+08:00 [INFO] gRPC GetRecentTrades: symbol=ETH/USDT, limit=10
2026-10-09T14:13:07.244+08:00 [INFO] gRPC GetTicker: symbol=ETH/USDT
2026-10-09T14:13:07.485+08:00 [INFO] gRPC GetOrderBook: symbol=BNB/USDT, depth=20
2026-10-09T14:13:07.486+08:00 [INFO] gRPC GetRecentTrades: symbol=BNB/USDT, limit=10
2026-10-09T14:13:07.487+08:00 [INFO] gRPC GetTicker: symbol=BNB/USDT
2026-10-09T14:13:07.728+08:00 [INFO] gRPC GetOrderBook: symbol=BTC/USDT, depth=20
2026-10-09T14:13:07.729+08:00 [INFO] gRPC GetRecentTrades: symbol=BTC/USDT, limit=10
2026-10-09T14:13:07.729+08:00 [INFO] gRPC GetTicker: symbol=BTC/USDT
2026-10-09T14:13:07.958+08:00 [INFO] gRPC GetOrderBook: symbol=ETH/USDT, depth=20
2026-10-09T14:13:07.958+08:00 [INFO] gRPC GetRecentTrades: symbol=ETH/USDT, limit=10
2026-10-09T14:13:07.959+08:00 [INFO] gRPC GetTicker: symbol=ETH/USDT
2026-10-09T14:13:08.291+08:00 [INFO] gRPC GetOrderBook: symbol=BNB/USDT, depth=20
2026-10-09T14:13:08.292+08:00 [INFO] gRPC GetRecentTrades: symbol=BNB/USDT, limit=10
2026-10-09T14:13:08.292+08:00 [INFO] gRPC GetTicker: symbol=BNB/USDT
2026-10-09T14:13:08.597+08:00 [INFO] gRPC GetOrderBook: symbol=BTC/USDT, depth=20
2026-10-09T14:13:08.598+08:00 [INFO] gRPC GetRecentTrades: symbol=BTC/USDT, limit=10
2026-10-09T14:13:08.598+08:00 [INFO] gRPC GetTicker: symbol=BTC/USDT
2026-10-09T14:13:08.906+08:00 [INFO] gRPC GetOrderBook: symbol=ETH/USDT, depth=20
2026-10-09T14:13:08.907+08:00 [INFO] gRPC GetRecentTrades: symbol=ETH/USDT, limit=10
2026-10-09T14:13:08.907+08:00 [INFO] gRPC GetTicker: symbol=ETH/USDT
2026-10-09T14:13:09.212+08:00 [INFO] gRPC GetOrderBook: symbol=BNB/USDT, depth=20
2026-10-09T14:13:09.213+08:00 [INFO] gRPC GetRecentTrades: symbol=BNB/USDT, limit=10
2026-10-09T14:13:09.213+08:00 [INFO] gRPC GetTicker: symbol=BNB/USDT
2026-10-09T14:13:09.541+08:00 [INFO] gRPC GetOrderBook: symbol=BTC/USDT, depth=20
2026-10-09T14:13:09.544+08:00 [INFO] gRPC GetRecentTrades: symbol=BTC/USDT, limit=10
2026-10-09T14:13:09.545+08:00 [INFO] gRPC GetTicker: symbol=BTC/USDT
2026-10-09T14:13:09.787+08:00 [INFO] gRPC GetOrderBook: symbol=ETH/USDT, depth=20
2026-10-09T14:13:09.787+08:00 [INFO] gRPC GetRecentTrades: symbol=ETH/USDT, limit=10
2026-10-09T14:13:09.788+08:00 [INFO] gRPC GetTicker: symbol=ETH/USDT
2026-10-09T14:13:10.023+08:00 [INFO] gRPC GetOrderBook: symbol=BNB/USDT, depth=20
2026-10-09T14:13:10.024+08:00 [INFO] gRPC GetRecentTrades: symbol=BNB/USDT, limit=10
2026-10-09T14:13:10.026+08:00 [INFO] gRPC GetTicker: symbol=BNB/USDT
2026-10-09T14:13:10.725+08:00 [INFO] gRPC GetOrderBook: symbol=BTC/USDT, depth=20
2026-10-09T14:13:10.725+08:00 [INFO] gRPC GetRecentTrades: symbol=BTC/USDT, limit=10
2026-10-09T14:13:10.727+08:00 [INFO] gRPC GetTicker: symbol=BTC/USDT
2026-10-09T14:13:10.968+08:00 [INFO] gRPC GetOrderBook: symbol=ETH/USDT, depth=20
2026-10-09T14:13:10.970+08:00 [INFO] gRPC GetRecentTrades: symbol=ETH/USDT, limit=10
2026-10-09T14:13:10.971+08:00 [INFO] gRPC GetTicker: symbol=ETH/USDT
2026-10-09T14:13:11.259+08:00 [INFO] gRPC GetOrderBook: symbol=BNB/USDT, depth=20
2026-10-09T14:13:11.260+08:00 [INFO] gRPC GetRecentTrades: symbol=BNB/USDT, limit=10
2026-10-09T14:13:11.261+08:00 [INFO] gRPC GetTicker: symbol=BNB/USDT
2026-10-09T14:13:11.541+08:00 [INFO] gRPC GetOrderBook: symbol=BTC/USDT, depth=20
2026-10-09T14:13:11.542+08:00 [INFO] gRPC GetRecentTrades: symbol=BTC/USDT, limit=10
2026-10-09T14:13:11.544+08:00 [INFO] gRPC GetTicker: symbol=BTC/USDT
2026-10-09T14:13:11.790+08:00 [INFO] gRPC GetOrderBook: symbol=ETH/USDT, depth=20
2026-10-09T14:13:11.791+08:00 [INFO] gRPC GetRecentTrades: symbol=ETH/USDT, limit=10
2026-10-09T14:13:11.791+08:00 [INFO] gRPC GetTicker: symbol=ETH/USDT
2026-10-09T14:13:12.079+08:00 [INFO] gRPC GetOrderBook: symbol=BNB/USDT, depth=20
2026-10-09T14:13:12.080+08:00 [INFO] gRPC GetRecentTrades: symbol=BNB/USDT, limit=10
2026-10-09T14:13:12.081+08:00 [INFO] gRPC GetTicker: symbol=BNB/USDT
2026-10-09T14:13:12.541+08:00 [INFO] gRPC GetOrderBook: symbol=ETH/USDT, depth=20
2026-10-09T14:13:12.542+08:00 [INFO] gRPC GetRecentTrades: symbol=ETH/USDT, limit=10
2026-10-09T14:13:12.543+08:00 [INFO] gRPC GetTicker: symbol=ETH/USDT
2026-10-09T14:13:12.796+08:00 [INFO] gRPC GetOrderBook: symbol=BNB/USDT, depth=20
2026-10-09T14:13:12.797+08:00 [INFO] gRPC GetRecentTrades: symbol=BNB/USDT, limit=10
2026-10-09T14:13:12.797+08:00 [INFO] gRPC GetTicker: symbol=BNB/USDT
2026-10-09T14:13:13.032+08:00 [INFO] gRPC GetOrderBook: symbol=BTC/USDT, depth=20
2026-10-09T14:13:13.033+08:00 [INFO] gRPC GetRecentTrades: symbol=BTC/USDT, limit=10
2026-10-09T14:13:13.033+08:00 [INFO] gRPC GetTicker: symbol=BTC/USDT
2026-10-09T14:13:13.541+08:00 [INFO] gRPC GetOrderBook: symbol=BTC/USDT, depth=20
2026-10-09T14:13:13.542+08:00 [INFO] gRPC GetRecentTrades: symbol=BTC/USDT, limit=10
2026-10-09T14:13:13.542+08:00 [INFO] gRPC GetTicker: symbol=BTC/USDT
2026-10-09T14:13:13.821+08:00 [INFO] gRPC GetOrderBook: symbol=ETH/USDT, depth=20
2026-10-09T14:13:13.822+08:00 [INFO] gRPC GetRecentTrades: symbol=ETH/USDT, limit=10
2026-10-09T14:13:13.822+08:00 [INFO] gRPC GetTicker: symbol=ETH/USDT
2026-10-09T14:13:14.127+08:00 [INFO] gRPC GetOrderBook: symbol=BNB/USDT, depth=20
2026-10-09T14:13:14.127+08:00 [INFO] gRPC GetRecentTrades: symbol=BNB/USDT, limit=10
2026-10-09T14:13:14.128+08:00 [INFO] gRPC GetTicker: symbol=BNB/USDT
2026-10-09T14:13:14.541+08:00 [INFO] gRPC GetOrderBook: symbol=BNB/USDT, depth=20
2026-10-09T14:13:14.542+08:00 [INFO] gRPC GetRecentTrades: symbol=BNB/USDT, limit=10
2026-10-09T14:13:14.542+08:00 [INFO] gRPC GetTicker: symbol=BNB/USDT
2026-10-09T14:13:14.843+08:00 [INFO] gRPC GetOrderBook: symbol=BTC/USDT, depth=20
2026-10-09T14:13:14.844+08:00 [INFO] gRPC GetRecentTrades: symbol=BTC/USDT, limit=10
2026-10-09T14:13:14.844+08:00 [INFO] gRPC GetTicker: symbol=BTC/USDT
2026-10-09T14:13:15.151+08:00 [INFO] gRPC GetOrderBook: symbol=ETH/USDT, depth=20
2026-10-09T14:13:15.151+08:00 [INFO] gRPC GetRecentTrades: symbol=ETH/USDT, limit=10
2026-10-09T14:13:15.152+08:00 [INFO] gRPC GetTicker: symbol=ETH/USDT
2026-10-09T14:13:15.541+08:00 [INFO] gRPC GetOrderBook: symbol=BTC/USDT, depth=20
2026-10-09T14:13:15.543+08:00 [INFO] gRPC GetRecentTrades: symbol=BTC/USDT, limit=10
2026-10-09T14:13:15.543+08:00 [INFO] gRPC GetTicker: symbol=BTC/USDT
2026-10-09T14:13:15.784+08:00 [INFO] gRPC GetOrderBook: symbol=ETH/USDT, depth=20
2026-10-09T14:13:15.785+08:00 [INFO] gRPC GetRecentTrades: symbol=ETH/USDT, limit=10
2026-10-09T14:13:15.785+08:00 [INFO] gRPC GetTicker: symbol=ETH/USDT
2026-10-09T14:13:16.016+08:00 [INFO] gRPC GetOrderBook: symbol=BNB/USDT, depth=20
2026-10-09T14:13:16.017+08:00 [INFO] gRPC GetRecentTrades: symbol=BNB/USDT, limit=10
2026-10-09T14:13:16.017+08:00 [INFO] gRPC GetTicker: symbol=BNB/USDT
2026-10-09T14:13:16.541+08:00 [INFO] gRPC GetOrderBook: symbol=BNB/USDT, depth=20
2026-10-09T14:13:16.542+08:00 [INFO] gRPC GetRecentTrades: symbol=BNB/USDT, limit=10
2026-10-09T14:13:16.542+08:00 [INFO] gRPC GetTicker: symbol=BNB/USDT
2026-10-09T14:13:16.778+08:00 [INFO] gRPC GetOrderBook: symbol=BTC/USDT, depth=20
2026-10-09T14:13:16.778+08:00 [INFO] gRPC GetRecentTrades: symbol=BTC/USDT, limit=10
2026-10-09T14:13:16.778+08:00 [INFO] gRPC GetTicker: symbol=BTC/USDT
2026-10-09T14:13:17.013+08:00 [INFO] gRPC GetOrderBook: symbol=ETH/USDT, depth=20
2026-10-09T14:13:17.014+08:00 [INFO] gRPC GetRecentTrades: symbol=ETH/USDT, limit=10
2026-10-09T14:13:17.014+08:00 [INFO] gRPC GetTicker: symbol=ETH/USDT
2026-10-09T14:13:17.541+08:00 [INFO] gRPC GetOrderBook: symbol=BTC/USDT, depth=20
2026-10-09T14:13:17.542+08:00 [INFO] gRPC GetRecentTrades: symbol=BTC/USDT, limit=10
2026-10-09T14:13:17.544+08:00 [INFO] gRPC GetTicker: symbol=BTC/USDT
2026-10-09T14:13:17.784+08:00 [INFO] gRPC GetOrderBook: symbol=ETH/USDT, depth=20
2026-10-09T14:13:17.784+08:00 [INFO] gRPC GetRecentTrades: symbol=ETH/USDT, limit=10
2026-10-09T14:13:17.784+08:00 [INFO] gRPC GetTicker: symbol=ETH/USDT
2026-10-09T14:13:18.100+08:00 [INFO] gRPC GetOrderBook: symbol=BNB/USDT, depth=20
2026-10-09T14:13:18.101+08:00 [INFO] gRPC GetRecentTrades: symbol=BNB/USDT, limit=10
2026-10-09T14:13:18.101+08:00 [INFO] gRPC GetTicker: symbol=BNB/USDT
2026-10-09T14:13:18.540+08:00 [INFO] gRPC GetOrderBook: symbol=BTC/USDT, depth=20
2026-10-09T14:13:18.541+08:00 [INFO] gRPC GetRecentTrades: symbol=BTC/USDT, limit=10
2026-10-09T14:13:18.541+08:00 [INFO] gRPC GetTicker: symbol=BTC/USDT
2026-10-09T14:13:18.837+08:00 [INFO] gRPC GetOrderBook: symbol=ETH/USDT, depth=20
2026-10-09T14:13:18.838+08:00 [INFO] gRPC GetRecentTrades: symbol=ETH/USDT, limit=10
2026-10-09T14:13:18.838+08:00 [INFO] gRPC GetTicker: symbol=ETH/USDT
2026-10-09T14:13:19.070+08:00 [INFO] gRPC GetOrderBook: symbol=BNB/USDT, depth=20
2026-10-09T14:13:19.071+08:00 [INFO] gRPC GetRecentTrades: symbol=BNB/USDT, limit=10
2026-10-09T14:13:19.071+08:00 [INFO] gRPC GetTicker: symbol=BNB/USDT
2026-10-09T14:13:19.778+08:00 [INFO] gRPC GetOrderBook: symbol=BNB/USDT, depth=20
2026-10-09T14:13:19.779+08:00 [INFO] gRPC GetRecentTrades: symbol=BNB/USDT, limit=10
2026-10-09T14:13:19.780+08:00 [INFO] gRPC GetTicker: symbol=BNB/USDT
2026-10-09T14:13:20.013+08:00 [INFO] gRPC GetOrderBook: symbol=BTC/USDT, depth=20
2026-10-09T14:13:20.013+08:00 [INFO] gRPC GetRecentTrades: symbol=BTC/USDT, limit=10
2026-10-09T14:13:20.013+08:00 [INFO] gRPC GetTicker: symbol=BTC/USDT
2026-10-09T14:13:20.253+08:00 [INFO] gRPC GetOrderBook: symbol=ETH/USDT, depth=20
2026-10-09T14:13:20.254+08:00 [INFO] gRPC GetRecentTrades: symbol=ETH/USDT, limit=10
2026-10-09T14:13:20.254+08:00 [INFO] gRPC GetTicker: symbol=ETH/USDT
2026-10-09T14:13:20.567+08:00 [INFO] gRPC GetOrderBook: symbol=BTC/USDT, depth=20
2026-10-09T14:13:20.568+08:00 [INFO] gRPC GetRecentTrades: symbol=BTC/USDT, limit=10
2026-10-09T14:13:20.568+08:00 [INFO] gRPC GetTicker: symbol=BTC/USDT
2026-10-09T14:13:20.812+08:00 [INFO] gRPC GetOrderBook: symbol=ETH/USDT, depth=20
2026-10-09T14:13:20.812+08:00 [INFO] gRPC GetRecentTrades: symbol=ETH/USDT, limit=10
2026-10-09T14:13:20.813+08:00 [INFO] gRPC GetTicker: symbol=ETH/USDT
2026-10-09T14:13:21.053+08:00 [INFO] gRPC GetOrderBook: symbol=BNB/USDT, depth=20
2026-10-09T14:13:21.054+08:00 [INFO] gRPC GetRecentTrades: symbol=BNB/USDT, limit=10
2026-10-09T14:13:21.054+08:00 [INFO] gRPC GetTicker: symbol=BNB/USDT
2026-10-09T14:13:21.541+08:00 [INFO] gRPC GetOrderBook: symbol=BNB/USDT, depth=20
2026-10-09T14:13:21.542+08:00 [INFO] gRPC GetRecentTrades: symbol=BNB/USDT, limit=10
2026-10-09T14:13:21.542+08:00 [INFO] gRPC GetTicker: symbol=BNB/USDT
2026-10-09T14:13:21.782+08:00 [INFO] gRPC GetOrderBook: symbol=BTC/USDT, depth=20
2026-10-09T14:13:21.782+08:00 [INFO] gRPC GetRecentTrades: symbol=BTC/USDT, limit=10
2026-10-09T14:13:21.783+08:00 [INFO] gRPC GetTicker: symbol=BTC/USDT
2026-10-09T14:13:22.113+08:00 [INFO] gRPC GetOrderBook: symbol=ETH/USDT, depth=20
2026-10-09T14:13:22.114+08:00 [INFO] gRPC GetRecentTrades: symbol=ETH/USDT, limit=10
2026-10-09T14:13:22.114+08:00 [INFO] gRPC GetTicker: symbol=ETH/USDT
2026-10-09T14:13:22.541+08:00 [INFO] gRPC GetOrderBook: symbol=BTC/USDT, depth=20
2026-10-09T14:13:22.542+08:00 [INFO] gRPC GetRecentTrades: symbol=BTC/USDT, limit=10
2026-10-09T14:13:22.542+08:00 [INFO] gRPC GetTicker: symbol=BTC/USDT
2026-10-09T14:13:22.812+08:00 [INFO] gRPC GetOrderBook: symbol=ETH/USDT, depth=20
2026-10-09T14:13:22.813+08:00 [INFO] gRPC GetRecentTrades: symbol=ETH/USDT, limit=10
2026-10-09T14:13:22.813+08:00 [INFO] gRPC GetTicker: symbol=ETH/USDT
2026-10-09T14:13:23.057+08:00 [INFO] gRPC GetOrderBook: symbol=BNB/USDT, depth=20
2026-10-09T14:13:23.058+08:00 [INFO] gRPC GetRecentTrades: symbol=BNB/USDT, limit=10
2026-10-09T14:13:23.058+08:00 [INFO] gRPC GetTicker: symbol=BNB/USDT
2026-10-09T14:13:23.541+08:00 [INFO] gRPC GetOrderBook: symbol=BTC/USDT, depth=20
2026-10-09T14:13:23.542+08:00 [INFO] gRPC GetRecentTrades: symbol=BTC/USDT, limit=10
2026-10-09T14:13:23.542+08:00 [INFO] gRPC GetTicker: symbol=BTC/USDT
2026-10-09T14:13:23.786+08:00 [INFO] gRPC GetOrderBook: symbol=ETH/USDT, depth=20
2026-10-09T14:13:23.786+08:00 [INFO] gRPC GetRecentTrades: symbol=ETH/USDT, limit=10
2026-10-09T14:13:23.786+08:00 [INFO] gRPC GetTicker: symbol=ETH/USDT
2026-10-09T14:13:24.025+08:00 [INFO] gRPC GetOrderBook: symbol=BNB/USDT, depth=20
2026-10-09T14:13:24.028+08:00 [INFO] gRPC GetRecentTrades: symbol=BNB/USDT, limit=10
2026-10-09T14:13:24.029+08:00 [INFO] gRPC GetTicker: symbol=BNB/USDT
2026-10-09T14:13:24.541+08:00 [INFO] gRPC GetOrderBook: symbol=BNB/USDT, depth=20
2026-10-09T14:13:24.541+08:00 [INFO] gRPC GetRecentTrades: symbol=BNB/USDT, limit=10
2026-10-09T14:13:24.542+08:00 [INFO] gRPC GetTicker: symbol=BNB/USDT
2026-10-09T14:13:24.786+08:00 [INFO] gRPC GetOrderBook: symbol=BTC/USDT, depth=20
2026-10-09T14:13:24.786+08:00 [INFO] gRPC GetRecentTrades: symbol=BTC/USDT, limit=10
2026-10-09T14:13:24.786+08:00 [INFO] gRPC GetTicker: symbol=BTC/USDT
2026-10-09T14:13:25.020+08:00 [INFO] gRPC GetOrderBook: symbol=ETH/USDT, depth=20
2026-10-09T14:13:25.020+08:00 [INFO] gRPC GetRecentTrades: symbol=ETH/USDT, limit=10
2026-10-09T14:13:25.021+08:00 [INFO] gRPC GetTicker: symbol=ETH/USDT
2026-10-09T14:13:25.541+08:00 [INFO] gRPC GetOrderBook: symbol=BTC/USDT, depth=20
2026-10-09T14:13:25.541+08:00 [INFO] gRPC GetRecentTrades: symbol=BTC/USDT, limit=10
2026-10-09T14:13:25.543+08:00 [INFO] gRPC GetTicker: symbol=BTC/USDT
2026-10-09T14:13:25.773+08:00 [INFO] gRPC GetOrderBook: symbol=ETH/USDT, depth=20
2026-10-09T14:13:25.774+08:00 [INFO] gRPC GetRecentTrades: symbol=ETH/USDT, limit=10
2026-10-09T14:13:25.774+08:00 [INFO] gRPC GetTicker: symbol=ETH/USDT
2026-10-09T14:13:26.016+08:00 [INFO] gRPC GetOrderBook: symbol=BNB/USDT, depth=20
2026-10-09T14:13:26.017+08:00 [INFO] gRPC GetRecentTrades: symbol=BNB/USDT, limit=10
2026-10-09T14:13:26.017+08:00 [INFO] gRPC GetTicker: symbol=BNB/USDT
2026-10-09T14:13:26.541+08:00 [INFO] gRPC GetOrderBook: symbol=BTC/USDT, depth=20
2026-10-09T14:13:26.542+08:00 [INFO] gRPC GetRecentTrades: symbol=BTC/USDT, limit=10
2026-10-09T14:13:26.545+08:00 [INFO] gRPC GetTicker: symbol=BTC/USDT
2026-10-09T14:13:26.787+08:00 [INFO] gRPC GetOrderBook: symbol=ETH/USDT, depth=20
2026-10-09T14:13:26.787+08:00 [INFO] gRPC GetRecentTrades: symbol=ETH/USDT, limit=10
2026-10-09T14:13:26.788+08:00 [INFO] gRPC GetTicker: symbol=ETH/USDT
2026-10-09T14:13:27.017+08:00 [INFO] gRPC GetOrderBook: symbol=BNB/USDT, depth=20
2026-10-09T14:13:27.017+08:00 [INFO] gRPC GetRecentTrades: symbol=BNB/USDT, limit=10
2026-10-09T14:13:27.018+08:00 [INFO] gRPC GetTicker: symbol=BNB/USDT
2026-10-09T14:13:27.541+08:00 [INFO] gRPC GetOrderBook: symbol=BTC/USDT, depth=20
2026-10-09T14:13:27.541+08:00 [INFO] gRPC GetRecentTrades: symbol=BTC/USDT, limit=10
2026-10-09T14:13:27.542+08:00 [INFO] gRPC GetTicker: symbol=BTC/USDT
2026-10-09T14:13:27.848+08:00 [INFO] gRPC GetOrderBook: symbol=ETH/USDT, depth=20
2026-10-09T14:13:27.849+08:00 [INFO] gRPC GetRecentTrades: symbol=ETH/USDT, limit=10
2026-10-09T14:13:27.849+08:00 [INFO] gRPC GetTicker: symbol=ETH/USDT
2026-10-09T14:13:28.090+08:00 [INFO] gRPC GetOrderBook: symbol=BNB/USDT, depth=20
2026-10-09T14:13:28.090+08:00 [INFO] gRPC GetRecentTrades: symbol=BNB/USDT, limit=10
2026-10-09T14:13:28.091+08:00 [INFO] gRPC GetTicker: symbol=BNB/USDT
2026-10-09T14:13:28.541+08:00 [INFO] gRPC GetOrderBook: symbol=BTC/USDT, depth=20
2026-10-09T14:13:28.541+08:00 [INFO] gRPC GetRecentTrades: symbol=BTC/USDT, limit=10
2026-10-09T14:13:28.544+08:00 [INFO] gRPC GetTicker: symbol=BTC/USDT
2026-10-09T14:13:28.784+08:00 [INFO] gRPC GetOrderBook: symbol=ETH/USDT, depth=20
2026-10-09T14:13:28.784+08:00 [INFO] gRPC GetRecentTrades: symbol=ETH/USDT, limit=10
2026-10-09T14:13:28.785+08:00 [INFO] gRPC GetTicker: symbol=ETH/USDT
2026-10-09T14:13:29.023+08:00 [INFO] gRPC GetOrderBook: symbol=BNB/USDT, depth=20
2026-10-09T14:13:29.023+08:00 [INFO] gRPC GetRecentTrades: symbol=BNB/USDT, limit=10
2026-10-09T14:13:29.024+08:00 [INFO] gRPC GetTicker: symbol=BNB/USDT
2026-10-09T14:13:29.541+08:00 [INFO] gRPC GetOrderBook: symbol=BTC/USDT, depth=20
2026-10-09T14:13:29.542+08:00 [INFO] gRPC GetRecentTrades: symbol=BTC/USDT, limit=10
2026-10-09T14:13:29.544+08:00 [INFO] gRPC GetTicker: symbol=BTC/USDT
2026-10-09T14:13:29.795+08:00 [INFO] gRPC GetOrderBook: symbol=ETH/USDT, depth=20
2026-10-09T14:13:29.796+08:00 [INFO] gRPC GetRecentTrades: symbol=ETH/USDT, limit=10
2026-10-09T14:13:29.796+08:00 [INFO] gRPC GetTicker: symbol=ETH/USDT
2026-10-09T14:13:30.028+08:00 [INFO] gRPC GetOrderBook: symbol=BNB/USDT, depth=20
2026-10-09T14:13:30.028+08:00 [INFO] gRPC GetRecentTrades: symbol=BNB/USDT, limit=10
2026-10-09T14:13:30.029+08:00 [INFO] gRPC GetTicker: symbol=BNB/USDT
2026-10-09T14:13:30.540+08:00 [INFO] gRPC GetOrderBook: symbol=BTC/USDT, depth=20
2026-10-09T14:13:30.540+08:00 [INFO] gRPC GetRecentTrades: symbol=BTC/USDT, limit=10
2026-10-09T14:13:30.541+08:00 [INFO] gRPC GetTicker: symbol=BTC/USDT
2026-10-09T14:13:30.776+08:00 [INFO] gRPC GetOrderBook: symbol=ETH/USDT, depth=20
2026-10-09T14:13:30.778+08:00 [INFO] gRPC GetRecentTrades: symbol=ETH/USDT, limit=10
2026-10-09T14:13:30.778+08:00 [INFO] gRPC GetTicker: symbol=ETH/USDT
2026-10-09T14:13:31.020+08:00 [INFO] gRPC GetOrderBook: symbol=BNB/USDT, depth=20
2026-10-09T14:13:31.021+08:00 [INFO] gRPC GetRecentTrades: symbol=BNB/USDT, limit=10
2026-10-09T14:13:31.021+08:00 [INFO] gRPC GetTicker: symbol=BNB/USDT
2026-10-09T14:13:31.541+08:00 [INFO] gRPC GetOrderBook: symbol=BTC/USDT, depth=20
2026-10-09T14:13:31.541+08:00 [INFO] gRPC GetRecentTrades: symbol=BTC/USDT, limit=10
2026-10-09T14:13:31.543+08:00 [INFO] gRPC GetTicker: symbol=BTC/USDT
2026-10-09T14:13:31.821+08:00 [INFO] gRPC GetOrderBook: symbol=ETH/USDT, depth=20
2026-10-09T14:13:31.822+08:00 [INFO] gRPC GetRecentTrades: symbol=ETH/USDT, limit=10
2026-10-09T14:13:31.822+08:00 [INFO] gRPC GetTicker: symbol=ETH/USDT
2026-10-09T14:13:32.056+08:00 [INFO] gRPC GetOrderBook: symbol=BNB/USDT, depth=20
2026-10-09T14:13:32.056+08:00 [INFO] gRPC GetRecentTrades: symbol=BNB/USDT, limit=10
2026-10-09T14:13:32.057+08:00 [INFO] gRPC GetTicker: symbol=BNB/USDT
2026-10-09T14:13:32.541+08:00 [INFO] gRPC GetOrderBook: symbol=ETH/USDT, depth=20
2026-10-09T14:13:32.541+08:00 [INFO] gRPC GetRecentTrades: symbol=ETH/USDT, limit=10
2026-10-09T14:13:32.542+08:00 [INFO] gRPC GetTicker: symbol=ETH/USDT
2026-10-09T14:13:32.781+08:00 [INFO] gRPC GetOrderBook: symbol=BNB/USDT, depth=20
2026-10-09T14:13:32.781+08:00 [INFO] gRPC GetRecentTrades: symbol=BNB/USDT, limit=10
2026-10-09T14:13:32.782+08:00 [INFO] gRPC GetTicker: symbol=BNB/USDT
2026-10-09T14:13:33.019+08:00 [INFO] gRPC GetOrderBook: symbol=BTC/USDT, depth=20
2026-10-09T14:13:33.019+08:00 [INFO] gRPC GetRecentTrades: symbol=BTC/USDT, limit=10
2026-10-09T14:13:33.020+08:00 [INFO] gRPC GetTicker: symbol=BTC/USDT
2026-10-09T14:13:33.541+08:00 [INFO] gRPC GetOrderBook: symbol=BTC/USDT, depth=20
2026-10-09T14:13:33.542+08:00 [INFO] gRPC GetRecentTrades: symbol=BTC/USDT, limit=10
2026-10-09T14:13:33.542+08:00 [INFO] gRPC GetTicker: symbol=BTC/USDT
2026-10-09T14:13:33.782+08:00 [INFO] gRPC GetOrderBook: symbol=ETH/USDT, depth=20
2026-10-09T14:13:33.784+08:00 [INFO] gRPC GetRecentTrades: symbol=ETH/USDT, limit=10
2026-10-09T14:13:33.784+08:00 [INFO] gRPC GetTicker: symbol=ETH/USDT
2026-10-09T14:13:34.031+08:00 [INFO] gRPC GetOrderBook: symbol=BNB/USDT, depth=20
2026-10-09T14:13:34.032+08:00 [INFO] gRPC GetRecentTrades: symbol=BNB/USDT, limit=10
2026-10-09T14:13:34.032+08:00 [INFO] gRPC GetTicker: symbol=BNB/USDT
2026-10-09T14:13:34.546+08:00 [INFO] gRPC GetOrderBook: symbol=BTC/USDT, depth=20
2026-10-09T14:13:34.547+08:00 [INFO] gRPC GetRecentTrades: symbol=BTC/USDT, limit=10
2026-10-09T14:13:34.547+08:00 [INFO] gRPC GetTicker: symbol=BTC/USDT
2026-10-09T14:13:34.790+08:00 [INFO] gRPC GetOrderBook: symbol=ETH/USDT, depth=20
2026-10-09T14:13:34.790+08:00 [INFO] gRPC GetRecentTrades: symbol=ETH/USDT, limit=10
2026-10-09T14:13:34.790+08:00 [INFO] gRPC GetTicker: symbol=ETH/USDT
2026-10-09T14:13:35.031+08:00 [INFO] gRPC GetOrderBook: symbol=BNB/USDT, depth=20
2026-10-09T14:13:35.031+08:00 [INFO] gRPC GetRecentTrades: symbol=BNB/USDT, limit=10
2026-10-09T14:13:35.039+08:00 [INFO] gRPC GetTicker: symbol=BNB/USDT
2026-10-09T14:13:35.541+08:00 [INFO] gRPC GetOrderBook: symbol=BTC/USDT, depth=20
2026-10-09T14:13:35.541+08:00 [INFO] gRPC GetRecentTrades: symbol=BTC/USDT, limit=10
2026-10-09T14:13:35.541+08:00 [INFO] gRPC GetTicker: symbol=BTC/USDT
2026-10-09T14:13:35.782+08:00 [INFO] gRPC GetOrderBook: symbol=ETH/USDT, depth=20
2026-10-09T14:13:35.783+08:00 [INFO] gRPC GetRecentTrades: symbol=ETH/USDT, limit=10
2026-10-09T14:13:35.783+08:00 [INFO] gRPC GetTicker: symbol=ETH/USDT
2026-10-09T14:13:36.013+08:00 [INFO] gRPC GetOrderBook: symbol=BNB/USDT, depth=20
2026-10-09T14:13:36.013+08:00 [INFO] gRPC GetRecentTrades: symbol=BNB/USDT, limit=10
2026-10-09T14:13:36.014+08:00 [INFO] gRPC GetTicker: symbol=BNB/USDT
2026-10-09T14:13:36.541+08:00 [INFO] gRPC GetOrderBook: symbol=BTC/USDT, depth=20
2026-10-09T14:13:36.541+08:00 [INFO] gRPC GetRecentTrades: symbol=BTC/USDT, limit=10
2026-10-09T14:13:36.542+08:00 [INFO] gRPC GetTicker: symbol=BTC/USDT
2026-10-09T14:13:36.776+08:00 [INFO] gRPC GetOrderBook: symbol=ETH/USDT, depth=20
2026-10-09T14:13:36.777+08:00 [INFO] gRPC GetRecentTrades: symbol=ETH/USDT, limit=10
2026-10-09T14:13:36.778+08:00 [INFO] gRPC GetTicker: symbol=ETH/USDT
2026-10-09T14:13:37.021+08:00 [INFO] gRPC GetOrderBook: symbol=BNB/USDT, depth=20
2026-10-09T14:13:37.021+08:00 [INFO] gRPC GetRecentTrades: symbol=BNB/USDT, limit=10
2026-10-09T14:13:37.022+08:00 [INFO] gRPC GetTicker: symbol=BNB/USDT
2026-10-09T14:13:37.541+08:00 [INFO] gRPC GetOrderBook: symbol=BNB/USDT, depth=20
2026-10-09T14:13:37.542+08:00 [INFO] gRPC GetRecentTrades: symbol=BNB/USDT, limit=10
2026-10-09T14:13:37.544+08:00 [INFO] gRPC GetTicker: symbol=BNB/USDT
2026-10-09T14:13:37.785+08:00 [INFO] gRPC GetOrderBook: symbol=BTC/USDT, depth=20
2026-10-09T14:13:37.785+08:00 [INFO] gRPC GetRecentTrades: symbol=BTC/USDT, limit=10
2026-10-09T14:13:37.786+08:00 [INFO] gRPC GetTicker: symbol=BTC/USDT
2026-10-09T14:13:38.026+08:00 [INFO] gRPC GetOrderBook: symbol=ETH/USDT, depth=20
2026-10-09T14:13:38.028+08:00 [INFO] gRPC GetRecentTrades: symbol=ETH/USDT, limit=10
2026-10-09T14:13:38.028+08:00 [INFO] gRPC GetTicker: symbol=ETH/USDT
2026-10-09T14:13:38.541+08:00 [INFO] gRPC GetOrderBook: symbol=ETH/USDT, depth=20
2026-10-09T14:13:38.541+08:00 [INFO] gRPC GetRecentTrades: symbol=ETH/USDT, limit=10
2026-10-09T14:13:38.543+08:00 [INFO] gRPC GetTicker: symbol=ETH/USDT
2026-10-09T14:13:38.784+08:00 [INFO] gRPC GetOrderBook: symbol=BNB/USDT, depth=20
2026-10-09T14:13:38.787+08:00 [INFO] gRPC GetRecentTrades: symbol=BNB/USDT, limit=10
2026-10-09T14:13:38.787+08:00 [INFO] gRPC GetTicker: symbol=BNB/USDT
2026-10-09T14:13:39.023+08:00 [INFO] gRPC GetOrderBook: symbol=BTC/USDT, depth=20
2026-10-09T14:13:39.023+08:00 [INFO] gRPC GetRecentTrades: symbol=BTC/USDT, limit=10
2026-10-09T14:13:39.024+08:00 [INFO] gRPC GetTicker: symbol=BTC/USDT
2026-10-09T14:13:39.540+08:00 [INFO] gRPC GetOrderBook: symbol=ETH/USDT, depth=20
2026-10-09T14:13:39.541+08:00 [INFO] gRPC GetRecentTrades: symbol=ETH/USDT, limit=10
2026-10-09T14:13:39.543+08:00 [INFO] gRPC GetTicker: symbol=ETH/USDT
2026-10-09T14:13:39.774+08:00 [INFO] gRPC GetOrderBook: symbol=BNB/USDT, depth=20
2026-10-09T14:13:39.774+08:00 [INFO] gRPC GetRecentTrades: symbol=BNB/USDT, limit=10
2026-10-09T14:13:39.775+08:00 [INFO] gRPC GetTicker: symbol=BNB/USDT
2026-10-09T14:13:40.480+08:00 [INFO] gRPC GetOrderBook: symbol=BTC/USDT, depth=20
2026-10-09T14:13:40.481+08:00 [INFO] gRPC GetRecentTrades: symbol=BTC/USDT, limit=10
2026-10-09T14:13:40.481+08:00 [INFO] gRPC GetTicker: symbol=BTC/USDT
2026-10-09T14:13:40.721+08:00 [INFO] gRPC GetOrderBook: symbol=ETH/USDT, depth=20
2026-10-09T14:13:40.722+08:00 [INFO] gRPC GetRecentTrades: symbol=ETH/USDT, limit=10
2026-10-09T14:13:40.722+08:00 [INFO] gRPC GetTicker: symbol=ETH/USDT
2026-10-09T14:13:40.961+08:00 [INFO] gRPC GetOrderBook: symbol=BNB/USDT, depth=20
2026-10-09T14:13:40.961+08:00 [INFO] gRPC GetRecentTrades: symbol=BNB/USDT, limit=10
2026-10-09T14:13:40.962+08:00 [INFO] gRPC GetTicker: symbol=BNB/USDT
2026-10-09T14:13:41.263+08:00 [INFO] gRPC GetOrderBook: symbol=BTC/USDT, depth=20
2026-10-09T14:13:41.263+08:00 [INFO] gRPC GetRecentTrades: symbol=BTC/USDT, limit=10
2026-10-09T14:13:41.263+08:00 [INFO] gRPC GetTicker: symbol=BTC/USDT
2026-10-09T14:13:41.540+08:00 [INFO] gRPC GetOrderBook: symbol=ETH/USDT, depth=20
2026-10-09T14:13:41.541+08:00 [INFO] gRPC GetRecentTrades: symbol=ETH/USDT, limit=10
2026-10-09T14:13:41.541+08:00 [INFO] gRPC GetTicker: symbol=ETH/USDT
2026-10-09T14:13:41.773+08:00 [INFO] gRPC GetOrderBook: symbol=BNB/USDT, depth=20
2026-10-09T14:13:41.773+08:00 [INFO] gRPC GetRecentTrades: symbol=BNB/USDT, limit=10
2026-10-09T14:13:41.774+08:00 [INFO] gRPC GetTicker: symbol=BNB/USDT
2026-10-09T14:13:42.013+08:00 [INFO] gRPC GetOrderBook: symbol=BTC/USDT, depth=20
2026-10-09T14:13:42.013+08:00 [INFO] gRPC GetRecentTrades: symbol=BTC/USDT, limit=10
2026-10-09T14:13:42.014+08:00 [INFO] gRPC GetTicker: symbol=BTC/USDT
2026-10-09T14:13:42.540+08:00 [INFO] gRPC GetOrderBook: symbol=BTC/USDT, depth=20
2026-10-09T14:13:42.541+08:00 [INFO] gRPC GetRecentTrades: symbol=BTC/USDT, limit=10
2026-10-09T14:13:42.542+08:00 [INFO] gRPC GetTicker: symbol=BTC/USDT
2026-10-09T14:13:42.798+08:00 [INFO] gRPC GetOrderBook: symbol=ETH/USDT, depth=20
2026-10-09T14:13:42.798+08:00 [INFO] gRPC GetRecentTrades: symbol=ETH/USDT, limit=10
2026-10-09T14:13:42.798+08:00 [INFO] gRPC GetTicker: symbol=ETH/USDT
2026-10-09T14:13:43.037+08:00 [INFO] gRPC GetOrderBook: symbol=BNB/USDT, depth=20
2026-10-09T14:13:43.038+08:00 [INFO] gRPC GetRecentTrades: symbol=BNB/USDT, limit=10
2026-10-09T14:13:43.038+08:00 [INFO] gRPC GetTicker: symbol=BNB/USDT
2026-10-09T14:13:43.540+08:00 [INFO] gRPC GetOrderBook: symbol=BTC/USDT, depth=20
2026-10-09T14:13:43.541+08:00 [INFO] gRPC GetRecentTrades: symbol=BTC/USDT, limit=10
2026-10-09T14:13:43.543+08:00 [INFO] gRPC GetTicker: symbol=BTC/USDT
2026-10-09T14:13:43.784+08:00 [INFO] gRPC GetOrderBook: symbol=ETH/USDT, depth=20
2026-10-09T14:13:43.784+08:00 [INFO] gRPC GetRecentTrades: symbol=ETH/USDT, limit=10
2026-10-09T14:13:43.786+08:00 [INFO] gRPC GetTicker: symbol=ETH/USDT
2026-10-09T14:13:44.017+08:00 [INFO] gRPC GetOrderBook: symbol=BNB/USDT, depth=20
2026-10-09T14:13:44.018+08:00 [INFO] gRPC GetRecentTrades: symbol=BNB/USDT, limit=10
2026-10-09T14:13:44.018+08:00 [INFO] gRPC GetTicker: symbol=BNB/USDT
2026-10-09T14:13:44.540+08:00 [INFO] gRPC GetOrderBook: symbol=BTC/USDT, depth=20
2026-10-09T14:13:44.541+08:00 [INFO] gRPC GetRecentTrades: symbol=BTC/USDT, limit=10
2026-10-09T14:13:44.549+08:00 [INFO] gRPC GetTicker: symbol=BTC/USDT
2026-10-09T14:13:44.781+08:00 [INFO] gRPC GetOrderBook: symbol=ETH/USDT, depth=20
2026-10-09T14:13:44.782+08:00 [INFO] gRPC GetRecentTrades: symbol=ETH/USDT, limit=10
2026-10-09T14:13:44.782+08:00 [INFO] gRPC GetTicker: symbol=ETH/USDT
2026-10-09T14:13:45.021+08:00 [INFO] gRPC GetOrderBook: symbol=BNB/USDT, depth=20
2026-10-09T14:13:45.021+08:00 [INFO] gRPC GetRecentTrades: symbol=BNB/USDT, limit=10
2026-10-09T14:13:45.022+08:00 [INFO] gRPC GetTicker: symbol=BNB/USDT
2026-10-09T14:13:45.540+08:00 [INFO] gRPC GetOrderBook: symbol=BNB/USDT, depth=20
2026-10-09T14:13:45.540+08:00 [INFO] gRPC GetRecentTrades: symbol=BNB/USDT, limit=10
2026-10-09T14:13:45.540+08:00 [INFO] gRPC GetTicker: symbol=BNB/USDT
2026-10-09T14:13:45.779+08:00 [INFO] gRPC GetOrderBook: symbol=BTC/USDT, depth=20
2026-10-09T14:13:45.780+08:00 [INFO] gRPC GetRecentTrades: symbol=BTC/USDT, limit=10
2026-10-09T14:13:45.780+08:00 [INFO] gRPC GetTicker: symbol=BTC/USDT
2026-10-09T14:13:46.020+08:00 [INFO] gRPC GetOrderBook: symbol=ETH/USDT, depth=20
2026-10-09T14:13:46.021+08:00 [INFO] gRPC GetRecentTrades: symbol=ETH/USDT, limit=10
2026-10-09T14:13:46.022+08:00 [INFO] gRPC GetTicker: symbol=ETH/USDT
2026-10-09T14:13:46.540+08:00 [INFO] gRPC GetOrderBook: symbol=BNB/USDT, depth=20
2026-10-09T14:13:46.541+08:00 [INFO] gRPC GetRecentTrades: symbol=BNB/USDT, limit=10
2026-10-09T14:13:46.542+08:00 [INFO] gRPC GetTicker: symbol=BNB/USDT
2026-10-09T14:13:46.782+08:00 [INFO] gRPC GetOrderBook: symbol=BTC/USDT, depth=20
2026-10-09T14:13:46.782+08:00 [INFO] gRPC GetRecentTrades: symbol=BTC/USDT, limit=10
2026-10-09T14:13:46.783+08:00 [INFO] gRPC GetTicker: symbol=BTC/USDT
2026-10-09T14:13:47.012+08:00 [INFO] gRPC GetOrderBook: symbol=ETH/USDT, depth=20
2026-10-09T14:13:47.012+08:00 [INFO] gRPC GetRecentTrades: symbol=ETH/USDT, limit=10
2026-10-09T14:13:47.013+08:00 [INFO] gRPC GetTicker: symbol=ETH/USDT
2026-10-09T14:13:47.540+08:00 [INFO] gRPC GetOrderBook: symbol=BTC/USDT, depth=20
2026-10-09T14:13:47.541+08:00 [INFO] gRPC GetRecentTrades: symbol=BTC/USDT, limit=10
2026-10-09T14:13:47.543+08:00 [INFO] gRPC GetTicker: symbol=BTC/USDT
2026-10-09T14:13:47.789+08:00 [INFO] gRPC GetOrderBook: symbol=ETH/USDT, depth=20
2026-10-09T14:13:47.789+08:00 [INFO] gRPC GetRecentTrades: symbol=ETH/USDT, limit=10
2026-10-09T14:13:47.789+08:00 [INFO] gRPC GetTicker: symbol=ETH/USDT
2026-10-09T14:13:48.030+08:00 [INFO] gRPC GetOrderBook: symbol=BNB/USDT, depth=20
2026-10-09T14:13:48.030+08:00 [INFO] gRPC GetRecentTrades: symbol=BNB/USDT, limit=10
2026-10-09T14:13:48.030+08:00 [INFO] gRPC GetTicker: symbol=BNB/USDT
2026-10-09T14:13:48.540+08:00 [INFO] gRPC GetOrderBook: symbol=BTC/USDT, depth=20
2026-10-09T14:13:48.541+08:00 [INFO] gRPC GetRecentTrades: symbol=BTC/USDT, limit=10
2026-10-09T14:13:48.542+08:00 [INFO] gRPC GetTicker: symbol=BTC/USDT
2026-10-09T14:13:48.777+08:00 [INFO] gRPC GetOrderBook: symbol=ETH/USDT, depth=20
2026-10-09T14:13:48.778+08:00 [INFO] gRPC GetRecentTrades: symbol=ETH/USDT, limit=10
2026-10-09T14:13:48.778+08:00 [INFO] gRPC GetTicker: symbol=ETH/USDT
2026-10-09T14:13:49.017+08:00 [INFO] gRPC GetOrderBook: symbol=BNB/USDT, depth=20
2026-10-09T14:13:49.018+08:00 [INFO] gRPC GetRecentTrades: symbol=BNB/USDT, limit=10
2026-10-09T14:13:49.019+08:00 [INFO] gRPC GetTicker: symbol=BNB/USDT
2026-10-09T14:13:49.540+08:00 [INFO] gRPC GetOrderBook: symbol=ETH/USDT, depth=20
2026-10-09T14:13:49.540+08:00 [INFO] gRPC GetRecentTrades: symbol=ETH/USDT, limit=10
2026-10-09T14:13:49.540+08:00 [INFO] gRPC GetTicker: symbol=ETH/USDT
2026-10-09T14:13:49.784+08:00 [INFO] gRPC GetOrderBook: symbol=BNB/USDT, depth=20
2026-10-09T14:13:49.784+08:00 [INFO] gRPC GetRecentTrades: symbol=BNB/USDT, limit=10
2026-10-09T14:13:49.784+08:00 [INFO] gRPC GetTicker: symbol=BNB/USDT
2026-10-09T14:13:50.017+08:00 [INFO] gRPC GetOrderBook: symbol=BTC/USDT, depth=20
2026-10-09T14:13:50.017+08:00 [INFO] gRPC GetRecentTrades: symbol=BTC/USDT, limit=10
2026-10-09T14:13:50.017+08:00 [INFO] gRPC GetTicker: symbol=BTC/USDT
2026-10-09T14:13:50.540+08:00 [INFO] gRPC GetOrderBook: symbol=ETH/USDT, depth=20
2026-10-09T14:13:50.540+08:00 [INFO] gRPC GetRecentTrades: symbol=ETH/USDT, limit=10
2026-10-09T14:13:50.541+08:00 [INFO] gRPC GetTicker: symbol=ETH/USDT
2026-10-09T14:13:50.777+08:00 [INFO] gRPC GetOrderBook: symbol=BNB/USDT, depth=20
2026-10-09T14:13:50.777+08:00 [INFO] gRPC GetRecentTrades: symbol=BNB/USDT, limit=10
2026-10-09T14:13:50.778+08:00 [INFO] gRPC GetTicker: symbol=BNB/USDT
2026-10-09T14:13:51.017+08:00 [INFO] gRPC GetOrderBook: symbol=BTC/USDT, depth=20
2026-10-09T14:13:51.017+08:00 [INFO] gRPC GetRecentTrades: symbol=BTC/USDT, limit=10
2026-10-09T14:13:51.018+08:00 [INFO] gRPC GetTicker: symbol=BTC/USDT
2026-10-09T14:13:51.540+08:00 [INFO] gRPC GetOrderBook: symbol=BTC/USDT, depth=20
2026-10-09T14:13:51.541+08:00 [INFO] gRPC GetRecentTrades: symbol=BTC/USDT, limit=10
2026-10-09T14:13:51.542+08:00 [INFO] gRPC GetTicker: symbol=BTC/USDT
2026-10-09T14:13:51.785+08:00 [INFO] gRPC GetOrderBook: symbol=ETH/USDT, depth=20
2026-10-09T14:13:51.786+08:00 [INFO] gRPC GetRecentTrades: symbol=ETH/USDT, limit=10
2026-10-09T14:13:51.786+08:00 [INFO] gRPC GetTicker: symbol=ETH/USDT
2026-10-09T14:13:52.027+08:00 [INFO] gRPC GetOrderBook: symbol=BNB/USDT, depth=20
2026-10-09T14:13:52.028+08:00 [INFO] gRPC GetRecentTrades: symbol=BNB/USDT, limit=10
2026-10-09T14:13:52.028+08:00 [INFO] gRPC GetTicker: symbol=BNB/USDT
2026-10-09T14:13:52.541+08:00 [INFO] gRPC GetOrderBook: symbol=BTC/USDT, depth=20
2026-10-09T14:13:52.543+08:00 [INFO] gRPC GetRecentTrades: symbol=BTC/USDT, limit=10
2026-10-09T14:13:52.544+08:00 [INFO] gRPC GetTicker: symbol=BTC/USDT
2026-10-09T14:13:52.786+08:00 [INFO] gRPC GetOrderBook: symbol=ETH/USDT, depth=20
2026-10-09T14:13:52.786+08:00 [INFO] gRPC GetRecentTrades: symbol=ETH/USDT, limit=10
2026-10-09T14:13:52.787+08:00 [INFO] gRPC GetTicker: symbol=ETH/USDT
2026-10-09T14:13:53.019+08:00 [INFO] gRPC GetOrderBook: symbol=BNB/USDT, depth=20
2026-10-09T14:13:53.019+08:00 [INFO] gRPC GetRecentTrades: symbol=BNB/USDT, limit=10
2026-10-09T14:13:53.020+08:00 [INFO] gRPC GetTicker: symbol=BNB/USDT
2026-10-09T14:13:53.540+08:00 [INFO] gRPC GetOrderBook: symbol=ETH/USDT, depth=20
2026-10-09T14:13:53.541+08:00 [INFO] gRPC GetRecentTrades: symbol=ETH/USDT, limit=10
2026-10-09T14:13:53.543+08:00 [INFO] gRPC GetTicker: symbol=ETH/USDT
2026-10-09T14:13:53.771+08:00 [INFO] gRPC GetOrderBook: symbol=BNB/USDT, depth=20
2026-10-09T14:13:53.771+08:00 [INFO] gRPC GetRecentTrades: symbol=BNB/USDT, limit=10
2026-10-09T14:13:53.773+08:00 [INFO] gRPC GetTicker: symbol=BNB/USDT
2026-10-09T14:13:54.012+08:00 [INFO] gRPC GetOrderBook: symbol=BTC/USDT, depth=20
2026-10-09T14:13:54.013+08:00 [INFO] gRPC GetRecentTrades: symbol=BTC/USDT, limit=10
2026-10-09T14:13:54.013+08:00 [INFO] gRPC GetTicker: symbol=BTC/USDT
2026-10-09T14:13:54.540+08:00 [INFO] gRPC GetOrderBook: symbol=ETH/USDT, depth=20
2026-10-09T14:13:54.541+08:00 [INFO] gRPC GetRecentTrades: symbol=ETH/USDT, limit=10
2026-10-09T14:13:54.543+08:00 [INFO] gRPC GetTicker: symbol=ETH/USDT
2026-10-09T14:13:54.787+08:00 [INFO] gRPC GetOrderBook: symbol=BNB/USDT, depth=20
2026-10-09T14:13:54.788+08:00 [INFO] gRPC GetRecentTrades: symbol=BNB/USDT, limit=10
2026-10-09T14:13:54.788+08:00 [INFO] gRPC GetTicker: symbol=BNB/USDT
2026-10-09T14:13:55.084+08:00 [INFO] gRPC GetOrderBook: symbol=BTC/USDT, depth=20
2026-10-09T14:13:55.085+08:00 [INFO] gRPC GetRecentTrades: symbol=BTC/USDT, limit=10
2026-10-09T14:13:55.085+08:00 [INFO] gRPC GetTicker: symbol=BTC/USDT
2026-10-09T14:13:55.540+08:00 [INFO] gRPC GetOrderBook: symbol=BTC/USDT, depth=20
2026-10-09T14:13:55.541+08:00 [INFO] gRPC GetRecentTrades: symbol=BTC/USDT, limit=10
2026-10-09T14:13:55.543+08:00 [INFO] gRPC GetTicker: symbol=BTC/USDT
2026-10-09T14:13:55.786+08:00 [INFO] gRPC GetOrderBook: symbol=ETH/USDT, depth=20
2026-10-09T14:13:55.787+08:00 [INFO] gRPC GetRecentTrades: symbol=ETH/USDT, limit=10
2026-10-09T14:13:55.788+08:00 [INFO] gRPC GetTicker: symbol=ETH/USDT
2026-10-09T14:13:56.022+08:00 [INFO] gRPC GetOrderBook: symbol=BNB/USDT, depth=20
2026-10-09T14:13:56.022+08:00 [INFO] gRPC GetRecentTrades: symbol=BNB/USDT, limit=10
2026-10-09T14:13:56.023+08:00 [INFO] gRPC GetTicker: symbol=BNB/USDT
2026-10-09T14:13:56.704+08:00 [INFO] gRPC GetOrderBook: symbol=BTC/USDT, depth=20
2026-10-09T14:13:56.704+08:00 [INFO] gRPC GetRecentTrades: symbol=BTC/USDT, limit=10
2026-10-09T14:13:56.705+08:00 [INFO] gRPC GetTicker: symbol=BTC/USDT
2026-10-09T14:13:56.946+08:00 [INFO] gRPC GetOrderBook: symbol=ETH/USDT, depth=20
2026-10-09T14:13:56.946+08:00 [INFO] gRPC GetRecentTrades: symbol=ETH/USDT, limit=10
2026-10-09T14:13:56.946+08:00 [INFO] gRPC GetTicker: symbol=ETH/USDT
2026-10-09T14:13:57.183+08:00 [INFO] gRPC GetOrderBook: symbol=BNB/USDT, depth=20
2026-10-09T14:13:57.183+08:00 [INFO] gRPC GetRecentTrades: symbol=BNB/USDT, limit=10
2026-10-09T14:13:57.184+08:00 [INFO] gRPC GetTicker: symbol=BNB/USDT
2026-10-09T14:13:57.540+08:00 [INFO] gRPC GetOrderBook: symbol=BNB/USDT, depth=20
2026-10-09T14:13:57.542+08:00 [INFO] gRPC GetRecentTrades: symbol=BNB/USDT, limit=10
2026-10-09T14:13:57.543+08:00 [INFO] gRPC GetTicker: symbol=BNB/USDT
2026-10-09T14:13:57.810+08:00 [INFO] gRPC GetOrderBook: symbol=BTC/USDT, depth=20
2026-10-09T14:13:57.822+08:00 [INFO] gRPC GetRecentTrades: symbol=BTC/USDT, limit=10
2026-10-09T14:13:57.849+08:00 [INFO] gRPC GetTicker: symbol=BTC/USDT
2026-10-09T14:13:58.091+08:00 [INFO] gRPC GetOrderBook: symbol=ETH/USDT, depth=20
2026-10-09T14:13:58.093+08:00 [INFO] gRPC GetRecentTrades: symbol=ETH/USDT, limit=10
2026-10-09T14:13:58.093+08:00 [INFO] gRPC GetTicker: symbol=ETH/USDT
2026-10-09T14:13:58.540+08:00 [INFO] gRPC GetOrderBook: symbol=BNB/USDT, depth=20
2026-10-09T14:13:58.545+08:00 [INFO] gRPC GetRecentTrades: symbol=BNB/USDT, limit=10
2026-10-09T14:13:58.546+08:00 [INFO] gRPC GetTicker: symbol=BNB/USDT
2026-10-09T14:13:58.781+08:00 [INFO] gRPC GetOrderBook: symbol=BTC/USDT, depth=20
2026-10-09T14:13:58.782+08:00 [INFO] gRPC GetRecentTrades: symbol=BTC/USDT, limit=10
2026-10-09T14:13:58.782+08:00 [INFO] gRPC GetTicker: symbol=BTC/USDT
2026-10-09T14:13:59.023+08:00 [INFO] gRPC GetOrderBook: symbol=ETH/USDT, depth=20
2026-10-09T14:13:59.024+08:00 [INFO] gRPC GetRecentTrades: symbol=ETH/USDT, limit=10
2026-10-09T14:13:59.028+08:00 [INFO] gRPC GetTicker: symbol=ETH/USDT
2026-10-09T14:14:00.162+08:00 [INFO] gRPC GetOrderBook: symbol=BNB/USDT, depth=20
2026-10-09T14:14:00.162+08:00 [INFO] gRPC GetRecentTrades: symbol=BNB/USDT, limit=10
2026-10-09T14:14:00.162+08:00 [INFO] gRPC GetTicker: symbol=BNB/USDT
2026-10-09T14:14:00.513+08:00 [INFO] gRPC GetOrderBook: symbol=BTC/USDT, depth=20
2026-10-09T14:14:00.514+08:00 [INFO] gRPC GetRecentTrades: symbol=BTC/USDT, limit=10
2026-10-09T14:14:00.514+08:00 [INFO] gRPC GetTicker: symbol=BTC/USDT
2026-10-09T14:14:01.223+08:00 [INFO] gRPC GetOrderBook: symbol=ETH/USDT, depth=20
2026-10-09T14:14:01.224+08:00 [INFO] gRPC GetRecentTrades: symbol=ETH/USDT, limit=10
2026-10-09T14:14:01.224+08:00 [INFO] gRPC GetTicker: symbol=ETH/USDT
2026-10-09T14:14:01.468+08:00 [INFO] gRPC GetOrderBook: symbol=BTC/USDT, depth=20
2026-10-09T14:14:01.469+08:00 [INFO] gRPC GetRecentTrades: symbol=BTC/USDT, limit=10
2026-10-09T14:14:01.469+08:00 [INFO] gRPC GetTicker: symbol=BTC/USDT
2026-10-09T14:14:01.710+08:00 [INFO] gRPC GetOrderBook: symbol=ETH/USDT, depth=20
2026-10-09T14:14:01.710+08:00 [INFO] gRPC GetRecentTrades: symbol=ETH/USDT, limit=10
2026-10-09T14:14:01.711+08:00 [INFO] gRPC GetTicker: symbol=ETH/USDT
2026-10-09T14:14:02.014+08:00 [INFO] gRPC GetOrderBook: symbol=BNB/USDT, depth=20
2026-10-09T14:14:02.015+08:00 [INFO] gRPC GetRecentTrades: symbol=BNB/USDT, limit=10
2026-10-09T14:14:02.015+08:00 [INFO] gRPC GetTicker: symbol=BNB/USDT
2026-10-09T14:14:02.257+08:00 [INFO] gRPC GetOrderBook: symbol=ETH/USDT, depth=20
2026-10-09T14:14:02.260+08:00 [INFO] gRPC GetRecentTrades: symbol=ETH/USDT, limit=10
2026-10-09T14:14:02.260+08:00 [INFO] gRPC GetTicker: symbol=ETH/USDT
2026-10-09T14:14:02.494+08:00 [INFO] gRPC GetOrderBook: symbol=BNB/USDT, depth=20
2026-10-09T14:14:02.495+08:00 [INFO] gRPC GetRecentTrades: symbol=BNB/USDT, limit=10
2026-10-09T14:14:02.495+08:00 [INFO] gRPC GetTicker: symbol=BNB/USDT
2026-10-09T14:14:02.737+08:00 [INFO] gRPC GetOrderBook: symbol=BTC/USDT, depth=20
2026-10-09T14:14:02.737+08:00 [INFO] gRPC GetRecentTrades: symbol=BTC/USDT, limit=10
2026-10-09T14:14:02.738+08:00 [INFO] gRPC GetTicker: symbol=BTC/USDT
2026-10-09T14:14:02.977+08:00 [INFO] gRPC GetOrderBook: symbol=BNB/USDT, depth=20
2026-10-09T14:14:02.977+08:00 [INFO] gRPC GetRecentTrades: symbol=BNB/USDT, limit=10
2026-10-09T14:14:02.978+08:00 [INFO] gRPC GetTicker: symbol=BNB/USDT
2026-10-09T14:14:03.210+08:00 [INFO] gRPC GetOrderBook: symbol=BTC/USDT, depth=20
2026-10-09T14:14:03.211+08:00 [INFO] gRPC GetRecentTrades: symbol=BTC/USDT, limit=10
2026-10-09T14:14:03.211+08:00 [INFO] gRPC GetTicker: symbol=BTC/USDT
2026-10-09T14:14:03.453+08:00 [INFO] gRPC GetOrderBook: symbol=ETH/USDT, depth=20
2026-10-09T14:14:03.454+08:00 [INFO] gRPC GetRecentTrades: symbol=ETH/USDT, limit=10
2026-10-09T14:14:03.454+08:00 [INFO] gRPC GetTicker: symbol=ETH/USDT
2026-10-09T14:14:03.694+08:00 [INFO] gRPC GetOrderBook: symbol=BTC/USDT, depth=20
2026-10-09T14:14:03.694+08:00 [INFO] gRPC GetRecentTrades: symbol=BTC/USDT, limit=10
2026-10-09T14:14:03.694+08:00 [INFO] gRPC GetTicker: symbol=BTC/USDT
2026-10-09T14:14:03.927+08:00 [INFO] gRPC GetOrderBook: symbol=ETH/USDT, depth=20
2026-10-09T14:14:03.927+08:00 [INFO] gRPC GetRecentTrades: symbol=ETH/USDT, limit=10
2026-10-09T14:14:03.929+08:00 [INFO] gRPC GetTicker: symbol=ETH/USDT
2026-10-09T14:14:04.171+08:00 [INFO] gRPC GetOrderBook: symbol=BNB/USDT, depth=20
2026-10-09T14:14:04.171+08:00 [INFO] gRPC GetRecentTrades: symbol=BNB/USDT, limit=10
2026-10-09T14:14:04.172+08:00 [INFO] gRPC GetTicker: symbol=BNB/USDT
2026-10-09T14:14:04.540+08:00 [INFO] gRPC GetOrderBook: symbol=BTC/USDT, depth=20
2026-10-09T14:14:04.541+08:00 [INFO] gRPC GetRecentTrades: symbol=BTC/USDT, limit=10
2026-10-09T14:14:04.542+08:00 [INFO] gRPC GetTicker: symbol=BTC/USDT
2026-10-09T14:14:04.774+08:00 [INFO] gRPC GetOrderBook: symbol=ETH/USDT, depth=20
2026-10-09T14:14:04.776+08:00 [INFO] gRPC GetRecentTrades: symbol=ETH/USDT, limit=10
2026-10-09T14:14:04.777+08:00 [INFO] gRPC GetTicker: symbol=ETH/USDT
2026-10-09T14:14:05.020+08:00 [INFO] gRPC GetOrderBook: symbol=BNB/USDT, depth=20
2026-10-09T14:14:05.020+08:00 [INFO] gRPC GetRecentTrades: symbol=BNB/USDT, limit=10
2026-10-09T14:14:05.021+08:00 [INFO] gRPC GetTicker: symbol=BNB/USDT
2026-10-09T14:14:05.540+08:00 [INFO] gRPC GetOrderBook: symbol=BTC/USDT, depth=20
2026-10-09T14:14:05.540+08:00 [INFO] gRPC GetRecentTrades: symbol=BTC/USDT, limit=10
2026-10-09T14:14:05.541+08:00 [INFO] gRPC GetTicker: symbol=BTC/USDT
2026-10-09T14:14:05.838+08:00 [INFO] gRPC GetOrderBook: symbol=ETH/USDT, depth=20
2026-10-09T14:14:05.839+08:00 [INFO] gRPC GetRecentTrades: symbol=ETH/USDT, limit=10
2026-10-09T14:14:05.839+08:00 [INFO] gRPC GetTicker: symbol=ETH/USDT
2026-10-09T14:14:06.144+08:00 [INFO] gRPC GetOrderBook: symbol=BNB/USDT, depth=20
2026-10-09T14:14:06.145+08:00 [INFO] gRPC GetRecentTrades: symbol=BNB/USDT, limit=10
2026-10-09T14:14:06.145+08:00 [INFO] gRPC GetTicker: symbol=BNB/USDT
2026-10-09T14:14:06.843+08:00 [INFO] gRPC GetOrderBook: symbol=BTC/USDT, depth=20
2026-10-09T14:14:06.844+08:00 [INFO] gRPC GetRecentTrades: symbol=BTC/USDT, limit=10
2026-10-09T14:14:06.845+08:00 [INFO] gRPC GetTicker: symbol=BTC/USDT
2026-10-09T14:14:07.088+08:00 [INFO] gRPC GetOrderBook: symbol=ETH/USDT, depth=20
2026-10-09T14:14:07.088+08:00 [INFO] gRPC GetRecentTrades: symbol=ETH/USDT, limit=10
2026-10-09T14:14:07.089+08:00 [INFO] gRPC GetTicker: symbol=ETH/USDT
2026-10-09T14:14:07.373+08:00 [INFO] gRPC GetOrderBook: symbol=BNB/USDT, depth=20
2026-10-09T14:14:07.373+08:00 [INFO] gRPC GetRecentTrades: symbol=BNB/USDT, limit=10
2026-10-09T14:14:07.374+08:00 [INFO] gRPC GetTicker: symbol=BNB/USDT
2026-10-09T14:14:07.607+08:00 [INFO] gRPC GetOrderBook: symbol=BTC/USDT, depth=20
2026-10-09T14:14:07.608+08:00 [INFO] gRPC GetRecentTrades: symbol=BTC/USDT, limit=10
2026-10-09T14:14:07.609+08:00 [INFO] gRPC GetTicker: symbol=BTC/USDT
2026-10-09T14:14:07.886+08:00 [INFO] gRPC GetOrderBook: symbol=ETH/USDT, depth=20
2026-10-09T14:14:07.886+08:00 [INFO] gRPC GetRecentTrades: symbol=ETH/USDT, limit=10
2026-10-09T14:14:07.887+08:00 [INFO] gRPC GetTicker: symbol=ETH/USDT
2026-10-09T14:14:08.114+08:00 [INFO] gRPC GetOrderBook: symbol=BNB/USDT, depth=20
2026-10-09T14:14:08.114+08:00 [INFO] gRPC GetRecentTrades: symbol=BNB/USDT, limit=10
2026-10-09T14:14:08.114+08:00 [INFO] gRPC GetTicker: symbol=BNB/USDT
2026-10-09T14:14:08.540+08:00 [INFO] gRPC GetOrderBook: symbol=BTC/USDT, depth=20
2026-10-09T14:14:08.541+08:00 [INFO] gRPC GetRecentTrades: symbol=BTC/USDT, limit=10
2026-10-09T14:14:08.543+08:00 [INFO] gRPC GetTicker: symbol=BTC/USDT
2026-10-09T14:14:08.807+08:00 [INFO] gRPC GetOrderBook: symbol=ETH/USDT, depth=20
2026-10-09T14:14:08.809+08:00 [INFO] gRPC GetRecentTrades: symbol=ETH/USDT, limit=10
2026-10-09T14:14:08.809+08:00 [INFO] gRPC GetTicker: symbol=ETH/USDT
2026-10-09T14:14:09.051+08:00 [INFO] gRPC GetOrderBook: symbol=BNB/USDT, depth=20
2026-10-09T14:14:09.051+08:00 [INFO] gRPC GetRecentTrades: symbol=BNB/USDT, limit=10
2026-10-09T14:14:09.051+08:00 [INFO] gRPC GetTicker: symbol=BNB/USDT
2026-10-09T14:14:09.540+08:00 [INFO] gRPC GetOrderBook: symbol=BTC/USDT, depth=20
2026-10-09T14:14:09.541+08:00 [INFO] gRPC GetRecentTrades: symbol=BTC/USDT, limit=10
2026-10-09T14:14:09.541+08:00 [INFO] gRPC GetTicker: symbol=BTC/USDT
2026-10-09T14:14:09.784+08:00 [INFO] gRPC GetOrderBook: symbol=ETH/USDT, depth=20
2026-10-09T14:14:09.785+08:00 [INFO] gRPC GetRecentTrades: symbol=ETH/USDT, limit=10
2026-10-09T14:14:09.785+08:00 [INFO] gRPC GetTicker: symbol=ETH/USDT
2026-10-09T14:14:10.021+08:00 [INFO] gRPC GetOrderBook: symbol=BNB/USDT, depth=20
2026-10-09T14:14:10.021+08:00 [INFO] gRPC GetRecentTrades: symbol=BNB/USDT, limit=10
2026-10-09T14:14:10.022+08:00 [INFO] gRPC GetTicker: symbol=BNB/USDT
2026-10-09T14:14:10.540+08:00 [INFO] gRPC GetOrderBook: symbol=ETH/USDT, depth=20
2026-10-09T14:14:10.541+08:00 [INFO] gRPC GetRecentTrades: symbol=ETH/USDT, limit=10
2026-10-09T14:14:10.542+08:00 [INFO] gRPC GetTicker: symbol=ETH/USDT
2026-10-09T14:14:10.779+08:00 [INFO] gRPC GetOrderBook: symbol=BNB/USDT, depth=20
2026-10-09T14:14:10.779+08:00 [INFO] gRPC GetRecentTrades: symbol=BNB/USDT, limit=10
2026-10-09T14:14:10.779+08:00 [INFO] gRPC GetTicker: symbol=BNB/USDT
2026-10-09T14:14:11.005+08:00 [INFO] gRPC GetOrderBook: symbol=BTC/USDT, depth=20
2026-10-09T14:14:11.006+08:00 [INFO] gRPC GetRecentTrades: symbol=BTC/USDT, limit=10
2026-10-09T14:14:11.006+08:00 [INFO] gRPC GetTicker: symbol=BTC/USDT
2026-10-09T14:14:11.541+08:00 [INFO] gRPC GetOrderBook: symbol=BNB/USDT, depth=20
2026-10-09T14:14:11.543+08:00 [INFO] gRPC GetRecentTrades: symbol=BNB/USDT, limit=10
2026-10-09T14:14:11.544+08:00 [INFO] gRPC GetTicker: symbol=BNB/USDT
2026-10-09T14:14:11.772+08:00 [INFO] gRPC GetOrderBook: symbol=BTC/USDT, depth=20
2026-10-09T14:14:11.772+08:00 [INFO] gRPC GetRecentTrades: symbol=BTC/USDT, limit=10
2026-10-09T14:14:11.773+08:00 [INFO] gRPC GetTicker: symbol=BTC/USDT
2026-10-09T14:14:12.013+08:00 [INFO] gRPC GetOrderBook: symbol=ETH/USDT, depth=20
2026-10-09T14:14:12.013+08:00 [INFO] gRPC GetRecentTrades: symbol=ETH/USDT, limit=10
2026-10-09T14:14:12.014+08:00 [INFO] gRPC GetTicker: symbol=ETH/USDT
2026-10-09T14:14:12.539+08:00 [INFO] gRPC GetOrderBook: symbol=BTC/USDT, depth=20
2026-10-09T14:14:12.540+08:00 [INFO] gRPC GetRecentTrades: symbol=BTC/USDT, limit=10
2026-10-09T14:14:12.543+08:00 [INFO] gRPC GetTicker: symbol=BTC/USDT
2026-10-09T14:14:12.792+08:00 [INFO] gRPC GetOrderBook: symbol=ETH/USDT, depth=20
2026-10-09T14:14:12.793+08:00 [INFO] gRPC GetRecentTrades: symbol=ETH/USDT, limit=10
2026-10-09T14:14:12.794+08:00 [INFO] gRPC GetTicker: symbol=ETH/USDT
2026-10-09T14:14:13.022+08:00 [INFO] gRPC GetOrderBook: symbol=BNB/USDT, depth=20
2026-10-09T14:14:13.023+08:00 [INFO] gRPC GetRecentTrades: symbol=BNB/USDT, limit=10
2026-10-09T14:14:13.023+08:00 [INFO] gRPC GetTicker: symbol=BNB/USDT
2026-10-09T14:14:13.540+08:00 [INFO] gRPC GetOrderBook: symbol=BTC/USDT, depth=20
2026-10-09T14:14:13.542+08:00 [INFO] gRPC GetRecentTrades: symbol=BTC/USDT, limit=10
2026-10-09T14:14:13.542+08:00 [INFO] gRPC GetTicker: symbol=BTC/USDT
2026-10-09T14:14:13.772+08:00 [INFO] gRPC GetOrderBook: symbol=ETH/USDT, depth=20
2026-10-09T14:14:13.773+08:00 [INFO] gRPC GetRecentTrades: symbol=ETH/USDT, limit=10
2026-10-09T14:14:13.773+08:00 [INFO] gRPC GetTicker: symbol=ETH/USDT
2026-10-09T14:14:14.013+08:00 [INFO] gRPC GetOrderBook: symbol=BNB/USDT, depth=20
2026-10-09T14:14:14.013+08:00 [INFO] gRPC GetRecentTrades: symbol=BNB/USDT, limit=10
2026-10-09T14:14:14.013+08:00 [INFO] gRPC GetTicker: symbol=BNB/USDT
2026-10-09T14:14:14.540+08:00 [INFO] gRPC GetOrderBook: symbol=ETH/USDT, depth=20
2026-10-09T14:14:14.541+08:00 [INFO] gRPC GetRecentTrades: symbol=ETH/USDT, limit=10
2026-10-09T14:14:14.543+08:00 [INFO] gRPC GetTicker: symbol=ETH/USDT
2026-10-09T14:14:14.785+08:00 [INFO] gRPC GetOrderBook: symbol=BNB/USDT, depth=20
2026-10-09T14:14:14.786+08:00 [INFO] gRPC GetRecentTrades: symbol=BNB/USDT, limit=10
2026-10-09T14:14:14.787+08:00 [INFO] gRPC GetTicker: symbol=BNB/USDT
2026-10-09T14:14:15.502+08:00 [INFO] gRPC GetOrderBook: symbol=BTC/USDT, depth=20
2026-10-09T14:14:15.502+08:00 [INFO] gRPC GetRecentTrades: symbol=BTC/USDT, limit=10
2026-10-09T14:14:15.503+08:00 [INFO] gRPC GetTicker: symbol=BTC/USDT
2026-10-09T14:14:15.774+08:00 [INFO] gRPC GetOrderBook: symbol=BTC/USDT, depth=20
2026-10-09T14:14:15.777+08:00 [INFO] gRPC GetRecentTrades: symbol=BTC/USDT, limit=10
2026-10-09T14:14:15.778+08:00 [INFO] gRPC GetTicker: symbol=BTC/USDT
2026-10-09T14:14:16.013+08:00 [INFO] gRPC GetOrderBook: symbol=ETH/USDT, depth=20
2026-10-09T14:14:16.013+08:00 [INFO] gRPC GetRecentTrades: symbol=ETH/USDT, limit=10
2026-10-09T14:14:16.014+08:00 [INFO] gRPC GetTicker: symbol=ETH/USDT
2026-10-09T14:14:16.249+08:00 [INFO] gRPC GetOrderBook: symbol=BNB/USDT, depth=20
2026-10-09T14:14:16.250+08:00 [INFO] gRPC GetRecentTrades: symbol=BNB/USDT, limit=10
2026-10-09T14:14:16.250+08:00 [INFO] gRPC GetTicker: symbol=BNB/USDT
2026-10-09T14:14:16.589+08:00 [INFO] gRPC GetOrderBook: symbol=ETH/USDT, depth=20
2026-10-09T14:14:16.589+08:00 [INFO] gRPC GetRecentTrades: symbol=ETH/USDT, limit=10
2026-10-09T14:14:16.589+08:00 [INFO] gRPC GetTicker: symbol=ETH/USDT
2026-10-09T14:14:16.897+08:00 [INFO] gRPC GetOrderBook: symbol=BNB/USDT, depth=20
2026-10-09T14:14:16.897+08:00 [INFO] gRPC GetRecentTrades: symbol=BNB/USDT, limit=10
2026-10-09T14:14:16.897+08:00 [INFO] gRPC GetTicker: symbol=BNB/USDT
2026-10-09T14:14:17.137+08:00 [INFO] gRPC GetOrderBook: symbol=BTC/USDT, depth=20
2026-10-09T14:14:17.137+08:00 [INFO] gRPC GetRecentTrades: symbol=BTC/USDT, limit=10
2026-10-09T14:14:17.137+08:00 [INFO] gRPC GetTicker: symbol=BTC/USDT
2026-10-09T14:14:17.539+08:00 [INFO] gRPC GetOrderBook: symbol=ETH/USDT, depth=20
2026-10-09T14:14:17.540+08:00 [INFO] gRPC GetRecentTrades: symbol=ETH/USDT, limit=10
2026-10-09T14:14:17.541+08:00 [INFO] gRPC GetTicker: symbol=ETH/USDT
2026-10-09T14:14:17.786+08:00 [INFO] gRPC GetOrderBook: symbol=BNB/USDT, depth=20
2026-10-09T14:14:17.787+08:00 [INFO] gRPC GetRecentTrades: symbol=BNB/USDT, limit=10
2026-10-09T14:14:17.788+08:00 [INFO] gRPC GetTicker: symbol=BNB/USDT
2026-10-09T14:14:18.023+08:00 [INFO] gRPC GetOrderBook: symbol=BTC/USDT, depth=20
2026-10-09T14:14:18.025+08:00 [INFO] gRPC GetRecentTrades: symbol=BTC/USDT, limit=10
2026-10-09T14:14:18.026+08:00 [INFO] gRPC GetTicker: symbol=BTC/USDT
2026-10-09T14:14:18.540+08:00 [INFO] gRPC GetOrderBook: symbol=BTC/USDT, depth=20
2026-10-09T14:14:18.540+08:00 [INFO] gRPC GetRecentTrades: symbol=BTC/USDT, limit=10
2026-10-09T14:14:18.544+08:00 [INFO] gRPC GetTicker: symbol=BTC/USDT
2026-10-09T14:14:18.779+08:00 [INFO] gRPC GetOrderBook: symbol=ETH/USDT, depth=20
2026-10-09T14:14:18.779+08:00 [INFO] gRPC GetRecentTrades: symbol=ETH/USDT, limit=10
2026-10-09T14:14:18.780+08:00 [INFO] gRPC GetTicker: symbol=ETH/USDT
2026-10-09T14:14:19.018+08:00 [INFO] gRPC GetOrderBook: symbol=BNB/USDT, depth=20
2026-10-09T14:14:19.018+08:00 [INFO] gRPC GetRecentTrades: symbol=BNB/USDT, limit=10
2026-10-09T14:14:19.019+08:00 [INFO] gRPC GetTicker: symbol=BNB/USDT
2026-10-09T14:14:19.540+08:00 [INFO] gRPC GetOrderBook: symbol=BNB/USDT, depth=20
2026-10-09T14:14:19.540+08:00 [INFO] gRPC GetRecentTrades: symbol=BNB/USDT, limit=10
2026-10-09T14:14:19.541+08:00 [INFO] gRPC GetTicker: symbol=BNB/USDT
2026-10-09T14:14:19.779+08:00 [INFO] gRPC GetOrderBook: symbol=BTC/USDT, depth=20
2026-10-09T14:14:19.780+08:00 [INFO] gRPC GetRecentTrades: symbol=BTC/USDT, limit=10
2026-10-09T14:14:19.780+08:00 [INFO] gRPC GetTicker: symbol=BTC/USDT
2026-10-09T14:14:20.020+08:00 [INFO] gRPC GetOrderBook: symbol=ETH/USDT, depth=20
2026-10-09T14:14:20.020+08:00 [INFO] gRPC GetRecentTrades: symbol=ETH/USDT, limit=10
2026-10-09T14:14:20.021+08:00 [INFO] gRPC GetTicker: symbol=ETH/USDT
2026-10-09T14:14:20.540+08:00 [INFO] gRPC GetOrderBook: symbol=BTC/USDT, depth=20
2026-10-09T14:14:20.541+08:00 [INFO] gRPC GetRecentTrades: symbol=BTC/USDT, limit=10
2026-10-09T14:14:20.542+08:00 [INFO] gRPC GetTicker: symbol=BTC/USDT
2026-10-09T14:14:20.780+08:00 [INFO] gRPC GetOrderBook: symbol=ETH/USDT, depth=20
2026-10-09T14:14:20.781+08:00 [INFO] gRPC GetRecentTrades: symbol=ETH/USDT, limit=10
2026-10-09T14:14:20.781+08:00 [INFO] gRPC GetTicker: symbol=ETH/USDT
2026-10-09T14:14:21.021+08:00 [INFO] gRPC GetOrderBook: symbol=BNB/USDT, depth=20
2026-10-09T14:14:21.022+08:00 [INFO] gRPC GetRecentTrades: symbol=BNB/USDT, limit=10
2026-10-09T14:14:21.022+08:00 [INFO] gRPC GetTicker: symbol=BNB/USDT
2026-10-09T14:14:21.539+08:00 [INFO] gRPC GetOrderBook: symbol=BNB/USDT, depth=20
2026-10-09T14:14:21.540+08:00 [INFO] gRPC GetRecentTrades: symbol=BNB/USDT, limit=10
2026-10-09T14:14:21.541+08:00 [INFO] gRPC GetTicker: symbol=BNB/USDT
2026-10-09T14:14:21.792+08:00 [INFO] gRPC GetOrderBook: symbol=BTC/USDT, depth=20
2026-10-09T14:14:21.792+08:00 [INFO] gRPC GetRecentTrades: symbol=BTC/USDT, limit=10
2026-10-09T14:14:21.793+08:00 [INFO] gRPC GetTicker: symbol=BTC/USDT
2026-10-09T14:14:22.034+08:00 [INFO] gRPC GetOrderBook: symbol=ETH/USDT, depth=20
2026-10-09T14:14:22.034+08:00 [INFO] gRPC GetRecentTrades: symbol=ETH/USDT, limit=10
2026-10-09T14:14:22.034+08:00 [INFO] gRPC GetTicker: symbol=ETH/USDT
2026-10-09T14:14:22.539+08:00 [INFO] gRPC GetOrderBook: symbol=BTC/USDT, depth=20
2026-10-09T14:14:22.540+08:00 [INFO] gRPC GetRecentTrades: symbol=BTC/USDT, limit=10
2026-10-09T14:14:22.541+08:00 [INFO] gRPC GetTicker: symbol=BTC/USDT
2026-10-09T14:14:22.781+08:00 [INFO] gRPC GetOrderBook: symbol=ETH/USDT, depth=20
2026-10-09T14:14:22.782+08:00 [INFO] gRPC GetRecentTrades: symbol=ETH/USDT, limit=10
2026-10-09T14:14:22.782+08:00 [INFO] gRPC GetTicker: symbol=ETH/USDT
2026-10-09T14:14:23.041+08:00 [INFO] gRPC GetOrderBook: symbol=BNB/USDT, depth=20
2026-10-09T14:14:23.042+08:00 [INFO] gRPC GetRecentTrades: symbol=BNB/USDT, limit=10
2026-10-09T14:14:23.042+08:00 [INFO] gRPC GetTicker: symbol=BNB/USDT
2026-10-09T14:14:23.538+08:00 [INFO] gRPC GetOrderBook: symbol=BTC/USDT, depth=20
2026-10-09T14:14:23.539+08:00 [INFO] gRPC GetRecentTrades: symbol=BTC/USDT, limit=10
2026-10-09T14:14:23.539+08:00 [INFO] gRPC GetTicker: symbol=BTC/USDT
2026-10-09T14:14:23.860+08:00 [INFO] gRPC GetOrderBook: symbol=ETH/USDT, depth=20
2026-10-09T14:14:23.861+08:00 [INFO] gRPC GetRecentTrades: symbol=ETH/USDT, limit=10
2026-10-09T14:14:23.862+08:00 [INFO] gRPC GetTicker: symbol=ETH/USDT
2026-10-09T14:14:24.089+08:00 [INFO] gRPC GetOrderBook: symbol=BNB/USDT, depth=20
2026-10-09T14:14:24.090+08:00 [INFO] gRPC GetRecentTrades: symbol=BNB/USDT, limit=10
2026-10-09T14:14:24.091+08:00 [INFO] gRPC GetTicker: symbol=BNB/USDT
2026-10-09T14:14:24.539+08:00 [INFO] gRPC GetOrderBook: symbol=ETH/USDT, depth=20
2026-10-09T14:14:24.541+08:00 [INFO] gRPC GetRecentTrades: symbol=ETH/USDT, limit=10
2026-10-09T14:14:24.542+08:00 [INFO] gRPC GetTicker: symbol=ETH/USDT
2026-10-09T14:14:24.770+08:00 [INFO] gRPC GetOrderBook: symbol=BNB/USDT, depth=20
2026-10-09T14:14:24.771+08:00 [INFO] gRPC GetRecentTrades: symbol=BNB/USDT, limit=10
2026-10-09T14:14:24.771+08:00 [INFO] gRPC GetTicker: symbol=BNB/USDT
2026-10-09T14:14:25.006+08:00 [INFO] gRPC GetOrderBook: symbol=BTC/USDT, depth=20
2026-10-09T14:14:25.008+08:00 [INFO] gRPC GetRecentTrades: symbol=BTC/USDT, limit=10
2026-10-09T14:14:25.009+08:00 [INFO] gRPC GetTicker: symbol=BTC/USDT
2026-10-09T14:14:25.698+08:00 [INFO] gRPC GetOrderBook: symbol=BTC/USDT, depth=20
2026-10-09T14:14:25.698+08:00 [INFO] gRPC GetRecentTrades: symbol=BTC/USDT, limit=10
2026-10-09T14:14:25.699+08:00 [INFO] gRPC GetTicker: symbol=BTC/USDT
2026-10-09T14:14:26.403+08:00 [INFO] gRPC GetOrderBook: symbol=ETH/USDT, depth=20
2026-10-09T14:14:26.403+08:00 [INFO] gRPC GetRecentTrades: symbol=ETH/USDT, limit=10
2026-10-09T14:14:26.404+08:00 [INFO] gRPC GetTicker: symbol=ETH/USDT
2026-10-09T14:14:26.646+08:00 [INFO] gRPC GetOrderBook: symbol=BNB/USDT, depth=20
2026-10-09T14:14:26.646+08:00 [INFO] gRPC GetRecentTrades: symbol=BNB/USDT, limit=10
2026-10-09T14:14:26.646+08:00 [INFO] gRPC GetTicker: symbol=BNB/USDT
2026-10-09T14:14:26.892+08:00 [INFO] gRPC GetOrderBook: symbol=BTC/USDT, depth=20
2026-10-09T14:14:26.894+08:00 [INFO] gRPC GetRecentTrades: symbol=BTC/USDT, limit=10
2026-10-09T14:14:26.895+08:00 [INFO] gRPC GetTicker: symbol=BTC/USDT
2026-10-09T14:14:27.125+08:00 [INFO] gRPC GetOrderBook: symbol=ETH/USDT, depth=20
2026-10-09T14:14:27.126+08:00 [INFO] gRPC GetRecentTrades: symbol=ETH/USDT, limit=10
2026-10-09T14:14:27.127+08:00 [INFO] gRPC GetTicker: symbol=ETH/USDT
2026-10-09T14:14:27.361+08:00 [INFO] gRPC GetOrderBook: symbol=BNB/USDT, depth=20
2026-10-09T14:14:27.361+08:00 [INFO] gRPC GetRecentTrades: symbol=BNB/USDT, limit=10
2026-10-09T14:14:27.361+08:00 [INFO] gRPC GetTicker: symbol=BNB/USDT
2026-10-09T14:14:27.602+08:00 [INFO] gRPC GetOrderBook: symbol=ETH/USDT, depth=20
2026-10-09T14:14:27.603+08:00 [INFO] gRPC GetRecentTrades: symbol=ETH/USDT, limit=10
2026-10-09T14:14:27.604+08:00 [INFO] gRPC GetTicker: symbol=ETH/USDT
2026-10-09T14:14:27.840+08:00 [INFO] gRPC GetOrderBook: symbol=BNB/USDT, depth=20
2026-10-09T14:14:27.844+08:00 [INFO] gRPC GetRecentTrades: symbol=BNB/USDT, limit=10
2026-10-09T14:14:27.844+08:00 [INFO] gRPC GetTicker: symbol=BNB/USDT
2026-10-09T14:14:28.080+08:00 [INFO] gRPC GetOrderBook: symbol=BTC/USDT, depth=20
2026-10-09T14:14:28.080+08:00 [INFO] gRPC GetRecentTrades: symbol=BTC/USDT, limit=10
2026-10-09T14:14:28.080+08:00 [INFO] gRPC GetTicker: symbol=BTC/USDT
2026-10-09T14:14:28.539+08:00 [INFO] gRPC GetOrderBook: symbol=BNB/USDT, depth=20
2026-10-09T14:14:28.540+08:00 [INFO] gRPC GetRecentTrades: symbol=BNB/USDT, limit=10
2026-10-09T14:14:28.542+08:00 [INFO] gRPC GetTicker: symbol=BNB/USDT
2026-10-09T14:14:28.782+08:00 [INFO] gRPC GetOrderBook: symbol=BTC/USDT, depth=20
2026-10-09T14:14:28.783+08:00 [INFO] gRPC GetRecentTrades: symbol=BTC/USDT, limit=10
2026-10-09T14:14:28.783+08:00 [INFO] gRPC GetTicker: symbol=BTC/USDT
2026-10-09T14:14:29.022+08:00 [INFO] gRPC GetOrderBook: symbol=ETH/USDT, depth=20
2026-10-09T14:14:29.024+08:00 [INFO] gRPC GetRecentTrades: symbol=ETH/USDT, limit=10
2026-10-09T14:14:29.026+08:00 [INFO] gRPC GetTicker: symbol=ETH/USDT
2026-10-09T14:14:29.539+08:00 [INFO] gRPC GetOrderBook: symbol=BTC/USDT, depth=20
2026-10-09T14:14:29.543+08:00 [INFO] gRPC GetRecentTrades: symbol=BTC/USDT, limit=10
2026-10-09T14:14:29.543+08:00 [INFO] gRPC GetTicker: symbol=BTC/USDT
2026-10-09T14:14:29.783+08:00 [INFO] gRPC GetOrderBook: symbol=ETH/USDT, depth=20
2026-10-09T14:14:29.784+08:00 [INFO] gRPC GetRecentTrades: symbol=ETH/USDT, limit=10
2026-10-09T14:14:29.784+08:00 [INFO] gRPC GetTicker: symbol=ETH/USDT
2026-10-09T14:14:30.019+08:00 [INFO] gRPC GetOrderBook: symbol=BNB/USDT, depth=20
2026-10-09T14:14:30.020+08:00 [INFO] gRPC GetRecentTrades: symbol=BNB/USDT, limit=10
2026-10-09T14:14:30.020+08:00 [INFO] gRPC GetTicker: symbol=BNB/USDT
2026-10-09T14:14:30.541+08:00 [INFO] gRPC GetOrderBook: symbol=BNB/USDT, depth=20
2026-10-09T14:14:30.543+08:00 [INFO] gRPC GetRecentTrades: symbol=BNB/USDT, limit=10
2026-10-09T14:14:30.543+08:00 [INFO] gRPC GetTicker: symbol=BNB/USDT
2026-10-09T14:14:30.781+08:00 [INFO] gRPC GetOrderBook: symbol=BTC/USDT, depth=20
2026-10-09T14:14:30.781+08:00 [INFO] gRPC GetRecentTrades: symbol=BTC/USDT, limit=10
2026-10-09T14:14:30.782+08:00 [INFO] gRPC GetTicker: symbol=BTC/USDT
2026-10-09T14:14:31.021+08:00 [INFO] gRPC GetOrderBook: symbol=ETH/USDT, depth=20
2026-10-09T14:14:31.021+08:00 [INFO] gRPC GetRecentTrades: symbol=ETH/USDT, limit=10
2026-10-09T14:14:31.021+08:00 [INFO] gRPC GetTicker: symbol=ETH/USDT
2026-10-09T14:14:31.539+08:00 [INFO] gRPC GetOrderBook: symbol=BTC/USDT, depth=20
2026-10-09T14:14:31.540+08:00 [INFO] gRPC GetRecentTrades: symbol=BTC/USDT, limit=10
2026-10-09T14:14:31.541+08:00 [INFO] gRPC GetTicker: symbol=BTC/USDT
2026-10-09T14:14:31.784+08:00 [INFO] gRPC GetOrderBook: symbol=ETH/USDT, depth=20
2026-10-09T14:14:31.785+08:00 [INFO] gRPC GetRecentTrades: symbol=ETH/USDT, limit=10
2026-10-09T14:14:31.785+08:00 [INFO] gRPC GetTicker: symbol=ETH/USDT
2026-10-09T14:14:32.023+08:00 [INFO] gRPC GetOrderBook: symbol=BNB/USDT, depth=20
2026-10-09T14:14:32.025+08:00 [INFO] gRPC GetRecentTrades: symbol=BNB/USDT, limit=10
2026-10-09T14:14:32.026+08:00 [INFO] gRPC GetTicker: symbol=BNB/USDT
2026-10-09T14:14:32.539+08:00 [INFO] gRPC GetOrderBook: symbol=BTC/USDT, depth=20
2026-10-09T14:14:32.541+08:00 [INFO] gRPC GetRecentTrades: symbol=BTC/USDT, limit=10
2026-10-09T14:14:32.542+08:00 [INFO] gRPC GetTicker: symbol=BTC/USDT
2026-10-09T14:14:32.783+08:00 [INFO] gRPC GetOrderBook: symbol=ETH/USDT, depth=20
2026-10-09T14:14:32.783+08:00 [INFO] gRPC GetRecentTrades: symbol=ETH/USDT, limit=10
2026-10-09T14:14:32.784+08:00 [INFO] gRPC GetTicker: symbol=ETH/USDT
2026-10-09T14:14:33.014+08:00 [INFO] gRPC GetOrderBook: symbol=BNB/USDT, depth=20
2026-10-09T14:14:33.015+08:00 [INFO] gRPC GetRecentTrades: symbol=BNB/USDT, limit=10
2026-10-09T14:14:33.015+08:00 [INFO] gRPC GetTicker: symbol=BNB/USDT
2026-10-09T14:14:33.539+08:00 [INFO] gRPC GetOrderBook: symbol=BTC/USDT, depth=20
2026-10-09T14:14:33.540+08:00 [INFO] gRPC GetRecentTrades: symbol=BTC/USDT, limit=10
2026-10-09T14:14:33.540+08:00 [INFO] gRPC GetTicker: symbol=BTC/USDT
2026-10-09T14:14:33.769+08:00 [INFO] gRPC GetOrderBook: symbol=ETH/USDT, depth=20
2026-10-09T14:14:33.770+08:00 [INFO] gRPC GetRecentTrades: symbol=ETH/USDT, limit=10
2026-10-09T14:14:33.770+08:00 [INFO] gRPC GetTicker: symbol=ETH/USDT
2026-10-09T14:14:34.462+08:00 [INFO] gRPC GetOrderBook: symbol=BNB/USDT, depth=20
2026-10-09T14:14:34.463+08:00 [INFO] gRPC GetRecentTrades: symbol=BNB/USDT, limit=10
2026-10-09T14:14:34.464+08:00 [INFO] gRPC GetTicker: symbol=BNB/USDT
2026-10-09T14:14:34.706+08:00 [INFO] gRPC GetOrderBook: symbol=BTC/USDT, depth=20
2026-10-09T14:14:34.708+08:00 [INFO] gRPC GetRecentTrades: symbol=BTC/USDT, limit=10
2026-10-09T14:14:34.709+08:00 [INFO] gRPC GetTicker: symbol=BTC/USDT
2026-10-09T14:14:34.951+08:00 [INFO] gRPC GetOrderBook: symbol=ETH/USDT, depth=20
2026-10-09T14:14:34.952+08:00 [INFO] gRPC GetRecentTrades: symbol=ETH/USDT, limit=10
2026-10-09T14:14:34.953+08:00 [INFO] gRPC GetTicker: symbol=ETH/USDT
2026-10-09T14:14:35.184+08:00 [INFO] gRPC GetOrderBook: symbol=BNB/USDT, depth=20
2026-10-09T14:14:35.185+08:00 [INFO] gRPC GetRecentTrades: symbol=BNB/USDT, limit=10
2026-10-09T14:14:35.185+08:00 [INFO] gRPC GetTicker: symbol=BNB/USDT
2026-10-09T14:14:35.539+08:00 [INFO] gRPC GetOrderBook: symbol=ETH/USDT, depth=20
2026-10-09T14:14:35.541+08:00 [INFO] gRPC GetRecentTrades: symbol=ETH/USDT, limit=10
2026-10-09T14:14:35.541+08:00 [INFO] gRPC GetTicker: symbol=ETH/USDT
2026-10-09T14:14:35.771+08:00 [INFO] gRPC GetOrderBook: symbol=BNB/USDT, depth=20
2026-10-09T14:14:35.772+08:00 [INFO] gRPC GetRecentTrades: symbol=BNB/USDT, limit=10
2026-10-09T14:14:35.772+08:00 [INFO] gRPC GetTicker: symbol=BNB/USDT
2026-10-09T14:14:36.009+08:00 [INFO] gRPC GetOrderBook: symbol=BTC/USDT, depth=20
2026-10-09T14:14:36.009+08:00 [INFO] gRPC GetRecentTrades: symbol=BTC/USDT, limit=10
2026-10-09T14:14:36.010+08:00 [INFO] gRPC GetTicker: symbol=BTC/USDT
2026-10-09T14:14:36.541+08:00 [INFO] gRPC GetOrderBook: symbol=BTC/USDT, depth=20
2026-10-09T14:14:36.542+08:00 [INFO] gRPC GetRecentTrades: symbol=BTC/USDT, limit=10
2026-10-09T14:14:36.543+08:00 [INFO] gRPC GetTicker: symbol=BTC/USDT
2026-10-09T14:14:36.788+08:00 [INFO] gRPC GetOrderBook: symbol=ETH/USDT, depth=20
2026-10-09T14:14:36.789+08:00 [INFO] gRPC GetRecentTrades: symbol=ETH/USDT, limit=10
2026-10-09T14:14:36.790+08:00 [INFO] gRPC GetTicker: symbol=ETH/USDT
2026-10-09T14:14:37.030+08:00 [INFO] gRPC GetOrderBook: symbol=BNB/USDT, depth=20
2026-10-09T14:14:37.030+08:00 [INFO] gRPC GetRecentTrades: symbol=BNB/USDT, limit=10
2026-10-09T14:14:37.031+08:00 [INFO] gRPC GetTicker: symbol=BNB/USDT
2026-10-09T14:14:37.539+08:00 [INFO] gRPC GetOrderBook: symbol=BTC/USDT, depth=20
2026-10-09T14:14:37.541+08:00 [INFO] gRPC GetRecentTrades: symbol=BTC/USDT, limit=10
2026-10-09T14:14:37.541+08:00 [INFO] gRPC GetTicker: symbol=BTC/USDT
2026-10-09T14:14:37.775+08:00 [INFO] gRPC GetOrderBook: symbol=ETH/USDT, depth=20
2026-10-09T14:14:37.776+08:00 [INFO] gRPC GetRecentTrades: symbol=ETH/USDT, limit=10
2026-10-09T14:14:37.776+08:00 [INFO] gRPC GetTicker: symbol=ETH/USDT
2026-10-09T14:14:38.092+08:00 [INFO] gRPC GetOrderBook: symbol=BNB/USDT, depth=20
2026-10-09T14:14:38.093+08:00 [INFO] gRPC GetRecentTrades: symbol=BNB/USDT, limit=10
2026-10-09T14:14:38.093+08:00 [INFO] gRPC GetTicker: symbol=BNB/USDT
2026-10-09T14:14:38.539+08:00 [INFO] gRPC GetOrderBook: symbol=ETH/USDT, depth=20
2026-10-09T14:14:38.540+08:00 [INFO] gRPC GetRecentTrades: symbol=ETH/USDT, limit=10
2026-10-09T14:14:38.541+08:00 [INFO] gRPC GetTicker: symbol=ETH/USDT
2026-10-09T14:14:38.810+08:00 [INFO] gRPC GetOrderBook: symbol=BNB/USDT, depth=20
2026-10-09T14:14:38.810+08:00 [INFO] gRPC GetRecentTrades: symbol=BNB/USDT, limit=10
2026-10-09T14:14:38.810+08:00 [INFO] gRPC GetTicker: symbol=BNB/USDT
2026-10-09T14:14:39.116+08:00 [INFO] gRPC GetOrderBook: symbol=BTC/USDT, depth=20
2026-10-09T14:14:39.116+08:00 [INFO] gRPC GetRecentTrades: symbol=BTC/USDT, limit=10
2026-10-09T14:14:39.116+08:00 [INFO] gRPC GetTicker: symbol=BTC/USDT
2026-10-09T14:14:39.539+08:00 [INFO] gRPC GetOrderBook: symbol=BTC/USDT, depth=20
2026-10-09T14:14:39.539+08:00 [INFO] gRPC GetRecentTrades: symbol=BTC/USDT, limit=10
2026-10-09T14:14:39.540+08:00 [INFO] gRPC GetTicker: symbol=BTC/USDT
2026-10-09T14:14:39.777+08:00 [INFO] gRPC GetOrderBook: symbol=ETH/USDT, depth=20
2026-10-09T14:14:39.777+08:00 [INFO] gRPC GetRecentTrades: symbol=ETH/USDT, limit=10
2026-10-09T14:14:39.778+08:00 [INFO] gRPC GetTicker: symbol=ETH/USDT
2026-10-09T14:14:40.014+08:00 [INFO] gRPC GetOrderBook: symbol=BNB/USDT, depth=20
2026-10-09T14:14:40.015+08:00 [INFO] gRPC GetRecentTrades: symbol=BNB/USDT, limit=10
2026-10-09T14:14:40.015+08:00 [INFO] gRPC GetTicker: symbol=BNB/USDT
2026-10-09T14:14:41.267+08:00 [INFO] gRPC GetOrderBook: symbol=BTC/USDT, depth=20
2026-10-09T14:14:41.268+08:00 [INFO] gRPC GetRecentTrades: symbol=BTC/USDT, limit=10
2026-10-09T14:14:41.268+08:00 [INFO] gRPC GetTicker: symbol=BTC/USDT
2026-10-09T14:14:41.508+08:00 [INFO] gRPC GetOrderBook: symbol=ETH/USDT, depth=20
2026-10-09T14:14:41.509+08:00 [INFO] gRPC GetRecentTrades: symbol=ETH/USDT, limit=10
2026-10-09T14:14:41.510+08:00 [INFO] gRPC GetTicker: symbol=ETH/USDT
2026-10-09T14:14:41.748+08:00 [INFO] gRPC GetOrderBook: symbol=BNB/USDT, depth=20
2026-10-09T14:14:41.748+08:00 [INFO] gRPC GetRecentTrades: symbol=BNB/USDT, limit=10
2026-10-09T14:14:41.748+08:00 [INFO] gRPC GetTicker: symbol=BNB/USDT
2026-10-09T14:14:41.983+08:00 [INFO] gRPC GetOrderBook: symbol=BTC/USDT, depth=20
2026-10-09T14:14:41.983+08:00 [INFO] gRPC GetRecentTrades: symbol=BTC/USDT, limit=10
2026-10-09T14:14:41.984+08:00 [INFO] gRPC GetTicker: symbol=BTC/USDT
2026-10-09T14:14:42.233+08:00 [INFO] gRPC GetOrderBook: symbol=ETH/USDT, depth=20
2026-10-09T14:14:42.233+08:00 [INFO] gRPC GetRecentTrades: symbol=ETH/USDT, limit=10
2026-10-09T14:14:42.233+08:00 [INFO] gRPC GetTicker: symbol=ETH/USDT
2026-10-09T14:14:42.496+08:00 [INFO] gRPC GetOrderBook: symbol=BNB/USDT, depth=20
2026-10-09T14:14:42.496+08:00 [INFO] gRPC GetRecentTrades: symbol=BNB/USDT, limit=10
2026-10-09T14:14:42.496+08:00 [INFO] gRPC GetTicker: symbol=BNB/USDT
2026-10-09T14:14:42.729+08:00 [INFO] gRPC GetOrderBook: symbol=ETH/USDT, depth=20
2026-10-09T14:14:42.729+08:00 [INFO] gRPC GetRecentTrades: symbol=ETH/USDT, limit=10
2026-10-09T14:14:42.730+08:00 [INFO] gRPC GetTicker: symbol=ETH/USDT
2026-10-09T14:14:43.008+08:00 [INFO] gRPC GetOrderBook: symbol=BNB/USDT, depth=20
2026-10-09T14:14:43.008+08:00 [INFO] gRPC GetRecentTrades: symbol=BNB/USDT, limit=10
2026-10-09T14:14:43.009+08:00 [INFO] gRPC GetTicker: symbol=BNB/USDT
2026-10-09T14:14:43.239+08:00 [INFO] gRPC GetOrderBook: symbol=BTC/USDT, depth=20
2026-10-09T14:14:43.243+08:00 [INFO] gRPC GetRecentTrades: symbol=BTC/USDT, limit=10
2026-10-09T14:14:43.243+08:00 [INFO] gRPC GetTicker: symbol=BTC/USDT
2026-10-09T14:14:43.539+08:00 [INFO] gRPC GetOrderBook: symbol=BTC/USDT, depth=20
2026-10-09T14:14:43.540+08:00 [INFO] gRPC GetRecentTrades: symbol=BTC/USDT, limit=10
2026-10-09T14:14:43.543+08:00 [INFO] gRPC GetTicker: symbol=BTC/USDT
2026-10-09T14:14:43.784+08:00 [INFO] gRPC GetOrderBook: symbol=ETH/USDT, depth=20
2026-10-09T14:14:43.785+08:00 [INFO] gRPC GetRecentTrades: symbol=ETH/USDT, limit=10
2026-10-09T14:14:43.785+08:00 [INFO] gRPC GetTicker: symbol=ETH/USDT
2026-10-09T14:14:44.017+08:00 [INFO] gRPC GetOrderBook: symbol=BNB/USDT, depth=20
2026-10-09T14:14:44.018+08:00 [INFO] gRPC GetRecentTrades: symbol=BNB/USDT, limit=10
2026-10-09T14:14:44.019+08:00 [INFO] gRPC GetTicker: symbol=BNB/USDT
2026-10-09T14:14:44.539+08:00 [INFO] gRPC GetOrderBook: symbol=BTC/USDT, depth=20
2026-10-09T14:14:44.540+08:00 [INFO] gRPC GetRecentTrades: symbol=BTC/USDT, limit=10
2026-10-09T14:14:44.541+08:00 [INFO] gRPC GetTicker: symbol=BTC/USDT
2026-10-09T14:14:44.770+08:00 [INFO] gRPC GetOrderBook: symbol=ETH/USDT, depth=20
2026-10-09T14:14:44.770+08:00 [INFO] gRPC GetRecentTrades: symbol=ETH/USDT, limit=10
2026-10-09T14:14:44.771+08:00 [INFO] gRPC GetTicker: symbol=ETH/USDT
2026-10-09T14:14:45.011+08:00 [INFO] gRPC GetOrderBook: symbol=BNB/USDT, depth=20
2026-10-09T14:14:45.012+08:00 [INFO] gRPC GetRecentTrades: symbol=BNB/USDT, limit=10
2026-10-09T14:14:45.012+08:00 [INFO] gRPC GetTicker: symbol=BNB/USDT
2026-10-09T14:14:45.538+08:00 [INFO] gRPC GetOrderBook: symbol=BTC/USDT, depth=20
2026-10-09T14:14:45.538+08:00 [INFO] gRPC GetRecentTrades: symbol=BTC/USDT, limit=10
2026-10-09T14:14:45.539+08:00 [INFO] gRPC GetTicker: symbol=BTC/USDT
2026-10-09T14:14:45.841+08:00 [INFO] gRPC GetOrderBook: symbol=ETH/USDT, depth=20
2026-10-09T14:14:45.843+08:00 [INFO] gRPC GetRecentTrades: symbol=ETH/USDT, limit=10
2026-10-09T14:14:45.843+08:00 [INFO] gRPC GetTicker: symbol=ETH/USDT
2026-10-09T14:14:46.074+08:00 [INFO] gRPC GetOrderBook: symbol=BNB/USDT, depth=20
2026-10-09T14:14:46.075+08:00 [INFO] gRPC GetRecentTrades: symbol=BNB/USDT, limit=10
2026-10-09T14:14:46.075+08:00 [INFO] gRPC GetTicker: symbol=BNB/USDT
2026-10-09T14:14:46.539+08:00 [INFO] gRPC GetOrderBook: symbol=BNB/USDT, depth=20
2026-10-09T14:14:46.539+08:00 [INFO] gRPC GetRecentTrades: symbol=BNB/USDT, limit=10
2026-10-09T14:14:46.540+08:00 [INFO] gRPC GetTicker: symbol=BNB/USDT
2026-10-09T14:14:46.770+08:00 [INFO] gRPC GetOrderBook: symbol=BTC/USDT, depth=20
2026-10-09T14:14:46.771+08:00 [INFO] gRPC GetRecentTrades: symbol=BTC/USDT, limit=10
2026-10-09T14:14:46.771+08:00 [INFO] gRPC GetTicker: symbol=BTC/USDT
2026-10-09T14:14:47.000+08:00 [INFO] gRPC GetOrderBook: symbol=ETH/USDT, depth=20
2026-10-09T14:14:47.001+08:00 [INFO] gRPC GetRecentTrades: symbol=ETH/USDT, limit=10
2026-10-09T14:14:47.001+08:00 [INFO] gRPC GetTicker: symbol=ETH/USDT
2026-10-09T14:14:47.539+08:00 [INFO] gRPC GetOrderBook: symbol=BNB/USDT, depth=20
2026-10-09T14:14:47.540+08:00 [INFO] gRPC GetRecentTrades: symbol=BNB/USDT, limit=10
2026-10-09T14:14:47.540+08:00 [INFO] gRPC GetTicker: symbol=BNB/USDT
2026-10-09T14:14:47.772+08:00 [INFO] gRPC GetOrderBook: symbol=BTC/USDT, depth=20
2026-10-09T14:14:47.773+08:00 [INFO] gRPC GetRecentTrades: symbol=BTC/USDT, limit=10
2026-10-09T14:14:47.774+08:00 [INFO] gRPC GetTicker: symbol=BTC/USDT
2026-10-09T14:14:48.021+08:00 [INFO] gRPC GetOrderBook: symbol=ETH/USDT, depth=20
2026-10-09T14:14:48.022+08:00 [INFO] gRPC GetRecentTrades: symbol=ETH/USDT, limit=10
2026-10-09T14:14:48.022+08:00 [INFO] gRPC GetTicker: symbol=ETH/USDT
2026-10-09T14:14:48.539+08:00 [INFO] gRPC GetOrderBook: symbol=BTC/USDT, depth=20
2026-10-09T14:14:48.540+08:00 [INFO] gRPC GetRecentTrades: symbol=BTC/USDT, limit=10
2026-10-09T14:14:48.541+08:00 [INFO] gRPC GetTicker: symbol=BTC/USDT
2026-10-09T14:14:48.781+08:00 [INFO] gRPC GetOrderBook: symbol=ETH/USDT, depth=20
2026-10-09T14:14:48.781+08:00 [INFO] gRPC GetRecentTrades: symbol=ETH/USDT, limit=10
2026-10-09T14:14:48.782+08:00 [INFO] gRPC GetTicker: symbol=ETH/USDT
2026-10-09T14:14:49.024+08:00 [INFO] gRPC GetOrderBook: symbol=BNB/USDT, depth=20
2026-10-09T14:14:49.024+08:00 [INFO] gRPC GetRecentTrades: symbol=BNB/USDT, limit=10
2026-10-09T14:14:49.025+08:00 [INFO] gRPC GetTicker: symbol=BNB/USDT
2026-10-09T14:14:49.538+08:00 [INFO] gRPC GetOrderBook: symbol=BNB/USDT, depth=20
2026-10-09T14:14:49.538+08:00 [INFO] gRPC GetRecentTrades: symbol=BNB/USDT, limit=10
2026-10-09T14:14:49.538+08:00 [INFO] gRPC GetTicker: symbol=BNB/USDT
2026-10-09T14:14:49.778+08:00 [INFO] gRPC GetOrderBook: symbol=BTC/USDT, depth=20
2026-10-09T14:14:49.778+08:00 [INFO] gRPC GetRecentTrades: symbol=BTC/USDT, limit=10
2026-10-09T14:14:49.778+08:00 [INFO] gRPC GetTicker: symbol=BTC/USDT
2026-10-09T14:14:50.020+08:00 [INFO] gRPC GetOrderBook: symbol=ETH/USDT, depth=20
2026-10-09T14:14:50.021+08:00 [INFO] gRPC GetRecentTrades: symbol=ETH/USDT, limit=10
2026-10-09T14:14:50.021+08:00 [INFO] gRPC GetTicker: symbol=ETH/USDT
2026-10-09T14:14:50.538+08:00 [INFO] gRPC GetOrderBook: symbol=BTC/USDT, depth=20
2026-10-09T14:14:50.539+08:00 [INFO] gRPC GetRecentTrades: symbol=BTC/USDT, limit=10
2026-10-09T14:14:50.539+08:00 [INFO] gRPC GetTicker: symbol=BTC/USDT
2026-10-09T14:14:50.782+08:00 [INFO] gRPC GetOrderBook: symbol=ETH/USDT, depth=20
2026-10-09T14:14:50.782+08:00 [INFO] gRPC GetRecentTrades: symbol=ETH/USDT, limit=10
2026-10-09T14:14:50.783+08:00 [INFO] gRPC GetTicker: symbol=ETH/USDT
2026-10-09T14:14:51.097+08:00 [INFO] gRPC GetOrderBook: symbol=BNB/USDT, depth=20
2026-10-09T14:14:51.098+08:00 [INFO] gRPC GetRecentTrades: symbol=BNB/USDT, limit=10
2026-10-09T14:14:51.098+08:00 [INFO] gRPC GetTicker: symbol=BNB/USDT
2026-10-09T14:14:51.539+08:00 [INFO] gRPC GetOrderBook: symbol=BNB/USDT, depth=20
2026-10-09T14:14:51.539+08:00 [INFO] gRPC GetRecentTrades: symbol=BNB/USDT, limit=10
2026-10-09T14:14:51.540+08:00 [INFO] gRPC GetTicker: symbol=BNB/USDT
2026-10-09T14:14:51.779+08:00 [INFO] gRPC GetOrderBook: symbol=BTC/USDT, depth=20
2026-10-09T14:14:51.780+08:00 [INFO] gRPC GetRecentTrades: symbol=BTC/USDT, limit=10
2026-10-09T14:14:51.780+08:00 [INFO] gRPC GetTicker: symbol=BTC/USDT
2026-10-09T14:14:52.121+08:00 [INFO] gRPC GetOrderBook: symbol=ETH/USDT, depth=20
2026-10-09T14:14:52.122+08:00 [INFO] gRPC GetRecentTrades: symbol=ETH/USDT, limit=10
2026-10-09T14:14:52.122+08:00 [INFO] gRPC GetTicker: symbol=ETH/USDT
2026-10-09T14:14:52.538+08:00 [INFO] gRPC GetOrderBook: symbol=BTC/USDT, depth=20
2026-10-09T14:14:52.539+08:00 [INFO] gRPC GetRecentTrades: symbol=BTC/USDT, limit=10
2026-10-09T14:14:52.539+08:00 [INFO] gRPC GetTicker: symbol=BTC/USDT
2026-10-09T14:14:52.769+08:00 [INFO] gRPC GetOrderBook: symbol=ETH/USDT, depth=20
2026-10-09T14:14:52.770+08:00 [INFO] gRPC GetRecentTrades: symbol=ETH/USDT, limit=10
2026-10-09T14:14:52.770+08:00 [INFO] gRPC GetTicker: symbol=ETH/USDT
2026-10-09T14:14:53.009+08:00 [INFO] gRPC GetOrderBook: symbol=BNB/USDT, depth=20
2026-10-09T14:14:53.010+08:00 [INFO] gRPC GetRecentTrades: symbol=BNB/USDT, limit=10
2026-10-09T14:14:53.013+08:00 [INFO] gRPC GetTicker: symbol=BNB/USDT
2026-10-09T14:14:53.539+08:00 [INFO] gRPC GetOrderBook: symbol=BTC/USDT, depth=20
2026-10-09T14:14:53.540+08:00 [INFO] gRPC GetRecentTrades: symbol=BTC/USDT, limit=10
2026-10-09T14:14:53.540+08:00 [INFO] gRPC GetTicker: symbol=BTC/USDT
2026-10-09T14:14:53.780+08:00 [INFO] gRPC GetOrderBook: symbol=ETH/USDT, depth=20
2026-10-09T14:14:53.781+08:00 [INFO] gRPC GetRecentTrades: symbol=ETH/USDT, limit=10
2026-10-09T14:14:53.782+08:00 [INFO] gRPC GetTicker: symbol=ETH/USDT
2026-10-09T14:14:54.066+08:00 [INFO] gRPC GetOrderBook: symbol=BNB/USDT, depth=20
2026-10-09T14:14:54.066+08:00 [INFO] gRPC GetRecentTrades: symbol=BNB/USDT, limit=10
2026-10-09T14:14:54.067+08:00 [INFO] gRPC GetTicker: symbol=BNB/USDT
2026-10-09T14:14:54.539+08:00 [INFO] gRPC GetOrderBook: symbol=BTC/USDT, depth=20
2026-10-09T14:14:54.539+08:00 [INFO] gRPC GetRecentTrades: symbol=BTC/USDT, limit=10
2026-10-09T14:14:54.542+08:00 [INFO] gRPC GetTicker: symbol=BTC/USDT
2026-10-09T14:14:54.777+08:00 [INFO] gRPC GetOrderBook: symbol=ETH/USDT, depth=20
2026-10-09T14:14:54.777+08:00 [INFO] gRPC GetRecentTrades: symbol=ETH/USDT, limit=10
2026-10-09T14:14:54.777+08:00 [INFO] gRPC GetTicker: symbol=ETH/USDT
2026-10-09T14:14:55.012+08:00 [INFO] gRPC GetOrderBook: symbol=BNB/USDT, depth=20
2026-10-09T14:14:55.012+08:00 [INFO] gRPC GetRecentTrades: symbol=BNB/USDT, limit=10
2026-10-09T14:14:55.013+08:00 [INFO] gRPC GetTicker: symbol=BNB/USDT
2026-10-09T14:14:55.538+08:00 [INFO] gRPC GetOrderBook: symbol=BNB/USDT, depth=20
2026-10-09T14:14:55.539+08:00 [INFO] gRPC GetRecentTrades: symbol=BNB/USDT, limit=10
2026-10-09T14:14:55.540+08:00 [INFO] gRPC GetTicker: symbol=BNB/USDT
2026-10-09T14:14:55.807+08:00 [INFO] gRPC GetOrderBook: symbol=BTC/USDT, depth=20
2026-10-09T14:14:55.807+08:00 [INFO] gRPC GetRecentTrades: symbol=BTC/USDT, limit=10
2026-10-09T14:14:55.808+08:00 [INFO] gRPC GetTicker: symbol=BTC/USDT
2026-10-09T14:14:56.048+08:00 [INFO] gRPC GetOrderBook: symbol=ETH/USDT, depth=20
2026-10-09T14:14:56.048+08:00 [INFO] gRPC GetRecentTrades: symbol=ETH/USDT, limit=10
2026-10-09T14:14:56.048+08:00 [INFO] gRPC GetTicker: symbol=ETH/USDT
2026-10-09T14:14:56.539+08:00 [INFO] gRPC GetOrderBook: symbol=ETH/USDT, depth=20
2026-10-09T14:14:56.539+08:00 [INFO] gRPC GetRecentTrades: symbol=ETH/USDT, limit=10
2026-10-09T14:14:56.539+08:00 [INFO] gRPC GetTicker: symbol=ETH/USDT
2026-10-09T14:14:56.780+08:00 [INFO] gRPC GetOrderBook: symbol=BNB/USDT, depth=20
2026-10-09T14:14:56.780+08:00 [INFO] gRPC GetRecentTrades: symbol=BNB/USDT, limit=10
2026-10-09T14:14:56.781+08:00 [INFO] gRPC GetTicker: symbol=BNB/USDT
2026-10-09T14:14:57.020+08:00 [INFO] gRPC GetOrderBook: symbol=BTC/USDT, depth=20
2026-10-09T14:14:57.021+08:00 [INFO] gRPC GetRecentTrades: symbol=BTC/USDT, limit=10
2026-10-09T14:14:57.021+08:00 [INFO] gRPC GetTicker: symbol=BTC/USDT
2026-10-09T14:14:57.538+08:00 [INFO] gRPC GetOrderBook: symbol=BTC/USDT, depth=20
2026-10-09T14:14:57.539+08:00 [INFO] gRPC GetRecentTrades: symbol=BTC/USDT, limit=10
2026-10-09T14:14:57.540+08:00 [INFO] gRPC GetTicker: symbol=BTC/USDT
2026-10-09T14:14:57.779+08:00 [INFO] gRPC GetOrderBook: symbol=ETH/USDT, depth=20
2026-10-09T14:14:57.779+08:00 [INFO] gRPC GetRecentTrades: symbol=ETH/USDT, limit=10
2026-10-09T14:14:57.780+08:00 [INFO] gRPC GetTicker: symbol=ETH/USDT
2026-10-09T14:14:58.007+08:00 [INFO] gRPC GetOrderBook: symbol=BNB/USDT, depth=20
2026-10-09T14:14:58.008+08:00 [INFO] gRPC GetRecentTrades: symbol=BNB/USDT, limit=10
2026-10-09T14:14:58.008+08:00 [INFO] gRPC GetTicker: symbol=BNB/USDT
2026-10-09T14:14:58.538+08:00 [INFO] gRPC GetOrderBook: symbol=ETH/USDT, depth=20
2026-10-09T14:14:58.539+08:00 [INFO] gRPC GetRecentTrades: symbol=ETH/USDT, limit=10
2026-10-09T14:14:58.540+08:00 [INFO] gRPC GetTicker: symbol=ETH/USDT
2026-10-09T14:14:58.769+08:00 [INFO] gRPC GetOrderBook: symbol=BNB/USDT, depth=20
2026-10-09T14:14:58.769+08:00 [INFO] gRPC GetRecentTrades: symbol=BNB/USDT, limit=10
2026-10-09T14:14:58.769+08:00 [INFO] gRPC GetTicker: symbol=BNB/USDT
2026-10-09T14:14:59.012+08:00 [INFO] gRPC GetOrderBook: symbol=BTC/USDT, depth=20
2026-10-09T14:14:59.013+08:00 [INFO] gRPC GetRecentTrades: symbol=BTC/USDT, limit=10
2026-10-09T14:14:59.013+08:00 [INFO] gRPC GetTicker: symbol=BTC/USDT
2026-10-09T14:14:59.538+08:00 [INFO] gRPC GetOrderBook: symbol=BTC/USDT, depth=20
2026-10-09T14:14:59.539+08:00 [INFO] gRPC GetRecentTrades: symbol=BTC/USDT, limit=10
2026-10-09T14:14:59.540+08:00 [INFO] gRPC GetTicker: symbol=BTC/USDT
2026-10-09T14:14:59.802+08:00 [INFO] gRPC GetOrderBook: symbol=ETH/USDT, depth=20
2026-10-09T14:14:59.802+08:00 [INFO] gRPC GetRecentTrades: symbol=ETH/USDT, limit=10
2026-10-09T14:14:59.802+08:00 [INFO] gRPC GetTicker: symbol=ETH/USDT
2026-10-09T14:15:00.040+08:00 [INFO] gRPC GetOrderBook: symbol=BNB/USDT, depth=20
2026-10-09T14:15:00.041+08:00 [INFO] gRPC GetRecentTrades: symbol=BNB/USDT, limit=10
2026-10-09T14:15:00.041+08:00 [INFO] gRPC GetTicker: symbol=BNB/USDT
2026-10-09T14:15:00.538+08:00 [INFO] gRPC GetOrderBook: symbol=ETH/USDT, depth=20
2026-10-09T14:15:00.540+08:00 [INFO] gRPC GetRecentTrades: symbol=ETH/USDT, limit=10
2026-10-09T14:15:00.541+08:00 [INFO] gRPC GetTicker: symbol=ETH/USDT
2026-10-09T14:15:00.781+08:00 [INFO] gRPC GetOrderBook: symbol=BNB/USDT, depth=20
2026-10-09T14:15:00.782+08:00 [INFO] gRPC GetRecentTrades: symbol=BNB/USDT, limit=10
2026-10-09T14:15:00.782+08:00 [INFO] gRPC GetTicker: symbol=BNB/USDT
2026-10-09T14:15:01.023+08:00 [INFO] gRPC GetOrderBook: symbol=BTC/USDT, depth=20
2026-10-09T14:15:01.024+08:00 [INFO] gRPC GetRecentTrades: symbol=BTC/USDT, limit=10
2026-10-09T14:15:01.025+08:00 [INFO] gRPC GetTicker: symbol=BTC/USDT
2026-10-09T14:15:01.538+08:00 [INFO] gRPC GetOrderBook: symbol=ETH/USDT, depth=20
2026-10-09T14:15:01.539+08:00 [INFO] gRPC GetRecentTrades: symbol=ETH/USDT, limit=10
2026-10-09T14:15:01.539+08:00 [INFO] gRPC GetTicker: symbol=ETH/USDT
2026-10-09T14:15:01.780+08:00 [INFO] gRPC GetOrderBook: symbol=BNB/USDT, depth=20
2026-10-09T14:15:01.781+08:00 [INFO] gRPC GetRecentTrades: symbol=BNB/USDT, limit=10
2026-10-09T14:15:01.781+08:00 [INFO] gRPC GetTicker: symbol=BNB/USDT
2026-10-09T14:15:02.011+08:00 [INFO] gRPC GetOrderBook: symbol=BTC/USDT, depth=20
2026-10-09T14:15:02.011+08:00 [INFO] gRPC GetRecentTrades: symbol=BTC/USDT, limit=10
2026-10-09T14:15:02.011+08:00 [INFO] gRPC GetTicker: symbol=BTC/USDT
2026-10-09T14:15:02.539+08:00 [INFO] gRPC GetOrderBook: symbol=BNB/USDT, depth=20
2026-10-09T14:15:02.539+08:00 [INFO] gRPC GetRecentTrades: symbol=BNB/USDT, limit=10
2026-10-09T14:15:02.540+08:00 [INFO] gRPC GetTicker: symbol=BNB/USDT
2026-10-09T14:15:02.780+08:00 [INFO] gRPC GetOrderBook: symbol=BTC/USDT, depth=20
2026-10-09T14:15:02.781+08:00 [INFO] gRPC GetRecentTrades: symbol=BTC/USDT, limit=10
2026-10-09T14:15:02.781+08:00 [INFO] gRPC GetTicker: symbol=BTC/USDT
2026-10-09T14:15:03.021+08:00 [INFO] gRPC GetOrderBook: symbol=ETH/USDT, depth=20
2026-10-09T14:15:03.022+08:00 [INFO] gRPC GetRecentTrades: symbol=ETH/USDT, limit=10
2026-10-09T14:15:03.023+08:00 [INFO] gRPC GetTicker: symbol=ETH/USDT
2026-10-09T14:15:03.538+08:00 [INFO] gRPC GetOrderBook: symbol=BTC/USDT, depth=20
2026-10-09T14:15:03.538+08:00 [INFO] gRPC GetRecentTrades: symbol=BTC/USDT, limit=10
2026-10-09T14:15:03.539+08:00 [INFO] gRPC GetTicker: symbol=BTC/USDT
2026-10-09T14:15:03.784+08:00 [INFO] gRPC GetOrderBook: symbol=ETH/USDT, depth=20
2026-10-09T14:15:03.785+08:00 [INFO] gRPC GetRecentTrades: symbol=ETH/USDT, limit=10
2026-10-09T14:15:03.785+08:00 [INFO] gRPC GetTicker: symbol=ETH/USDT
2026-10-09T14:15:04.021+08:00 [INFO] gRPC GetOrderBook: symbol=BNB/USDT, depth=20
2026-10-09T14:15:04.021+08:00 [INFO] gRPC GetRecentTrades: symbol=BNB/USDT, limit=10
2026-10-09T14:15:04.022+08:00 [INFO] gRPC GetTicker: symbol=BNB/USDT
2026-10-09T14:15:04.538+08:00 [INFO] gRPC GetOrderBook: symbol=BTC/USDT, depth=20
2026-10-09T14:15:04.539+08:00 [INFO] gRPC GetRecentTrades: symbol=BTC/USDT, limit=10
2026-10-09T14:15:04.539+08:00 [INFO] gRPC GetTicker: symbol=BTC/USDT
2026-10-09T14:15:04.769+08:00 [INFO] gRPC GetOrderBook: symbol=ETH/USDT, depth=20
2026-10-09T14:15:04.769+08:00 [INFO] gRPC GetRecentTrades: symbol=ETH/USDT, limit=10
2026-10-09T14:15:04.770+08:00 [INFO] gRPC GetTicker: symbol=ETH/USDT
2026-10-09T14:15:05.011+08:00 [INFO] gRPC GetOrderBook: symbol=BNB/USDT, depth=20
2026-10-09T14:15:05.012+08:00 [INFO] gRPC GetRecentTrades: symbol=BNB/USDT, limit=10
2026-10-09T14:15:05.012+08:00 [INFO] gRPC GetTicker: symbol=BNB/USDT
2026-10-09T14:15:05.538+08:00 [INFO] gRPC GetOrderBook: symbol=BTC/USDT, depth=20
2026-10-09T14:15:05.539+08:00 [INFO] gRPC GetRecentTrades: symbol=BTC/USDT, limit=10
2026-10-09T14:15:05.539+08:00 [INFO] gRPC GetTicker: symbol=BTC/USDT
2026-10-09T14:15:05.783+08:00 [INFO] gRPC GetOrderBook: symbol=ETH/USDT, depth=20
2026-10-09T14:15:05.783+08:00 [INFO] gRPC GetRecentTrades: symbol=ETH/USDT, limit=10
2026-10-09T14:15:05.783+08:00 [INFO] gRPC GetTicker: symbol=ETH/USDT
2026-10-09T14:15:06.010+08:00 [INFO] gRPC GetOrderBook: symbol=BNB/USDT, depth=20
2026-10-09T14:15:06.011+08:00 [INFO] gRPC GetRecentTrades: symbol=BNB/USDT, limit=10
2026-10-09T14:15:06.011+08:00 [INFO] gRPC GetTicker: symbol=BNB/USDT
2026-10-09T14:15:06.538+08:00 [INFO] gRPC GetOrderBook: symbol=ETH/USDT, depth=20
2026-10-09T14:15:06.540+08:00 [INFO] gRPC GetRecentTrades: symbol=ETH/USDT, limit=10
2026-10-09T14:15:06.541+08:00 [INFO] gRPC GetTicker: symbol=ETH/USDT
2026-10-09T14:15:06.776+08:00 [INFO] gRPC GetOrderBook: symbol=BNB/USDT, depth=20
2026-10-09T14:15:06.776+08:00 [INFO] gRPC GetRecentTrades: symbol=BNB/USDT, limit=10
2026-10-09T14:15:06.777+08:00 [INFO] gRPC GetTicker: symbol=BNB/USDT
2026-10-09T14:15:07.009+08:00 [INFO] gRPC GetOrderBook: symbol=BTC/USDT, depth=20
2026-10-09T14:15:07.009+08:00 [INFO] gRPC GetRecentTrades: symbol=BTC/USDT, limit=10
2026-10-09T14:15:07.010+08:00 [INFO] gRPC GetTicker: symbol=BTC/USDT
2026-10-09T14:15:07.538+08:00 [INFO] gRPC GetOrderBook: symbol=ETH/USDT, depth=20
2026-10-09T14:15:07.541+08:00 [INFO] gRPC GetRecentTrades: symbol=ETH/USDT, limit=10
2026-10-09T14:15:07.543+08:00 [INFO] gRPC GetTicker: symbol=ETH/USDT
2026-10-09T14:15:07.777+08:00 [INFO] gRPC GetOrderBook: symbol=BNB/USDT, depth=20
2026-10-09T14:15:07.777+08:00 [INFO] gRPC GetRecentTrades: symbol=BNB/USDT, limit=10
2026-10-09T14:15:07.777+08:00 [INFO] gRPC GetTicker: symbol=BNB/USDT
2026-10-09T14:15:08.023+08:00 [INFO] gRPC GetOrderBook: symbol=BTC/USDT, depth=20
2026-10-09T14:15:08.024+08:00 [INFO] gRPC GetRecentTrades: symbol=BTC/USDT, limit=10
2026-10-09T14:15:08.025+08:00 [INFO] gRPC GetTicker: symbol=BTC/USDT
2026-10-09T14:15:08.538+08:00 [INFO] gRPC GetOrderBook: symbol=ETH/USDT, depth=20
2026-10-09T14:15:08.539+08:00 [INFO] gRPC GetRecentTrades: symbol=ETH/USDT, limit=10
2026-10-09T14:15:08.540+08:00 [INFO] gRPC GetTicker: symbol=ETH/USDT
2026-10-09T14:15:09.212+08:00 [INFO] gRPC GetOrderBook: symbol=BNB/USDT, depth=20
2026-10-09T14:15:09.212+08:00 [INFO] gRPC GetRecentTrades: symbol=BNB/USDT, limit=10
2026-10-09T14:15:09.212+08:00 [INFO] gRPC GetTicker: symbol=BNB/USDT
2026-10-09T14:15:09.453+08:00 [INFO] gRPC GetOrderBook: symbol=BTC/USDT, depth=20
2026-10-09T14:15:09.454+08:00 [INFO] gRPC GetRecentTrades: symbol=BTC/USDT, limit=10
2026-10-09T14:15:09.455+08:00 [INFO] gRPC GetTicker: symbol=BTC/USDT
2026-10-09T14:15:09.692+08:00 [INFO] gRPC GetOrderBook: symbol=ETH/USDT, depth=20
2026-10-09T14:15:09.693+08:00 [INFO] gRPC GetRecentTrades: symbol=ETH/USDT, limit=10
2026-10-09T14:15:09.693+08:00 [INFO] gRPC GetTicker: symbol=ETH/USDT
2026-10-09T14:15:09.920+08:00 [INFO] gRPC GetOrderBook: symbol=BNB/USDT, depth=20
2026-10-09T14:15:09.921+08:00 [INFO] gRPC GetRecentTrades: symbol=BNB/USDT, limit=10
2026-10-09T14:15:09.923+08:00 [INFO] gRPC GetTicker: symbol=BNB/USDT
2026-10-09T14:15:10.165+08:00 [INFO] gRPC GetOrderBook: symbol=BTC/USDT, depth=20
2026-10-09T14:15:10.165+08:00 [INFO] gRPC GetRecentTrades: symbol=BTC/USDT, limit=10
2026-10-09T14:15:10.166+08:00 [INFO] gRPC GetTicker: symbol=BTC/USDT
2026-10-09T14:15:10.538+08:00 [INFO] gRPC GetOrderBook: symbol=ETH/USDT, depth=20
2026-10-09T14:15:10.539+08:00 [INFO] gRPC GetRecentTrades: symbol=ETH/USDT, limit=10
2026-10-09T14:15:10.539+08:00 [INFO] gRPC GetTicker: symbol=ETH/USDT
2026-10-09T14:15:10.782+08:00 [INFO] gRPC GetOrderBook: symbol=BNB/USDT, depth=20
2026-10-09T14:15:10.782+08:00 [INFO] gRPC GetRecentTrades: symbol=BNB/USDT, limit=10
2026-10-09T14:15:10.783+08:00 [INFO] gRPC GetTicker: symbol=BNB/USDT
2026-10-09T14:15:11.024+08:00 [INFO] gRPC GetOrderBook: symbol=BTC/USDT, depth=20
2026-10-09T14:15:11.025+08:00 [INFO] gRPC GetRecentTrades: symbol=BTC/USDT, limit=10
2026-10-09T14:15:11.026+08:00 [INFO] gRPC GetTicker: symbol=BTC/USDT
2026-10-09T14:15:11.538+08:00 [INFO] gRPC GetOrderBook: symbol=BNB/USDT, depth=20
2026-10-09T14:15:11.539+08:00 [INFO] gRPC GetRecentTrades: symbol=BNB/USDT, limit=10
2026-10-09T14:15:11.540+08:00 [INFO] gRPC GetTicker: symbol=BNB/USDT
2026-10-09T14:15:11.884+08:00 [INFO] gRPC GetOrderBook: symbol=BTC/USDT, depth=20
2026-10-09T14:15:11.884+08:00 [INFO] gRPC GetRecentTrades: symbol=BTC/USDT, limit=10
2026-10-09T14:15:11.884+08:00 [INFO] gRPC GetTicker: symbol=BTC/USDT
2026-10-09T14:15:12.124+08:00 [INFO] gRPC GetOrderBook: symbol=ETH/USDT, depth=20
2026-10-09T14:15:12.124+08:00 [INFO] gRPC GetRecentTrades: symbol=ETH/USDT, limit=10
2026-10-09T14:15:12.125+08:00 [INFO] gRPC GetTicker: symbol=ETH/USDT
2026-10-09T14:15:12.537+08:00 [INFO] gRPC GetOrderBook: symbol=BTC/USDT, depth=20
2026-10-09T14:15:12.541+08:00 [INFO] gRPC GetRecentTrades: symbol=BTC/USDT, limit=10
2026-10-09T14:15:12.543+08:00 [INFO] gRPC GetTicker: symbol=BTC/USDT
2026-10-09T14:15:12.783+08:00 [INFO] gRPC GetOrderBook: symbol=ETH/USDT, depth=20
2026-10-09T14:15:12.784+08:00 [INFO] gRPC GetRecentTrades: symbol=ETH/USDT, limit=10
2026-10-09T14:15:12.784+08:00 [INFO] gRPC GetTicker: symbol=ETH/USDT
2026-10-09T14:15:13.024+08:00 [INFO] gRPC GetOrderBook: symbol=BNB/USDT, depth=20
2026-10-09T14:15:13.025+08:00 [INFO] gRPC GetRecentTrades: symbol=BNB/USDT, limit=10
2026-10-09T14:15:13.025+08:00 [INFO] gRPC GetTicker: symbol=BNB/USDT
2026-10-09T14:15:13.537+08:00 [INFO] gRPC GetOrderBook: symbol=BNB/USDT, depth=20
2026-10-09T14:15:13.538+08:00 [INFO] gRPC GetRecentTrades: symbol=BNB/USDT, limit=10
2026-10-09T14:15:13.540+08:00 [INFO] gRPC GetTicker: symbol=BNB/USDT
2026-10-09T14:15:13.779+08:00 [INFO] gRPC GetOrderBook: symbol=BTC/USDT, depth=20
2026-10-09T14:15:13.780+08:00 [INFO] gRPC GetRecentTrades: symbol=BTC/USDT, limit=10
2026-10-09T14:15:13.780+08:00 [INFO] gRPC GetTicker: symbol=BTC/USDT
2026-10-09T14:15:14.009+08:00 [INFO] gRPC GetOrderBook: symbol=ETH/USDT, depth=20
2026-10-09T14:15:14.009+08:00 [INFO] gRPC GetRecentTrades: symbol=ETH/USDT, limit=10
2026-10-09T14:15:14.009+08:00 [INFO] gRPC GetTicker: symbol=ETH/USDT
2026-10-09T14:15:14.537+08:00 [INFO] gRPC GetOrderBook: symbol=BTC/USDT, depth=20
2026-10-09T14:15:14.538+08:00 [INFO] gRPC GetRecentTrades: symbol=BTC/USDT, limit=10
2026-10-09T14:15:14.539+08:00 [INFO] gRPC GetTicker: symbol=BTC/USDT
2026-10-09T14:15:14.771+08:00 [INFO] gRPC GetOrderBook: symbol=ETH/USDT, depth=20
2026-10-09T14:15:14.773+08:00 [INFO] gRPC GetRecentTrades: symbol=ETH/USDT, limit=10
2026-10-09T14:15:14.774+08:00 [INFO] gRPC GetTicker: symbol=ETH/USDT
2026-10-09T14:15:15.015+08:00 [INFO] gRPC GetOrderBook: symbol=BNB/USDT, depth=20
2026-10-09T14:15:15.016+08:00 [INFO] gRPC GetRecentTrades: symbol=BNB/USDT, limit=10
2026-10-09T14:15:15.016+08:00 [INFO] gRPC GetTicker: symbol=BNB/USDT
2026-10-09T14:15:15.538+08:00 [INFO] gRPC GetOrderBook: symbol=BTC/USDT, depth=20
2026-10-09T14:15:15.539+08:00 [INFO] gRPC GetRecentTrades: symbol=BTC/USDT, limit=10
2026-10-09T14:15:15.540+08:00 [INFO] gRPC GetTicker: symbol=BTC/USDT
2026-10-09T14:15:15.785+08:00 [INFO] gRPC GetOrderBook: symbol=ETH/USDT, depth=20
2026-10-09T14:15:15.785+08:00 [INFO] gRPC GetRecentTrades: symbol=ETH/USDT, limit=10
2026-10-09T14:15:15.786+08:00 [INFO] gRPC GetTicker: symbol=ETH/USDT
2026-10-09T14:15:16.023+08:00 [INFO] gRPC GetOrderBook: symbol=BNB/USDT, depth=20
2026-10-09T14:15:16.025+08:00 [INFO] gRPC GetRecentTrades: symbol=BNB/USDT, limit=10
2026-10-09T14:15:16.025+08:00 [INFO] gRPC GetTicker: symbol=BNB/USDT
2026-10-09T14:15:16.538+08:00 [INFO] gRPC GetOrderBook: symbol=BTC/USDT, depth=20
2026-10-09T14:15:16.540+08:00 [INFO] gRPC GetRecentTrades: symbol=BTC/USDT, limit=10
2026-10-09T14:15:16.541+08:00 [INFO] gRPC GetTicker: symbol=BTC/USDT
2026-10-09T14:15:16.780+08:00 [INFO] gRPC GetOrderBook: symbol=ETH/USDT, depth=20
2026-10-09T14:15:16.780+08:00 [INFO] gRPC GetRecentTrades: symbol=ETH/USDT, limit=10
2026-10-09T14:15:16.781+08:00 [INFO] gRPC GetTicker: symbol=ETH/USDT
2026-10-09T14:15:17.020+08:00 [INFO] gRPC GetOrderBook: symbol=BNB/USDT, depth=20
2026-10-09T14:15:17.021+08:00 [INFO] gRPC GetRecentTrades: symbol=BNB/USDT, limit=10
2026-10-09T14:15:17.022+08:00 [INFO] gRPC GetTicker: symbol=BNB/USDT
2026-10-09T14:15:17.537+08:00 [INFO] gRPC GetOrderBook: symbol=BTC/USDT, depth=20
2026-10-09T14:15:17.541+08:00 [INFO] gRPC GetRecentTrades: symbol=BTC/USDT, limit=10
2026-10-09T14:15:17.541+08:00 [INFO] gRPC GetTicker: symbol=BTC/USDT
2026-10-09T14:15:17.784+08:00 [INFO] gRPC GetOrderBook: symbol=ETH/USDT, depth=20
2026-10-09T14:15:17.784+08:00 [INFO] gRPC GetRecentTrades: symbol=ETH/USDT, limit=10
2026-10-09T14:15:17.785+08:00 [INFO] gRPC GetTicker: symbol=ETH/USDT
2026-10-09T14:15:18.024+08:00 [INFO] gRPC GetOrderBook: symbol=BNB/USDT, depth=20
2026-10-09T14:15:18.025+08:00 [INFO] gRPC GetRecentTrades: symbol=BNB/USDT, limit=10
2026-10-09T14:15:18.025+08:00 [INFO] gRPC GetTicker: symbol=BNB/USDT
2026-10-09T14:15:18.537+08:00 [INFO] gRPC GetOrderBook: symbol=BTC/USDT, depth=20
2026-10-09T14:15:18.539+08:00 [INFO] gRPC GetRecentTrades: symbol=BTC/USDT, limit=10
2026-10-09T14:15:18.540+08:00 [INFO] gRPC GetTicker: symbol=BTC/USDT
2026-10-09T14:15:18.784+08:00 [INFO] gRPC GetOrderBook: symbol=ETH/USDT, depth=20
2026-10-09T14:15:18.784+08:00 [INFO] gRPC GetRecentTrades: symbol=ETH/USDT, limit=10
2026-10-09T14:15:18.785+08:00 [INFO] gRPC GetTicker: symbol=ETH/USDT
2026-10-09T14:15:19.021+08:00 [INFO] gRPC GetOrderBook: symbol=BNB/USDT, depth=20
2026-10-09T14:15:19.023+08:00 [INFO] gRPC GetRecentTrades: symbol=BNB/USDT, limit=10
2026-10-09T14:15:19.023+08:00 [INFO] gRPC GetTicker: symbol=BNB/USDT
2026-10-09T14:15:19.539+08:00 [INFO] gRPC GetOrderBook: symbol=BNB/USDT, depth=20
2026-10-09T14:15:19.540+08:00 [INFO] gRPC GetRecentTrades: symbol=BNB/USDT, limit=10
2026-10-09T14:15:19.541+08:00 [INFO] gRPC GetTicker: symbol=BNB/USDT
2026-10-09T14:15:19.781+08:00 [INFO] gRPC GetOrderBook: symbol=BTC/USDT, depth=20
2026-10-09T14:15:19.781+08:00 [INFO] gRPC GetRecentTrades: symbol=BTC/USDT, limit=10
2026-10-09T14:15:19.782+08:00 [INFO] gRPC GetTicker: symbol=BTC/USDT
2026-10-09T14:15:20.022+08:00 [INFO] gRPC GetOrderBook: symbol=ETH/USDT, depth=20
2026-10-09T14:15:20.022+08:00 [INFO] gRPC GetRecentTrades: symbol=ETH/USDT, limit=10
2026-10-09T14:15:20.024+08:00 [INFO] gRPC GetTicker: symbol=ETH/USDT
2026-10-09T14:15:20.538+08:00 [INFO] gRPC GetOrderBook: symbol=BTC/USDT, depth=20
2026-10-09T14:15:20.538+08:00 [INFO] gRPC GetRecentTrades: symbol=BTC/USDT, limit=10
2026-10-09T14:15:20.539+08:00 [INFO] gRPC GetTicker: symbol=BTC/USDT
2026-10-09T14:15:20.778+08:00 [INFO] gRPC GetOrderBook: symbol=ETH/USDT, depth=20
2026-10-09T14:15:20.778+08:00 [INFO] gRPC GetRecentTrades: symbol=ETH/USDT, limit=10
2026-10-09T14:15:20.778+08:00 [INFO] gRPC GetTicker: symbol=ETH/USDT
2026-10-09T14:15:21.006+08:00 [INFO] gRPC GetOrderBook: symbol=BNB/USDT, depth=20
2026-10-09T14:15:21.006+08:00 [INFO] gRPC GetRecentTrades: symbol=BNB/USDT, limit=10
2026-10-09T14:15:21.007+08:00 [INFO] gRPC GetTicker: symbol=BNB/USDT
2026-10-09T14:15:21.538+08:00 [INFO] gRPC GetOrderBook: symbol=BTC/USDT, depth=20
2026-10-09T14:15:21.540+08:00 [INFO] gRPC GetRecentTrades: symbol=BTC/USDT, limit=10
2026-10-09T14:15:21.541+08:00 [INFO] gRPC GetTicker: symbol=BTC/USDT
2026-10-09T14:15:21.772+08:00 [INFO] gRPC GetOrderBook: symbol=ETH/USDT, depth=20
2026-10-09T14:15:21.773+08:00 [INFO] gRPC GetRecentTrades: symbol=ETH/USDT, limit=10
2026-10-09T14:15:21.773+08:00 [INFO] gRPC GetTicker: symbol=ETH/USDT
2026-10-09T14:15:22.017+08:00 [INFO] gRPC GetOrderBook: symbol=BNB/USDT, depth=20
2026-10-09T14:15:22.017+08:00 [INFO] gRPC GetRecentTrades: symbol=BNB/USDT, limit=10
2026-10-09T14:15:22.018+08:00 [INFO] gRPC GetTicker: symbol=BNB/USDT
2026-10-09T14:15:22.537+08:00 [INFO] gRPC GetOrderBook: symbol=BTC/USDT, depth=20
2026-10-09T14:15:22.541+08:00 [INFO] gRPC GetRecentTrades: symbol=BTC/USDT, limit=10
2026-10-09T14:15:22.541+08:00 [INFO] gRPC GetTicker: symbol=BTC/USDT
2026-10-09T14:15:22.840+08:00 [INFO] gRPC GetOrderBook: symbol=ETH/USDT, depth=20
2026-10-09T14:15:22.840+08:00 [INFO] gRPC GetRecentTrades: symbol=ETH/USDT, limit=10
2026-10-09T14:15:22.841+08:00 [INFO] gRPC GetTicker: symbol=ETH/USDT
2026-10-09T14:15:23.069+08:00 [INFO] gRPC GetOrderBook: symbol=BNB/USDT, depth=20
2026-10-09T14:15:23.069+08:00 [INFO] gRPC GetRecentTrades: symbol=BNB/USDT, limit=10
2026-10-09T14:15:23.070+08:00 [INFO] gRPC GetTicker: symbol=BNB/USDT
2026-10-09T14:15:23.538+08:00 [INFO] gRPC GetOrderBook: symbol=BTC/USDT, depth=20
2026-10-09T14:15:23.539+08:00 [INFO] gRPC GetRecentTrades: symbol=BTC/USDT, limit=10
2026-10-09T14:15:23.540+08:00 [INFO] gRPC GetTicker: symbol=BTC/USDT
2026-10-09T14:15:23.772+08:00 [INFO] gRPC GetOrderBook: symbol=ETH/USDT, depth=20
2026-10-09T14:15:23.773+08:00 [INFO] gRPC GetRecentTrades: symbol=ETH/USDT, limit=10
2026-10-09T14:15:23.774+08:00 [INFO] gRPC GetTicker: symbol=ETH/USDT
2026-10-09T14:15:24.011+08:00 [INFO] gRPC GetOrderBook: symbol=BNB/USDT, depth=20
2026-10-09T14:15:24.012+08:00 [INFO] gRPC GetRecentTrades: symbol=BNB/USDT, limit=10
2026-10-09T14:15:24.012+08:00 [INFO] gRPC GetTicker: symbol=BNB/USDT
2026-10-09T14:15:24.538+08:00 [INFO] gRPC GetOrderBook: symbol=BTC/USDT, depth=20
2026-10-09T14:15:24.539+08:00 [INFO] gRPC GetRecentTrades: symbol=BTC/USDT, limit=10
2026-10-09T14:15:24.540+08:00 [INFO] gRPC GetTicker: symbol=BTC/USDT
2026-10-09T14:15:24.781+08:00 [INFO] gRPC GetOrderBook: symbol=ETH/USDT, depth=20
2026-10-09T14:15:24.782+08:00 [INFO] gRPC GetRecentTrades: symbol=ETH/USDT, limit=10
2026-10-09T14:15:24.782+08:00 [INFO] gRPC GetTicker: symbol=ETH/USDT
2026-10-09T14:15:25.025+08:00 [INFO] gRPC GetOrderBook: symbol=BNB/USDT, depth=20
2026-10-09T14:15:25.025+08:00 [INFO] gRPC GetRecentTrades: symbol=BNB/USDT, limit=10
2026-10-09T14:15:25.026+08:00 [INFO] gRPC GetTicker: symbol=BNB/USDT
2026-10-09T14:15:25.538+08:00 [INFO] gRPC GetOrderBook: symbol=BTC/USDT, depth=20
2026-10-09T14:15:25.539+08:00 [INFO] gRPC GetRecentTrades: symbol=BTC/USDT, limit=10
2026-10-09T14:15:25.540+08:00 [INFO] gRPC GetTicker: symbol=BTC/USDT
2026-10-09T14:15:25.786+08:00 [INFO] gRPC GetOrderBook: symbol=ETH/USDT, depth=20
2026-10-09T14:15:25.786+08:00 [INFO] gRPC GetRecentTrades: symbol=ETH/USDT, limit=10
2026-10-09T14:15:25.786+08:00 [INFO] gRPC GetTicker: symbol=ETH/USDT
2026-10-09T14:15:26.015+08:00 [INFO] gRPC GetOrderBook: symbol=BNB/USDT, depth=20
2026-10-09T14:15:26.015+08:00 [INFO] gRPC GetRecentTrades: symbol=BNB/USDT, limit=10
2026-10-09T14:15:26.015+08:00 [INFO] gRPC GetTicker: symbol=BNB/USDT
2026-10-09T14:15:28.984+08:00 [INFO] gRPC GetOrderBook: symbol=BNB/USDT, depth=20
2026-10-09T14:15:28.984+08:00 [INFO] gRPC GetOrderBook: symbol=ETH/USDT, depth=20
2026-10-09T14:15:28.984+08:00 [INFO] gRPC GetOrderBook: symbol=BTC/USDT, depth=20
2026-10-09T14:15:28.985+08:00 [INFO] gRPC GetRecentTrades: symbol=ETH/USDT, limit=10
2026-10-09T14:15:28.985+08:00 [INFO] gRPC GetRecentTrades: symbol=BTC/USDT, limit=10
2026-10-09T14:15:28.985+08:00 [INFO] gRPC GetRecentTrades: symbol=BNB/USDT, limit=10
2026-10-09T14:15:28.986+08:00 [INFO] gRPC GetTicker: symbol=ETH/USDT
2026-10-09T14:15:28.986+08:00 [INFO] gRPC GetTicker: symbol=BTC/USDT
2026-10-09T14:15:28.986+08:00 [INFO] gRPC GetTicker: symbol=BNB/USDT
2026-10-09T14:15:29.538+08:00 [INFO] gRPC GetOrderBook: symbol=BTC/USDT, depth=20
2026-10-09T14:15:29.539+08:00 [INFO] gRPC GetRecentTrades: symbol=BTC/USDT, limit=10
2026-10-09T14:15:29.540+08:00 [INFO] gRPC GetTicker: symbol=BTC/USDT
2026-10-09T14:15:29.774+08:00 [INFO] gRPC GetOrderBook: symbol=ETH/USDT, depth=20
2026-10-09T14:15:29.774+08:00 [INFO] gRPC GetRecentTrades: symbol=ETH/USDT, limit=10
2026-10-09T14:15:29.774+08:00 [INFO] gRPC GetTicker: symbol=ETH/USDT
2026-10-09T14:15:30.016+08:00 [INFO] gRPC GetOrderBook: symbol=BNB/USDT, depth=20
2026-10-09T14:15:30.017+08:00 [INFO] gRPC GetRecentTrades: symbol=BNB/USDT, limit=10
2026-10-09T14:15:30.017+08:00 [INFO] gRPC GetTicker: symbol=BNB/USDT
2026-10-09T14:15:30.228+08:00 [INFO] gRPC GetOrderBook: symbol=BTC/USDT, depth=20
2026-10-09T14:15:30.228+08:00 [INFO] gRPC GetOrderBook: symbol=BNB/USDT, depth=20
2026-10-09T14:15:30.228+08:00 [INFO] gRPC GetOrderBook: symbol=ETH/USDT, depth=20
2026-10-09T14:15:30.229+08:00 [INFO] gRPC GetRecentTrades: symbol=BTC/USDT, limit=10
2026-10-09T14:15:30.229+08:00 [INFO] gRPC GetRecentTrades: symbol=ETH/USDT, limit=10
2026-10-09T14:15:30.229+08:00 [INFO] gRPC GetRecentTrades: symbol=BNB/USDT, limit=10
2026-10-09T14:15:30.230+08:00 [INFO] gRPC GetTicker: symbol=BTC/USDT
2026-10-09T14:15:30.230+08:00 [INFO] gRPC GetTicker: symbol=ETH/USDT
2026-10-09T14:15:30.230+08:00 [INFO] gRPC GetTicker: symbol=BNB/USDT
2026-10-09T14:15:30.538+08:00 [INFO] gRPC GetOrderBook: symbol=BTC/USDT, depth=20
2026-10-09T14:15:30.539+08:00 [INFO] gRPC GetRecentTrades: symbol=BTC/USDT, limit=10
2026-10-09T14:15:30.541+08:00 [INFO] gRPC GetTicker: symbol=BTC/USDT
2026-10-09T14:15:30.775+08:00 [INFO] gRPC GetOrderBook: symbol=ETH/USDT, depth=20
2026-10-09T14:15:30.776+08:00 [INFO] gRPC GetRecentTrades: symbol=ETH/USDT, limit=10
2026-10-09T14:15:30.776+08:00 [INFO] gRPC GetTicker: symbol=ETH/USDT
2026-10-09T14:15:30.999+08:00 [INFO] gRPC GetOrderBook: symbol=BNB/USDT, depth=20
2026-10-09T14:15:31.000+08:00 [INFO] gRPC GetRecentTrades: symbol=BNB/USDT, limit=10
2026-10-09T14:15:31.000+08:00 [INFO] gRPC GetTicker: symbol=BNB/USDT
2026-10-09T14:15:31.538+08:00 [INFO] gRPC GetOrderBook: symbol=BNB/USDT, depth=20
2026-10-09T14:15:31.539+08:00 [INFO] gRPC GetRecentTrades: symbol=BNB/USDT, limit=10
2026-10-09T14:15:31.539+08:00 [INFO] gRPC GetTicker: symbol=BNB/USDT
2026-10-09T14:15:32.252+08:00 [INFO] gRPC GetOrderBook: symbol=BTC/USDT, depth=20
2026-10-09T14:15:32.254+08:00 [INFO] gRPC GetRecentTrades: symbol=BTC/USDT, limit=10
2026-10-09T14:15:32.255+08:00 [INFO] gRPC GetTicker: symbol=BTC/USDT
2026-10-09T14:15:32.483+08:00 [INFO] gRPC GetOrderBook: symbol=ETH/USDT, depth=20
2026-10-09T14:15:32.484+08:00 [INFO] gRPC GetRecentTrades: symbol=ETH/USDT, limit=10
2026-10-09T14:15:32.484+08:00 [INFO] gRPC GetTicker: symbol=ETH/USDT
2026-10-09T14:15:32.713+08:00 [INFO] gRPC GetOrderBook: symbol=BTC/USDT, depth=20
2026-10-09T14:15:32.713+08:00 [INFO] gRPC GetRecentTrades: symbol=BTC/USDT, limit=10
2026-10-09T14:15:32.714+08:00 [INFO] gRPC GetTicker: symbol=BTC/USDT
2026-10-09T14:15:32.944+08:00 [INFO] gRPC GetOrderBook: symbol=ETH/USDT, depth=20
2026-10-09T14:15:32.944+08:00 [INFO] gRPC GetRecentTrades: symbol=ETH/USDT, limit=10
2026-10-09T14:15:32.945+08:00 [INFO] gRPC GetTicker: symbol=ETH/USDT
2026-10-09T14:15:33.667+08:00 [INFO] gRPC GetOrderBook: symbol=BNB/USDT, depth=20
2026-10-09T14:15:33.668+08:00 [INFO] gRPC GetRecentTrades: symbol=BNB/USDT, limit=10
2026-10-09T14:15:33.668+08:00 [INFO] gRPC GetTicker: symbol=BNB/USDT
2026-10-09T14:15:33.901+08:00 [INFO] gRPC GetOrderBook: symbol=BNB/USDT, depth=20
2026-10-09T14:15:33.902+08:00 [INFO] gRPC GetRecentTrades: symbol=BNB/USDT, limit=10
2026-10-09T14:15:33.902+08:00 [INFO] gRPC GetTicker: symbol=BNB/USDT
2026-10-09T14:15:34.136+08:00 [INFO] gRPC GetOrderBook: symbol=BTC/USDT, depth=20
2026-10-09T14:15:34.138+08:00 [INFO] gRPC GetRecentTrades: symbol=BTC/USDT, limit=10
2026-10-09T14:15:34.139+08:00 [INFO] gRPC GetTicker: symbol=BTC/USDT
2026-10-09T14:15:34.369+08:00 [INFO] gRPC GetOrderBook: symbol=ETH/USDT, depth=20
2026-10-09T14:15:34.369+08:00 [INFO] gRPC GetRecentTrades: symbol=ETH/USDT, limit=10
2026-10-09T14:15:34.370+08:00 [INFO] gRPC GetTicker: symbol=ETH/USDT
2026-10-09T14:15:34.607+08:00 [INFO] gRPC GetOrderBook: symbol=BTC/USDT, depth=20
2026-10-09T14:15:34.608+08:00 [INFO] gRPC GetRecentTrades: symbol=BTC/USDT, limit=10
2026-10-09T14:15:34.609+08:00 [INFO] gRPC GetTicker: symbol=BTC/USDT
2026-10-09T14:15:34.843+08:00 [INFO] gRPC GetOrderBook: symbol=ETH/USDT, depth=20
2026-10-09T14:15:34.843+08:00 [INFO] gRPC GetRecentTrades: symbol=ETH/USDT, limit=10
2026-10-09T14:15:34.844+08:00 [INFO] gRPC GetTicker: symbol=ETH/USDT
2026-10-09T14:15:35.074+08:00 [INFO] gRPC GetOrderBook: symbol=BNB/USDT, depth=20
2026-10-09T14:15:35.075+08:00 [INFO] gRPC GetRecentTrades: symbol=BNB/USDT, limit=10
2026-10-09T14:15:35.075+08:00 [INFO] gRPC GetTicker: symbol=BNB/USDT
2026-10-09T14:15:35.537+08:00 [INFO] gRPC GetOrderBook: symbol=BTC/USDT, depth=20
2026-10-09T14:15:35.538+08:00 [INFO] gRPC GetRecentTrades: symbol=BTC/USDT, limit=10
2026-10-09T14:15:35.539+08:00 [INFO] gRPC GetTicker: symbol=BTC/USDT
2026-10-09T14:15:35.769+08:00 [INFO] gRPC GetOrderBook: symbol=ETH/USDT, depth=20
2026-10-09T14:15:35.770+08:00 [INFO] gRPC GetRecentTrades: symbol=ETH/USDT, limit=10
2026-10-09T14:15:35.770+08:00 [INFO] gRPC GetTicker: symbol=ETH/USDT
2026-10-09T14:15:36.450+08:00 [INFO] gRPC GetOrderBook: symbol=BNB/USDT, depth=20
2026-10-09T14:15:36.450+08:00 [INFO] gRPC GetRecentTrades: symbol=BNB/USDT, limit=10
2026-10-09T14:15:36.450+08:00 [INFO] gRPC GetTicker: symbol=BNB/USDT
2026-10-09T14:15:36.686+08:00 [INFO] gRPC GetOrderBook: symbol=BTC/USDT, depth=20
2026-10-09T14:15:36.687+08:00 [INFO] gRPC GetRecentTrades: symbol=BTC/USDT, limit=10
2026-10-09T14:15:36.687+08:00 [INFO] gRPC GetTicker: symbol=BTC/USDT
2026-10-09T14:15:36.970+08:00 [INFO] gRPC GetOrderBook: symbol=ETH/USDT, depth=20
2026-10-09T14:15:36.971+08:00 [INFO] gRPC GetRecentTrades: symbol=ETH/USDT, limit=10
2026-10-09T14:15:36.972+08:00 [INFO] gRPC GetTicker: symbol=ETH/USDT
2026-10-09T14:15:37.276+08:00 [INFO] gRPC GetOrderBook: symbol=BNB/USDT, depth=20
2026-10-09T14:15:37.276+08:00 [INFO] gRPC GetRecentTrades: symbol=BNB/USDT, limit=10
2026-10-09T14:15:37.276+08:00 [INFO] gRPC GetTicker: symbol=BNB/USDT
2026-10-09T14:15:37.981+08:00 [INFO] gRPC GetOrderBook: symbol=ETH/USDT, depth=20
2026-10-09T14:15:37.982+08:00 [INFO] gRPC GetRecentTrades: symbol=ETH/USDT, limit=10
2026-10-09T14:15:37.982+08:00 [INFO] gRPC GetTicker: symbol=ETH/USDT
2026-10-09T14:15:38.212+08:00 [INFO] gRPC GetOrderBook: symbol=BNB/USDT, depth=20
2026-10-09T14:15:38.213+08:00 [INFO] gRPC GetRecentTrades: symbol=BNB/USDT, limit=10
2026-10-09T14:15:38.213+08:00 [INFO] gRPC GetTicker: symbol=BNB/USDT
2026-10-09T14:15:38.445+08:00 [INFO] gRPC GetOrderBook: symbol=BTC/USDT, depth=20
2026-10-09T14:15:38.445+08:00 [INFO] gRPC GetRecentTrades: symbol=BTC/USDT, limit=10
2026-10-09T14:15:38.445+08:00 [INFO] gRPC GetTicker: symbol=BTC/USDT
2026-10-09T14:15:40.836+08:00 [INFO] gRPC GetOrderBook: symbol=BTC/USDT, depth=20
2026-10-09T14:15:40.850+08:00 [INFO] gRPC GetRecentTrades: symbol=BTC/USDT, limit=20
2026-10-09T14:15:40.851+08:00 [INFO] gRPC GetOrderBook: symbol=BTC/USDT, depth=20
2026-10-09T14:15:40.851+08:00 [INFO] gRPC GetRecentTrades: symbol=BTC/USDT, limit=10
2026-10-09T14:15:40.851+08:00 [INFO] gRPC GetTicker: symbol=BTC/USDT
2026-10-09T14:15:40.876+08:00 [INFO] gRPC GetOrderBook: symbol=BTC/USDT, depth=20
2026-10-09T14:15:40.876+08:00 [INFO] gRPC GetRecentTrades: symbol=BTC/USDT, limit=10
2026-10-09T14:15:40.877+08:00 [INFO] gRPC GetTicker: symbol=BTC/USDT
2026-10-09T14:15:41.537+08:00 [INFO] gRPC GetOrderBook: symbol=BTC/USDT, depth=20
2026-10-09T14:15:41.538+08:00 [INFO] gRPC GetRecentTrades: symbol=BTC/USDT, limit=10
2026-10-09T14:15:41.538+08:00 [INFO] gRPC GetTicker: symbol=BTC/USDT
2026-10-09T14:15:42.537+08:00 [INFO] gRPC GetOrderBook: symbol=BTC/USDT, depth=20
2026-10-09T14:15:42.539+08:00 [INFO] gRPC GetRecentTrades: symbol=BTC/USDT, limit=10
2026-10-09T14:15:42.539+08:00 [INFO] gRPC GetTicker: symbol=BTC/USDT
2026-10-09T14:15:43.538+08:00 [INFO] gRPC GetOrderBook: symbol=BTC/USDT, depth=20
2026-10-09T14:15:43.539+08:00 [INFO] gRPC GetRecentTrades: symbol=BTC/USDT, limit=10
2026-10-09T14:15:43.539+08:00 [INFO] gRPC GetTicker: symbol=BTC/USDT
2026-10-09T14:15:44.539+08:00 [INFO] gRPC GetOrderBook: symbol=BTC/USDT, depth=20
2026-10-09T14:15:44.540+08:00 [INFO] gRPC GetRecentTrades: symbol=BTC/USDT, limit=10
2026-10-09T14:15:44.540+08:00 [INFO] gRPC GetTicker: symbol=BTC/USDT
2026-10-09T14:15:45.537+08:00 [INFO] gRPC GetOrderBook: symbol=BTC/USDT, depth=20
2026-10-09T14:15:45.538+08:00 [INFO] gRPC GetRecentTrades: symbol=BTC/USDT, limit=10
2026-10-09T14:15:45.539+08:00 [INFO] gRPC GetTicker: symbol=BTC/USDT
2026-10-09T14:15:46.539+08:00 [INFO] gRPC GetOrderBook: symbol=BTC/USDT, depth=20
2026-10-09T14:15:46.540+08:00 [INFO] gRPC GetRecentTrades: symbol=BTC/USDT, limit=10
2026-10-09T14:15:46.540+08:00 [INFO] gRPC GetTicker: symbol=BTC/USDT
2026-10-09T14:15:47.537+08:00 [INFO] gRPC GetOrderBook: symbol=BTC/USDT, depth=20
2026-10-09T14:15:47.539+08:00 [INFO] gRPC GetRecentTrades: symbol=BTC/USDT, limit=10
2026-10-09T14:15:47.539+08:00 [INFO] gRPC GetTicker: symbol=BTC/USDT
2026-10-09T14:15:48.537+08:00 [INFO] gRPC GetOrderBook: symbol=BTC/USDT, depth=20
2026-10-09T14:15:48.537+08:00 [INFO] gRPC GetRecentTrades: symbol=BTC/USDT, limit=10
2026-10-09T14:15:48.538+08:00 [INFO] gRPC GetTicker: symbol=BTC/USDT
2026-10-09T14:15:49.537+08:00 [INFO] gRPC GetOrderBook: symbol=BTC/USDT, depth=20
2026-10-09T14:15:49.538+08:00 [INFO] gRPC GetRecentTrades: symbol=BTC/USDT, limit=10
2026-10-09T14:15:49.539+08:00 [INFO] gRPC GetTicker: symbol=BTC/USDT
2026-10-09T14:15:50.538+08:00 [INFO] gRPC GetOrderBook: symbol=BTC/USDT, depth=20
2026-10-09T14:15:50.539+08:00 [INFO] gRPC GetRecentTrades: symbol=BTC/USDT, limit=10
2026-10-09T14:15:50.539+08:00 [INFO] gRPC GetTicker: symbol=BTC/USDT
2026-10-09T14:15:51.537+08:00 [INFO] gRPC GetOrderBook: symbol=BTC/USDT, depth=20
2026-10-09T14:15:51.538+08:00 [INFO] gRPC GetRecentTrades: symbol=BTC/USDT, limit=10
2026-10-09T14:15:51.538+08:00 [INFO] gRPC GetTicker: symbol=BTC/USDT
2026-10-09T14:15:52.537+08:00 [INFO] gRPC GetOrderBook: symbol=BTC/USDT, depth=20
2026-10-09T14:15:52.539+08:00 [INFO] gRPC GetRecentTrades: symbol=BTC/USDT, limit=10
2026-10-09T14:15:52.539+08:00 [INFO] gRPC GetTicker: symbol=BTC/USDT
2026-10-09T14:15:53.537+08:00 [INFO] gRPC GetOrderBook: symbol=BTC/USDT, depth=20
2026-10-09T14:15:53.539+08:00 [INFO] gRPC GetRecentTrades: symbol=BTC/USDT, limit=10
2026-10-09T14:15:53.539+08:00 [INFO] gRPC GetTicker: symbol=BTC/USDT
2026-10-09T14:15:54.538+08:00 [INFO] gRPC GetOrderBook: symbol=BTC/USDT, depth=20
2026-10-09T14:15:54.540+08:00 [INFO] gRPC GetRecentTrades: symbol=BTC/USDT, limit=10
2026-10-09T14:15:54.540+08:00 [INFO] gRPC GetTicker: symbol=BTC/USDT
2026-10-09T14:15:55.539+08:00 [INFO] gRPC GetOrderBook: symbol=BTC/USDT, depth=20
2026-10-09T14:15:55.540+08:00 [INFO] gRPC GetRecentTrades: symbol=BTC/USDT, limit=10
2026-10-09T14:15:55.540+08:00 [INFO] gRPC GetTicker: symbol=BTC/USDT
2026-10-09T14:15:56.540+08:00 [INFO] gRPC GetOrderBook: symbol=BTC/USDT, depth=20
2026-10-09T14:15:56.541+08:00 [INFO] gRPC GetRecentTrades: symbol=BTC/USDT, limit=10
2026-10-09T14:15:56.541+08:00 [INFO] gRPC GetTicker: symbol=BTC/USDT
2026-10-09T14:16:00.607+08:00 [INFO] gRPC GetOrderBook: symbol=BTC/USDT, depth=20
2026-10-09T14:16:00.608+08:00 [INFO] gRPC GetRecentTrades: symbol=BTC/USDT, limit=10
2026-10-09T14:16:00.609+08:00 [INFO] gRPC GetTicker: symbol=BTC/USDT
2026-10-09T14:16:01.538+08:00 [INFO] gRPC GetOrderBook: symbol=BTC/USDT, depth=20
2026-10-09T14:16:01.539+08:00 [INFO] gRPC GetRecentTrades: symbol=BTC/USDT, limit=10
2026-10-09T14:16:01.539+08:00 [INFO] gRPC GetTicker: symbol=BTC/USDT
2026-10-09T14:16:02.537+08:00 [INFO] gRPC GetOrderBook: symbol=BTC/USDT, depth=20
2026-10-09T14:16:02.538+08:00 [INFO] gRPC GetRecentTrades: symbol=BTC/USDT, limit=10
2026-10-09T14:16:02.539+08:00 [INFO] gRPC GetTicker: symbol=BTC/USDT
2026-10-09T14:16:03.538+08:00 [INFO] gRPC GetOrderBook: symbol=BTC/USDT, depth=20
2026-10-09T14:16:03.539+08:00 [INFO] gRPC GetRecentTrades: symbol=BTC/USDT, limit=10
2026-10-09T14:16:03.540+08:00 [INFO] gRPC GetTicker: symbol=BTC/USDT
2026-10-09T14:16:04.537+08:00 [INFO] gRPC GetOrderBook: symbol=BTC/USDT, depth=20
2026-10-09T14:16:04.538+08:00 [INFO] gRPC GetRecentTrades: symbol=BTC/USDT, limit=10
2026-10-09T14:16:04.539+08:00 [INFO] gRPC GetTicker: symbol=BTC/USDT
2026-10-09T14:16:05.537+08:00 [INFO] gRPC GetOrderBook: symbol=BTC/USDT, depth=20
2026-10-09T14:16:05.538+08:00 [INFO] gRPC GetRecentTrades: symbol=BTC/USDT, limit=10
2026-10-09T14:16:05.539+08:00 [INFO] gRPC GetTicker: symbol=BTC/USDT
2026-10-09T14:16:06.537+08:00 [INFO] gRPC GetOrderBook: symbol=BTC/USDT, depth=20
2026-10-09T14:16:06.539+08:00 [INFO] gRPC GetRecentTrades: symbol=BTC/USDT, limit=10
2026-10-09T14:16:06.539+08:00 [INFO] gRPC GetTicker: symbol=BTC/USDT
2026-10-09T14:16:07.090+08:00 [INFO] gRPC GetOrderBook: symbol=BTC/USDT, depth=5
2026-10-09T14:16:07.537+08:00 [INFO] gRPC GetOrderBook: symbol=BTC/USDT, depth=20
2026-10-09T14:16:07.538+08:00 [INFO] gRPC GetRecentTrades: symbol=BTC/USDT, limit=10
2026-10-09T14:16:07.539+08:00 [INFO] gRPC GetTicker: symbol=BTC/USDT
2026-10-09T14:16:08.536+08:00 [INFO] gRPC GetOrderBook: symbol=BTC/USDT, depth=20
2026-10-09T14:16:08.538+08:00 [INFO] gRPC GetRecentTrades: symbol=BTC/USDT, limit=10
2026-10-09T14:16:08.538+08:00 [INFO] gRPC GetTicker: symbol=BTC/USDT
2026-10-09T14:16:09.538+08:00 [INFO] gRPC GetOrderBook: symbol=BTC/USDT, depth=20
2026-10-09T14:16:09.539+08:00 [INFO] gRPC GetRecentTrades: symbol=BTC/USDT, limit=10
2026-10-09T14:16:09.539+08:00 [INFO] gRPC GetTicker: symbol=BTC/USDT
2026-10-09T14:16:10.536+08:00 [INFO] gRPC GetOrderBook: symbol=BTC/USDT, depth=20
2026-10-09T14:16:10.537+08:00 [INFO] gRPC GetRecentTrades: symbol=BTC/USDT, limit=10
2026-10-09T14:16:10.538+08:00 [INFO] gRPC GetTicker: symbol=BTC/USDT
2026-10-09T14:16:11.537+08:00 [INFO] gRPC GetOrderBook: symbol=BTC/USDT, depth=20
2026-10-09T14:16:11.538+08:00 [INFO] gRPC GetRecentTrades: symbol=BTC/USDT, limit=10
2026-10-09T14:16:11.539+08:00 [INFO] gRPC GetTicker: symbol=BTC/USDT
2026-10-09T14:16:12.538+08:00 [INFO] gRPC GetOrderBook: symbol=BTC/USDT, depth=20
2026-10-09T14:16:12.539+08:00 [INFO] gRPC GetRecentTrades: symbol=BTC/USDT, limit=10
2026-10-09T14:16:12.539+08:00 [INFO] gRPC GetTicker: symbol=BTC/USDT
2026-10-09T14:16:13.538+08:00 [INFO] gRPC GetOrderBook: symbol=BTC/USDT, depth=20
2026-10-09T14:16:13.539+08:00 [INFO] gRPC GetRecentTrades: symbol=BTC/USDT, limit=10
2026-10-09T14:16:13.539+08:00 [INFO] gRPC GetTicker: symbol=BTC/USDT
2026-10-09T14:16:14.537+08:00 [INFO] gRPC GetOrderBook: symbol=BTC/USDT, depth=20
2026-10-09T14:16:14.538+08:00 [INFO] gRPC GetRecentTrades: symbol=BTC/USDT, limit=10
2026-10-09T14:16:14.539+08:00 [INFO] gRPC GetTicker: symbol=BTC/USDT
2026-10-09T14:16:15.537+08:00 [INFO] gRPC GetOrderBook: symbol=BTC/USDT, depth=20
2026-10-09T14:16:15.539+08:00 [INFO] gRPC GetRecentTrades: symbol=BTC/USDT, limit=10
2026-10-09T14:16:15.539+08:00 [INFO] gRPC GetTicker: symbol=BTC/USDT
2026-10-09T14:16:16.538+08:00 [INFO] gRPC GetOrderBook: symbol=BTC/USDT, depth=20
2026-10-09T14:16:16.539+08:00 [INFO] gRPC GetRecentTrades: symbol=BTC/USDT, limit=10
2026-10-09T14:16:16.540+08:00 [INFO] gRPC GetTicker: symbol=BTC/USDT
2026-10-09T14:16:17.536+08:00 [INFO] gRPC GetOrderBook: symbol=BTC/USDT, depth=20
2026-10-09T14:16:17.538+08:00 [INFO] gRPC GetRecentTrades: symbol=BTC/USDT, limit=10
2026-10-09T14:16:17.538+08:00 [INFO] gRPC GetTicker: symbol=BTC/USDT
2026-10-09T14:16:18.538+08:00 [INFO] gRPC GetOrderBook: symbol=BTC/USDT, depth=20
2026-10-09T14:16:18.539+08:00 [INFO] gRPC GetRecentTrades: symbol=BTC/USDT, limit=10
2026-10-09T14:16:18.539+08:00 [INFO] gRPC GetTicker: symbol=BTC/USDT
2026-10-09T14:16:19.455+08:00 [INFO] gRPC GetOrderBook: symbol=BTC/USDT, depth=20
2026-10-09T14:16:19.455+08:00 [INFO] gRPC GetRecentTrades: symbol=BTC/USDT, limit=10
2026-10-09T14:16:19.456+08:00 [INFO] gRPC GetTicker: symbol=BTC/USDT
2026-10-09T14:16:19.536+08:00 [INFO] gRPC GetOrderBook: symbol=BTC/USDT, depth=20
2026-10-09T14:16:19.537+08:00 [INFO] gRPC GetRecentTrades: symbol=BTC/USDT, limit=10
2026-10-09T14:16:19.537+08:00 [INFO] gRPC GetTicker: symbol=BTC/USDT
2026-10-09T14:16:20.537+08:00 [INFO] gRPC GetOrderBook: symbol=BTC/USDT, depth=20
2026-10-09T14:16:20.538+08:00 [INFO] gRPC GetRecentTrades: symbol=BTC/USDT, limit=10
2026-10-09T14:16:20.539+08:00 [INFO] gRPC GetTicker: symbol=BTC/USDT
2026-10-09T14:16:21.537+08:00 [INFO] gRPC GetOrderBook: symbol=BTC/USDT, depth=20
2026-10-09T14:16:21.538+08:00 [INFO] gRPC GetRecentTrades: symbol=BTC/USDT, limit=10
2026-10-09T14:16:21.539+08:00 [INFO] gRPC GetTicker: symbol=BTC/USDT
2026-10-09T14:16:22.537+08:00 [INFO] gRPC GetOrderBook: symbol=BTC/USDT, depth=20
2026-10-09T14:16:22.538+08:00 [INFO] gRPC GetRecentTrades: symbol=BTC/USDT, limit=10
2026-10-09T14:16:22.538+08:00 [INFO] gRPC GetTicker: symbol=BTC/USDT
2026-10-09T14:16:23.536+08:00 [INFO] gRPC GetOrderBook: symbol=BTC/USDT, depth=20
2026-10-09T14:16:23.538+08:00 [INFO] gRPC GetRecentTrades: symbol=BTC/USDT, limit=10
2026-10-09T14:16:23.538+08:00 [INFO] gRPC GetTicker: symbol=BTC/USDT
2026-10-09T14:16:24.535+08:00 [INFO] gRPC GetOrderBook: symbol=BTC/USDT, depth=20
2026-10-09T14:16:24.536+08:00 [INFO] gRPC GetRecentTrades: symbol=BTC/USDT, limit=10
2026-10-09T14:16:24.537+08:00 [INFO] gRPC GetTicker: symbol=BTC/USDT
2026-10-09T14:16:25.537+08:00 [INFO] gRPC GetOrderBook: symbol=BTC/USDT, depth=20
2026-10-09T14:16:25.538+08:00 [INFO] gRPC GetRecentTrades: symbol=BTC/USDT, limit=10
2026-10-09T14:16:25.538+08:00 [INFO] gRPC GetTicker: symbol=BTC/USDT
2026-10-09T14:16:26.536+08:00 [INFO] gRPC GetOrderBook: symbol=BTC/USDT, depth=20
2026-10-09T14:16:26.538+08:00 [INFO] gRPC GetRecentTrades: symbol=BTC/USDT, limit=10
2026-10-09T14:16:26.538+08:00 [INFO] gRPC GetTicker: symbol=BTC/USDT
2026-10-09T14:16:27.536+08:00 [INFO] gRPC GetOrderBook: symbol=BTC/USDT, depth=20
2026-10-09T14:16:27.537+08:00 [INFO] gRPC GetRecentTrades: symbol=BTC/USDT, limit=10
2026-10-09T14:16:27.538+08:00 [INFO] gRPC GetTicker: symbol=BTC/USDT
2026-10-09T14:16:28.538+08:00 [INFO] gRPC GetOrderBook: symbol=BTC/USDT, depth=20
2026-10-09T14:16:28.539+08:00 [INFO] gRPC GetRecentTrades: symbol=BTC/USDT, limit=10
2026-10-09T14:16:28.539+08:00 [INFO] gRPC GetTicker: symbol=BTC/USDT
2026-10-09T14:16:29.537+08:00 [INFO] gRPC GetOrderBook: symbol=BTC/USDT, depth=20
2026-10-09T14:16:29.538+08:00 [INFO] gRPC GetRecentTrades: symbol=BTC/USDT, limit=10
2026-10-09T14:16:29.538+08:00 [INFO] gRPC GetTicker: symbol=BTC/USDT
2026-10-09T14:16:30.536+08:00 [INFO] gRPC GetOrderBook: symbol=BTC/USDT, depth=20
2026-10-09T14:16:30.536+08:00 [INFO] gRPC GetRecentTrades: symbol=BTC/USDT, limit=10
2026-10-09T14:16:30.537+08:00 [INFO] gRPC GetTicker: symbol=BTC/USDT
2026-10-09T14:16:31.536+08:00 [INFO] gRPC GetOrderBook: symbol=BTC/USDT, depth=20
2026-10-09T14:16:31.537+08:00 [INFO] gRPC GetRecentTrades: symbol=BTC/USDT, limit=10
2026-10-09T14:16:31.538+08:00 [INFO] gRPC GetTicker: symbol=BTC/USDT
2026-10-09T14:16:32.536+08:00 [INFO] gRPC GetOrderBook: symbol=BTC/USDT, depth=20
2026-10-09T14:16:32.538+08:00 [INFO] gRPC GetRecentTrades: symbol=BTC/USDT, limit=10
2026-10-09T14:16:32.538+08:00 [INFO] gRPC GetTicker: symbol=BTC/USDT
2026-10-09T14:16:33.536+08:00 [INFO] gRPC GetOrderBook: symbol=BTC/USDT, depth=20
2026-10-09T14:16:33.538+08:00 [INFO] gRPC GetRecentTrades: symbol=BTC/USDT, limit=10
2026-10-09T14:16:33.538+08:00 [INFO] gRPC GetTicker: symbol=BTC/USDT
2026-10-09T14:16:34.537+08:00 [INFO] gRPC GetOrderBook: symbol=BTC/USDT, depth=20
2026-10-09T14:16:34.537+08:00 [INFO] gRPC GetRecentTrades: symbol=BTC/USDT, limit=10
2026-10-09T14:16:34.538+08:00 [INFO] gRPC GetTicker: symbol=BTC/USDT
2026-10-09T14:16:35.538+08:00 [INFO] gRPC GetOrderBook: symbol=BTC/USDT, depth=20
2026-10-09T14:16:35.538+08:00 [INFO] gRPC GetRecentTrades: symbol=BTC/USDT, limit=10
2026-10-09T14:16:35.538+08:00 [INFO] gRPC GetTicker: symbol=BTC/USDT
2026-10-09T14:16:36.536+08:00 [INFO] gRPC GetOrderBook: symbol=BTC/USDT, depth=20
2026-10-09T14:16:36.538+08:00 [INFO] gRPC GetRecentTrades: symbol=BTC/USDT, limit=10
2026-10-09T14:16:36.538+08:00 [INFO] gRPC GetTicker: symbol=BTC/USDT
2026-10-09T14:16:37.537+08:00 [INFO] gRPC GetOrderBook: symbol=BTC/USDT, depth=20
2026-10-09T14:16:37.538+08:00 [INFO] gRPC GetRecentTrades: symbol=BTC/USDT, limit=10
2026-10-09T14:16:37.538+08:00 [INFO] gRPC GetTicker: symbol=BTC/USDT
2026-10-09T14:16:38.536+08:00 [INFO] gRPC GetOrderBook: symbol=BTC/USDT, depth=20
2026-10-09T14:16:38.537+08:00 [INFO] gRPC GetRecentTrades: symbol=BTC/USDT, limit=10
2026-10-09T14:16:38.537+08:00 [INFO] gRPC GetTicker: symbol=BTC/USDT
2026-10-09T14:16:39.536+08:00 [INFO] gRPC GetOrderBook: symbol=BTC/USDT, depth=20
2026-10-09T14:16:39.538+08:00 [INFO] gRPC GetRecentTrades: symbol=BTC/USDT, limit=10
2026-10-09T14:16:39.538+08:00 [INFO] gRPC GetTicker: symbol=BTC/USDT
2026-10-09T14:16:40.537+08:00 [INFO] gRPC GetOrderBook: symbol=BTC/USDT, depth=20
2026-10-09T14:16:40.538+08:00 [INFO] gRPC GetRecentTrades: symbol=BTC/USDT, limit=10
2026-10-09T14:16:40.538+08:00 [INFO] gRPC GetTicker: symbol=BTC/USDT
2026-10-09T14:16:41.537+08:00 [INFO] gRPC GetOrderBook: symbol=BTC/USDT, depth=20
2026-10-09T14:16:41.539+08:00 [INFO] gRPC GetRecentTrades: symbol=BTC/USDT, limit=10
2026-10-09T14:16:41.539+08:00 [INFO] gRPC GetTicker: symbol=BTC/USDT
2026-10-09T14:16:42.535+08:00 [INFO] gRPC GetOrderBook: symbol=BTC/USDT, depth=20
2026-10-09T14:16:42.536+08:00 [INFO] gRPC GetRecentTrades: symbol=BTC/USDT, limit=10
2026-10-09T14:16:42.537+08:00 [INFO] gRPC GetTicker: symbol=BTC/USDT
2026-10-09T14:16:43.537+08:00 [INFO] gRPC GetOrderBook: symbol=BTC/USDT, depth=20
2026-10-09T14:16:43.538+08:00 [INFO] gRPC GetRecentTrades: symbol=BTC/USDT, limit=10
2026-10-09T14:16:43.538+08:00 [INFO] gRPC GetTicker: symbol=BTC/USDT
2026-10-09T14:16:44.536+08:00 [INFO] gRPC GetOrderBook: symbol=BTC/USDT, depth=20
2026-10-09T14:16:44.537+08:00 [INFO] gRPC GetRecentTrades: symbol=BTC/USDT, limit=10
2026-10-09T14:16:44.538+08:00 [INFO] gRPC GetTicker: symbol=BTC/USDT
2026-10-09T14:16:45.536+08:00 [INFO] gRPC GetOrderBook: symbol=BTC/USDT, depth=20
2026-10-09T14:16:45.537+08:00 [INFO] gRPC GetRecentTrades: symbol=BTC/USDT, limit=10
2026-10-09T14:16:45.538+08:00 [INFO] gRPC GetTicker: symbol=BTC/USDT
2026-10-09T14:16:46.536+08:00 [INFO] gRPC GetOrderBook: symbol=BTC/USDT, depth=20
2026-10-09T14:16:46.537+08:00 [INFO] gRPC GetRecentTrades: symbol=BTC/USDT, limit=10
2026-10-09T14:16:46.538+08:00 [INFO] gRPC GetTicker: symbol=BTC/USDT
2026-10-09T14:16:47.536+08:00 [INFO] gRPC GetOrderBook: symbol=BTC/USDT, depth=20
2026-10-09T14:16:47.537+08:00 [INFO] gRPC GetRecentTrades: symbol=BTC/USDT, limit=10
2026-10-09T14:16:47.538+08:00 [INFO] gRPC GetTicker: symbol=BTC/USDT
2026-10-09T14:16:48.536+08:00 [INFO] gRPC GetOrderBook: symbol=BTC/USDT, depth=20
2026-10-09T14:16:48.537+08:00 [INFO] gRPC GetRecentTrades: symbol=BTC/USDT, limit=10
2026-10-09T14:16:48.537+08:00 [INFO] gRPC GetTicker: symbol=BTC/USDT
2026-10-09T14:16:49.536+08:00 [INFO] gRPC GetOrderBook: symbol=BTC/USDT, depth=20
2026-10-09T14:16:49.536+08:00 [INFO] gRPC GetRecentTrades: symbol=BTC/USDT, limit=10
2026-10-09T14:16:49.537+08:00 [INFO] gRPC GetTicker: symbol=BTC/USDT
2026-10-09T14:16:50.536+08:00 [INFO] gRPC GetOrderBook: symbol=BTC/USDT, depth=20
2026-10-09T14:16:50.536+08:00 [INFO] gRPC GetRecentTrades: symbol=BTC/USDT, limit=10
2026-10-09T14:16:50.537+08:00 [INFO] gRPC GetTicker: symbol=BTC/USDT
2026-10-09T14:16:51.535+08:00 [INFO] gRPC GetOrderBook: symbol=BTC/USDT, depth=20
2026-10-09T14:16:51.537+08:00 [INFO] gRPC GetRecentTrades: symbol=BTC/USDT, limit=10
2026-10-09T14:16:51.537+08:00 [INFO] gRPC GetTicker: symbol=BTC/USDT
2026-10-09T14:16:52.537+08:00 [INFO] gRPC GetOrderBook: symbol=BTC/USDT, depth=20
2026-10-09T14:16:52.537+08:00 [INFO] gRPC GetRecentTrades: symbol=BTC/USDT, limit=10
2026-10-09T14:16:52.538+08:00 [INFO] gRPC GetTicker: symbol=BTC/USDT
2026-10-09T14:16:53.537+08:00 [INFO] gRPC GetOrderBook: symbol=BTC/USDT, depth=20
2026-10-09T14:16:53.538+08:00 [INFO] gRPC GetRecentTrades: symbol=BTC/USDT, limit=10
2026-10-09T14:16:53.538+08:00 [INFO] gRPC GetTicker: symbol=BTC/USDT
2026-10-09T14:16:54.539+08:00 [INFO] gRPC GetOrderBook: symbol=BTC/USDT, depth=20
2026-10-09T14:16:54.541+08:00 [INFO] gRPC GetRecentTrades: symbol=BTC/USDT, limit=10
2026-10-09T14:16:54.555+08:00 [INFO] gRPC GetTicker: symbol=BTC/USDT
2026-10-09T14:16:55.536+08:00 [INFO] gRPC GetOrderBook: symbol=BTC/USDT, depth=20
2026-10-09T14:16:55.537+08:00 [INFO] gRPC GetRecentTrades: symbol=BTC/USDT, limit=10
2026-10-09T14:16:55.537+08:00 [INFO] gRPC GetTicker: symbol=BTC/USDT
2026-10-09T14:16:56.536+08:00 [INFO] gRPC GetOrderBook: symbol=BTC/USDT, depth=20
2026-10-09T14:16:56.536+08:00 [INFO] gRPC GetRecentTrades: symbol=BTC/USDT, limit=10
2026-10-09T14:16:56.537+08:00 [INFO] gRPC GetTicker: symbol=BTC/USDT
2026-10-09T14:16:57.536+08:00 [INFO] gRPC GetOrderBook: symbol=BTC/USDT, depth=20
2026-10-09T14:16:57.536+08:00 [INFO] gRPC GetRecentTrades: symbol=BTC/USDT, limit=10
2026-10-09T14:16:57.538+08:00 [INFO] gRPC GetTicker: symbol=BTC/USDT
2026-10-09T14:16:58.536+08:00 [INFO] gRPC GetOrderBook: symbol=BTC/USDT, depth=20
2026-10-09T14:16:58.537+08:00 [INFO] gRPC GetRecentTrades: symbol=BTC/USDT, limit=10
2026-10-09T14:16:58.538+08:00 [INFO] gRPC GetTicker: symbol=BTC/USDT
2026-10-09T14:16:59.535+08:00 [INFO] gRPC GetOrderBook: symbol=BTC/USDT, depth=20
2026-10-09T14:16:59.538+08:00 [INFO] gRPC GetRecentTrades: symbol=BTC/USDT, limit=10
2026-10-09T14:16:59.538+08:00 [INFO] gRPC GetTicker: symbol=BTC/USDT
2026-10-09T14:17:00.536+08:00 [INFO] gRPC GetOrderBook: symbol=BTC/USDT, depth=20
2026-10-09T14:17:00.538+08:00 [INFO] gRPC GetRecentTrades: symbol=BTC/USDT, limit=10
2026-10-09T14:17:00.539+08:00 [INFO] gRPC GetTicker: symbol=BTC/USDT
2026-10-09T14:17:01.537+08:00 [INFO] gRPC GetOrderBook: symbol=BTC/USDT, depth=20
2026-10-09T14:17:01.538+08:00 [INFO] gRPC GetRecentTrades: symbol=BTC/USDT, limit=10
2026-10-09T14:17:01.538+08:00 [INFO] gRPC GetTicker: symbol=BTC/USDT
2026-10-09T14:17:02.536+08:00 [INFO] gRPC GetOrderBook: symbol=BTC/USDT, depth=20
2026-10-09T14:17:02.537+08:00 [INFO] gRPC GetRecentTrades: symbol=BTC/USDT, limit=10
2026-10-09T14:17:02.537+08:00 [INFO] gRPC GetTicker: symbol=BTC/USDT
2026-10-09T14:17:03.536+08:00 [INFO] gRPC GetOrderBook: symbol=BTC/USDT, depth=20
2026-10-09T14:17:03.537+08:00 [INFO] gRPC GetRecentTrades: symbol=BTC/USDT, limit=10
2026-10-09T14:17:03.537+08:00 [INFO] gRPC GetTicker: symbol=BTC/USDT
2026-10-09T14:17:04.535+08:00 [INFO] gRPC GetOrderBook: symbol=BTC/USDT, depth=20
2026-10-09T14:17:04.536+08:00 [INFO] gRPC GetRecentTrades: symbol=BTC/USDT, limit=10
2026-10-09T14:17:04.537+08:00 [INFO] gRPC GetTicker: symbol=BTC/USDT
2026-10-09T14:17:05.535+08:00 [INFO] gRPC GetOrderBook: symbol=BTC/USDT, depth=20
2026-10-09T14:17:05.537+08:00 [INFO] gRPC GetRecentTrades: symbol=BTC/USDT, limit=10
2026-10-09T14:17:05.538+08:00 [INFO] gRPC GetTicker: symbol=BTC/USDT
2026-10-09T14:17:06.537+08:00 [INFO] gRPC GetOrderBook: symbol=BTC/USDT, depth=20
2026-10-09T14:17:06.537+08:00 [INFO] gRPC GetRecentTrades: symbol=BTC/USDT, limit=10
2026-10-09T14:17:06.538+08:00 [INFO] gRPC GetTicker: symbol=BTC/USDT
2026-10-09T14:17:07.535+08:00 [INFO] gRPC GetOrderBook: symbol=BTC/USDT, depth=20
2026-10-09T14:17:07.536+08:00 [INFO] gRPC GetRecentTrades: symbol=BTC/USDT, limit=10
2026-10-09T14:17:07.537+08:00 [INFO] gRPC GetTicker: symbol=BTC/USDT
2026-10-09T14:17:08.535+08:00 [INFO] gRPC GetOrderBook: symbol=BTC/USDT, depth=20
2026-10-09T14:17:08.537+08:00 [INFO] gRPC GetRecentTrades: symbol=BTC/USDT, limit=10
2026-10-09T14:17:08.540+08:00 [INFO] gRPC GetTicker: symbol=BTC/USDT
2026-10-09T14:17:09.536+08:00 [INFO] gRPC GetOrderBook: symbol=BTC/USDT, depth=20
2026-10-09T14:17:09.537+08:00 [INFO] gRPC GetRecentTrades: symbol=BTC/USDT, limit=10
2026-10-09T14:17:09.537+08:00 [INFO] gRPC GetTicker: symbol=BTC/USDT
2026-10-09T14:17:10.536+08:00 [INFO] gRPC GetOrderBook: symbol=BTC/USDT, depth=20
2026-10-09T14:17:10.536+08:00 [INFO] gRPC GetRecentTrades: symbol=BTC/USDT, limit=10
2026-10-09T14:17:10.537+08:00 [INFO] gRPC GetTicker: symbol=BTC/USDT
2026-10-09T14:17:11.536+08:00 [INFO] gRPC GetOrderBook: symbol=BTC/USDT, depth=20
2026-10-09T14:17:11.537+08:00 [INFO] gRPC GetRecentTrades: symbol=BTC/USDT, limit=10
2026-10-09T14:17:11.538+08:00 [INFO] gRPC GetTicker: symbol=BTC/USDT
2026-10-09T14:17:12.536+08:00 [INFO] gRPC GetOrderBook: symbol=BTC/USDT, depth=20
2026-10-09T14:17:12.537+08:00 [INFO] gRPC GetRecentTrades: symbol=BTC/USDT, limit=10
2026-10-09T14:17:12.538+08:00 [INFO] gRPC GetTicker: symbol=BTC/USDT
2026-10-09T14:17:13.535+08:00 [INFO] gRPC GetOrderBook: symbol=BTC/USDT, depth=20
2026-10-09T14:17:13.536+08:00 [INFO] gRPC GetRecentTrades: symbol=BTC/USDT, limit=10
2026-10-09T14:17:13.537+08:00 [INFO] gRPC GetTicker: symbol=BTC/USDT
2026-10-09T14:17:14.535+08:00 [INFO] gRPC GetOrderBook: symbol=BTC/USDT, depth=20
2026-10-09T14:17:14.536+08:00 [INFO] gRPC GetRecentTrades: symbol=BTC/USDT, limit=10
2026-10-09T14:17:14.537+08:00 [INFO] gRPC GetTicker: symbol=BTC/USDT
2026-10-09T14:17:15.535+08:00 [INFO] gRPC GetOrderBook: symbol=BTC/USDT, depth=20
2026-10-09T14:17:15.536+08:00 [INFO] gRPC GetRecentTrades: symbol=BTC/USDT, limit=10
2026-10-09T14:17:15.537+08:00 [INFO] gRPC GetTicker: symbol=BTC/USDT
2026-10-09T14:17:16.536+08:00 [INFO] gRPC GetOrderBook: symbol=BTC/USDT, depth=20
2026-10-09T14:17:16.536+08:00 [INFO] gRPC GetRecentTrades: symbol=BTC/USDT, limit=10
2026-10-09T14:17:16.537+08:00 [INFO] gRPC GetTicker: symbol=BTC/USDT
2026-10-09T14:17:17.535+08:00 [INFO] gRPC GetOrderBook: symbol=BTC/USDT, depth=20
2026-10-09T14:17:17.536+08:00 [INFO] gRPC GetRecentTrades: symbol=BTC/USDT, limit=10
2026-10-09T14:17:17.537+08:00 [INFO] gRPC GetTicker: symbol=BTC/USDT
2026-10-09T14:17:18.535+08:00 [INFO] gRPC GetOrderBook: symbol=BTC/USDT, depth=20
2026-10-09T14:17:18.536+08:00 [INFO] gRPC GetRecentTrades: symbol=BTC/USDT, limit=10
2026-10-09T14:17:18.537+08:00 [INFO] gRPC GetTicker: symbol=BTC/USDT
2026-10-09T14:17:19.535+08:00 [INFO] gRPC GetOrderBook: symbol=BTC/USDT, depth=20
2026-10-09T14:17:19.537+08:00 [INFO] gRPC GetRecentTrades: symbol=BTC/USDT, limit=10
2026-10-09T14:17:19.538+08:00 [INFO] gRPC GetTicker: symbol=BTC/USDT
2026-10-09T14:17:20.536+08:00 [INFO] gRPC GetOrderBook: symbol=BTC/USDT, depth=20
2026-10-09T14:17:20.537+08:00 [INFO] gRPC GetRecentTrades: symbol=BTC/USDT, limit=10
2026-10-09T14:17:20.538+08:00 [INFO] gRPC GetTicker: symbol=BTC/USDT
2026-10-09T14:17:21.535+08:00 [INFO] gRPC GetOrderBook: symbol=BTC/USDT, depth=20
2026-10-09T14:17:21.536+08:00 [INFO] gRPC GetRecentTrades: symbol=BTC/USDT, limit=10
2026-10-09T14:17:21.537+08:00 [INFO] gRPC GetTicker: symbol=BTC/USDT
2026-10-09T14:17:22.536+08:00 [INFO] gRPC GetOrderBook: symbol=BTC/USDT, depth=20
2026-10-09T14:17:22.537+08:00 [INFO] gRPC GetRecentTrades: symbol=BTC/USDT, limit=10
2026-10-09T14:17:22.537+08:00 [INFO] gRPC GetTicker: symbol=BTC/USDT
2026-10-09T14:17:23.535+08:00 [INFO] gRPC GetOrderBook: symbol=BTC/USDT, depth=20
2026-10-09T14:17:23.536+08:00 [INFO] gRPC GetRecentTrades: symbol=BTC/USDT, limit=10
2026-10-09T14:17:23.536+08:00 [INFO] gRPC GetTicker: symbol=BTC/USDT
2026-10-09T14:17:24.536+08:00 [INFO] gRPC GetOrderBook: symbol=BTC/USDT, depth=20
2026-10-09T14:17:24.537+08:00 [INFO] gRPC GetRecentTrades: symbol=BTC/USDT, limit=10
2026-10-09T14:17:24.538+08:00 [INFO] gRPC GetTicker: symbol=BTC/USDT
2026-10-09T14:17:25.537+08:00 [INFO] gRPC GetOrderBook: symbol=BTC/USDT, depth=20
2026-10-09T14:17:25.537+08:00 [INFO] gRPC GetRecentTrades: symbol=BTC/USDT, limit=10
2026-10-09T14:17:25.538+08:00 [INFO] gRPC GetTicker: symbol=BTC/USDT
2026-10-09T14:17:26.538+08:00 [INFO] gRPC GetOrderBook: symbol=BTC/USDT, depth=20
2026-10-09T14:17:26.539+08:00 [INFO] gRPC GetRecentTrades: symbol=BTC/USDT, limit=10
2026-10-09T14:17:26.540+08:00 [INFO] gRPC GetTicker: symbol=BTC/USDT
2026-10-09T14:17:27.535+08:00 [INFO] gRPC GetOrderBook: symbol=BTC/USDT, depth=20
2026-10-09T14:17:27.536+08:00 [INFO] gRPC GetRecentTrades: symbol=BTC/USDT, limit=10
2026-10-09T14:17:27.537+08:00 [INFO] gRPC GetTicker: symbol=BTC/USDT
2026-10-09T14:17:28.537+08:00 [INFO] gRPC GetOrderBook: symbol=BTC/USDT, depth=20
2026-10-09T14:17:28.541+08:00 [INFO] gRPC GetRecentTrades: symbol=BTC/USDT, limit=10
2026-10-09T14:17:28.542+08:00 [INFO] gRPC GetTicker: symbol=BTC/USDT
2026-10-09T14:17:29.534+08:00 [INFO] gRPC GetOrderBook: symbol=BTC/USDT, depth=20
2026-10-09T14:17:29.536+08:00 [INFO] gRPC GetRecentTrades: symbol=BTC/USDT, limit=10
2026-10-09T14:17:29.536+08:00 [INFO] gRPC GetTicker: symbol=BTC/USDT
2026-10-09T14:17:30.535+08:00 [INFO] gRPC GetOrderBook: symbol=BTC/USDT, depth=20
2026-10-09T14:17:30.536+08:00 [INFO] gRPC GetRecentTrades: symbol=BTC/USDT, limit=10
2026-10-09T14:17:30.537+08:00 [INFO] gRPC GetTicker: symbol=BTC/USDT
2026-10-09T14:17:31.535+08:00 [INFO] gRPC GetOrderBook: symbol=BTC/USDT, depth=20
2026-10-09T14:17:31.535+08:00 [INFO] gRPC GetRecentTrades: symbol=BTC/USDT, limit=10
2026-10-09T14:17:31.536+08:00 [INFO] gRPC GetTicker: symbol=BTC/USDT
2026-10-09T14:17:32.535+08:00 [INFO] gRPC GetOrderBook: symbol=BTC/USDT, depth=20
2026-10-09T14:17:32.536+08:00 [INFO] gRPC GetRecentTrades: symbol=BTC/USDT, limit=10
2026-10-09T14:17:32.536+08:00 [INFO] gRPC GetTicker: symbol=BTC/USDT
2026-10-09T14:17:33.535+08:00 [INFO] gRPC GetOrderBook: symbol=BTC/USDT, depth=20
2026-10-09T14:17:33.536+08:00 [INFO] gRPC GetRecentTrades: symbol=BTC/USDT, limit=10
2026-10-09T14:17:33.536+08:00 [INFO] gRPC GetTicker: symbol=BTC/USDT
2026-10-09T14:17:34.535+08:00 [INFO] gRPC GetOrderBook: symbol=BTC/USDT, depth=20
2026-10-09T14:17:34.536+08:00 [INFO] gRPC GetRecentTrades: symbol=BTC/USDT, limit=10
2026-10-09T14:17:34.537+08:00 [INFO] gRPC GetTicker: symbol=BTC/USDT
2026-10-09T14:17:35.535+08:00 [INFO] gRPC GetOrderBook: symbol=BTC/USDT, depth=20
2026-10-09T14:17:35.537+08:00 [INFO] gRPC GetRecentTrades: symbol=BTC/USDT, limit=10
2026-10-09T14:17:35.537+08:00 [INFO] gRPC GetTicker: symbol=BTC/USDT
2026-10-09T14:17:36.534+08:00 [INFO] gRPC GetOrderBook: symbol=BTC/USDT, depth=20
2026-10-09T14:17:36.535+08:00 [INFO] gRPC GetRecentTrades: symbol=BTC/USDT, limit=10
2026-10-09T14:17:36.535+08:00 [INFO] gRPC GetTicker: symbol=BTC/USDT
2026-10-09T14:17:37.535+08:00 [INFO] gRPC GetOrderBook: symbol=BTC/USDT, depth=20
2026-10-09T14:17:37.536+08:00 [INFO] gRPC GetRecentTrades: symbol=BTC/USDT, limit=10
2026-10-09T14:17:37.536+08:00 [INFO] gRPC GetTicker: symbol=BTC/USDT
2026-10-09T14:17:38.535+08:00 [INFO] gRPC GetOrderBook: symbol=BTC/USDT, depth=20
2026-10-09T14:17:38.535+08:00 [INFO] gRPC GetRecentTrades: symbol=BTC/USDT, limit=10
2026-10-09T14:17:38.536+08:00 [INFO] gRPC GetTicker: symbol=BTC/USDT
2026-10-09T14:17:39.535+08:00 [INFO] gRPC GetOrderBook: symbol=BTC/USDT, depth=20
2026-10-09T14:17:39.535+08:00 [INFO] gRPC GetRecentTrades: symbol=BTC/USDT, limit=10
2026-10-09T14:17:39.537+08:00 [INFO] gRPC GetTicker: symbol=BTC/USDT
2026-10-09T14:17:40.535+08:00 [INFO] gRPC GetOrderBook: symbol=BTC/USDT, depth=20
2026-10-09T14:17:40.535+08:00 [INFO] gRPC GetRecentTrades: symbol=BTC/USDT, limit=10
2026-10-09T14:17:40.536+08:00 [INFO] gRPC GetTicker: symbol=BTC/USDT
2026-10-09T14:17:41.534+08:00 [INFO] gRPC GetOrderBook: symbol=BTC/USDT, depth=20
2026-10-09T14:17:41.535+08:00 [INFO] gRPC GetRecentTrades: symbol=BTC/USDT, limit=10
2026-10-09T14:17:41.536+08:00 [INFO] gRPC GetTicker: symbol=BTC/USDT
2026-10-09T14:17:42.536+08:00 [INFO] gRPC GetOrderBook: symbol=BTC/USDT, depth=20
2026-10-09T14:17:42.537+08:00 [INFO] gRPC GetRecentTrades: symbol=BTC/USDT, limit=10
2026-10-09T14:17:42.538+08:00 [INFO] gRPC GetTicker: symbol=BTC/USDT
2026-10-09T14:17:43.538+08:00 [INFO] gRPC GetOrderBook: symbol=BTC/USDT, depth=20
2026-10-09T14:17:43.540+08:00 [INFO] gRPC GetRecentTrades: symbol=BTC/USDT, limit=10
2026-10-09T14:17:43.540+08:00 [INFO] gRPC GetTicker: symbol=BTC/USDT
2026-10-09T14:17:44.536+08:00 [INFO] gRPC GetOrderBook: symbol=BTC/USDT, depth=20
2026-10-09T14:17:44.537+08:00 [INFO] gRPC GetRecentTrades: symbol=BTC/USDT, limit=10
2026-10-09T14:17:44.537+08:00 [INFO] gRPC GetTicker: symbol=BTC/USDT
2026-10-09T14:17:45.536+08:00 [INFO] gRPC GetOrderBook: symbol=BTC/USDT, depth=20
2026-10-09T14:17:45.537+08:00 [INFO] gRPC GetRecentTrades: symbol=BTC/USDT, limit=10
2026-10-09T14:17:45.537+08:00 [INFO] gRPC GetTicker: symbol=BTC/USDT
2026-10-09T14:17:46.535+08:00 [INFO] gRPC GetOrderBook: symbol=BTC/USDT, depth=20
2026-10-09T14:17:46.536+08:00 [INFO] gRPC GetRecentTrades: symbol=BTC/USDT, limit=10
2026-10-09T14:17:46.536+08:00 [INFO] gRPC GetTicker: symbol=BTC/USDT
2026-10-09T14:17:47.535+08:00 [INFO] gRPC GetOrderBook: symbol=BTC/USDT, depth=20
2026-10-09T14:17:47.536+08:00 [INFO] gRPC GetRecentTrades: symbol=BTC/USDT, limit=10
2026-10-09T14:17:47.537+08:00 [INFO] gRPC GetTicker: symbol=BTC/USDT
2026-10-09T14:17:48.534+08:00 [INFO] gRPC GetOrderBook: symbol=BTC/USDT, depth=20
2026-10-09T14:17:48.537+08:00 [INFO] gRPC GetRecentTrades: symbol=BTC/USDT, limit=10
2026-10-09T14:17:48.537+08:00 [INFO] gRPC GetTicker: symbol=BTC/USDT
2026-10-09T14:17:49.535+08:00 [INFO] gRPC GetOrderBook: symbol=BTC/USDT, depth=20
2026-10-09T14:17:49.536+08:00 [INFO] gRPC GetRecentTrades: symbol=BTC/USDT, limit=10
2026-10-09T14:17:49.536+08:00 [INFO] gRPC GetTicker: symbol=BTC/USDT
2026-10-09T14:17:50.535+08:00 [INFO] gRPC GetOrderBook: symbol=BTC/USDT, depth=20
2026-10-09T14:17:50.536+08:00 [INFO] gRPC GetRecentTrades: symbol=BTC/USDT, limit=10
2026-10-09T14:17:50.537+08:00 [INFO] gRPC GetTicker: symbol=BTC/USDT
2026-10-09T14:17:51.536+08:00 [INFO] gRPC GetOrderBook: symbol=BTC/USDT, depth=20
2026-10-09T14:17:51.537+08:00 [INFO] gRPC GetRecentTrades: symbol=BTC/USDT, limit=10
2026-10-09T14:17:51.537+08:00 [INFO] gRPC GetTicker: symbol=BTC/USDT
2026-10-09T14:17:52.536+08:00 [INFO] gRPC GetOrderBook: symbol=BTC/USDT, depth=20
2026-10-09T14:17:52.537+08:00 [INFO] gRPC GetRecentTrades: symbol=BTC/USDT, limit=10
2026-10-09T14:17:52.538+08:00 [INFO] gRPC GetTicker: symbol=BTC/USDT
2026-10-09T14:17:53.534+08:00 [INFO] gRPC GetOrderBook: symbol=BTC/USDT, depth=20
2026-10-09T14:17:53.534+08:00 [INFO] gRPC GetRecentTrades: symbol=BTC/USDT, limit=10
2026-10-09T14:17:53.535+08:00 [INFO] gRPC GetTicker: symbol=BTC/USDT
2026-10-09T14:17:54.535+08:00 [INFO] gRPC GetOrderBook: symbol=BTC/USDT, depth=20
2026-10-09T14:17:54.536+08:00 [INFO] gRPC GetRecentTrades: symbol=BTC/USDT, limit=10
2026-10-09T14:17:54.537+08:00 [INFO] gRPC GetTicker: symbol=BTC/USDT
2026-10-09T14:17:55.535+08:00 [INFO] gRPC GetOrderBook: symbol=BTC/USDT, depth=20
2026-10-09T14:17:55.535+08:00 [INFO] gRPC GetRecentTrades: symbol=BTC/USDT, limit=10
2026-10-09T14:17:55.536+08:00 [INFO] gRPC GetTicker: symbol=BTC/USDT
2026-10-09T14:17:56.534+08:00 [INFO] gRPC GetOrderBook: symbol=BTC/USDT, depth=20
2026-10-09T14:17:56.535+08:00 [INFO] gRPC GetRecentTrades: symbol=BTC/USDT, limit=10
2026-10-09T14:17:56.536+08:00 [INFO] gRPC GetTicker: symbol=BTC/USDT
2026-10-09T14:17:57.535+08:00 [INFO] gRPC GetOrderBook: symbol=BTC/USDT, depth=20
2026-10-09T14:17:57.536+08:00 [INFO] gRPC GetRecentTrades: symbol=BTC/USDT, limit=10
2026-10-09T14:17:57.536+08:00 [INFO] gRPC GetTicker: symbol=BTC/USDT
2026-10-09T14:17:58.534+08:00 [INFO] gRPC GetOrderBook: symbol=BTC/USDT, depth=20
2026-10-09T14:17:58.535+08:00 [INFO] gRPC GetRecentTrades: symbol=BTC/USDT, limit=10
2026-10-09T14:17:58.535+08:00 [INFO] gRPC GetTicker: symbol=BTC/USDT
2026-10-09T14:17:59.535+08:00 [INFO] gRPC GetOrderBook: symbol=BTC/USDT, depth=20
2026-10-09T14:17:59.536+08:00 [INFO] gRPC GetRecentTrades: symbol=BTC/USDT, limit=10
2026-10-09T14:17:59.537+08:00 [INFO] gRPC GetTicker: symbol=BTC/USDT
2026-10-09T14:18:00.534+08:00 [INFO] gRPC GetOrderBook: symbol=BTC/USDT, depth=20
2026-10-09T14:18:00.535+08:00 [INFO] gRPC GetRecentTrades: symbol=BTC/USDT, limit=10
2026-10-09T14:18:00.535+08:00 [INFO] gRPC GetTicker: symbol=BTC/USDT
2026-10-09T14:18:01.534+08:00 [INFO] gRPC GetOrderBook: symbol=BTC/USDT, depth=20
2026-10-09T14:18:01.535+08:00 [INFO] gRPC GetRecentTrades: symbol=BTC/USDT, limit=10
2026-10-09T14:18:01.536+08:00 [INFO] gRPC GetTicker: symbol=BTC/USDT
2026-10-09T14:18:02.534+08:00 [INFO] gRPC GetOrderBook: symbol=BTC/USDT, depth=20
2026-10-09T14:18:02.536+08:00 [INFO] gRPC GetRecentTrades: symbol=BTC/USDT, limit=10
2026-10-09T14:18:02.536+08:00 [INFO] gRPC GetTicker: symbol=BTC/USDT
2026-10-09T14:18:03.535+08:00 [INFO] gRPC GetOrderBook: symbol=BTC/USDT, depth=20
2026-10-09T14:18:03.536+08:00 [INFO] gRPC GetRecentTrades: symbol=BTC/USDT, limit=10
2026-10-09T14:18:03.536+08:00 [INFO] gRPC GetTicker: symbol=BTC/USDT
2026-10-09T14:18:04.534+08:00 [INFO] gRPC GetOrderBook: symbol=BTC/USDT, depth=20
2026-10-09T14:18:04.535+08:00 [INFO] gRPC GetRecentTrades: symbol=BTC/USDT, limit=10
2026-10-09T14:18:04.535+08:00 [INFO] gRPC GetTicker: symbol=BTC/USDT
2026-10-09T14:20:22.786+08:00 [INFO] gRPC GetOrderBook: symbol=BTC/USDT, depth=20
2026-10-09T14:20:22.786+08:00 [INFO] gRPC GetOrderBook: symbol=BNB/USDT, depth=20
2026-10-09T14:20:22.786+08:00 [INFO] gRPC GetOrderBook: symbol=ETH/USDT, depth=20
2026-10-09T14:20:22.790+08:00 [INFO] gRPC GetRecentTrades: symbol=ETH/USDT, limit=10
2026-10-09T14:20:22.790+08:00 [INFO] gRPC GetRecentTrades: symbol=BNB/USDT, limit=10
2026-10-09T14:20:22.790+08:00 [INFO] gRPC GetRecentTrades: symbol=BTC/USDT, limit=10
2026-10-09T14:20:22.791+08:00 [INFO] gRPC GetTicker: symbol=BTC/USDT
2026-10-09T14:20:22.791+08:00 [INFO] gRPC GetTicker: symbol=ETH/USDT
2026-10-09T14:20:22.791+08:00 [INFO] gRPC GetTicker: symbol=BNB/USDT
2026-10-09T14:20:23.531+08:00 [INFO] gRPC GetOrderBook: symbol=BTC/USDT, depth=20
2026-10-09T14:20:23.531+08:00 [INFO] gRPC GetRecentTrades: symbol=BTC/USDT, limit=10
2026-10-09T14:20:23.531+08:00 [INFO] gRPC GetTicker: symbol=BTC/USDT
2026-10-09T14:20:23.782+08:00 [INFO] gRPC GetOrderBook: symbol=ETH/USDT, depth=20
2026-10-09T14:20:23.783+08:00 [INFO] gRPC GetRecentTrades: symbol=ETH/USDT, limit=10
2026-10-09T14:20:23.783+08:00 [INFO] gRPC GetTicker: symbol=ETH/USDT
2026-10-09T14:20:24.090+08:00 [INFO] gRPC GetOrderBook: symbol=BNB/USDT, depth=20
2026-10-09T14:20:24.091+08:00 [INFO] gRPC GetRecentTrades: symbol=BNB/USDT, limit=10
2026-10-09T14:20:24.092+08:00 [INFO] gRPC GetTicker: symbol=BNB/USDT
2026-10-09T14:20:24.786+08:00 [INFO] gRPC GetOrderBook: symbol=BTC/USDT, depth=20
2026-10-09T14:20:24.787+08:00 [INFO] gRPC GetRecentTrades: symbol=BTC/USDT, limit=10
2026-10-09T14:20:24.787+08:00 [INFO] gRPC GetTicker: symbol=BTC/USDT
2026-10-09T14:20:25.024+08:00 [INFO] gRPC GetOrderBook: symbol=ETH/USDT, depth=20
2026-10-09T14:20:25.024+08:00 [INFO] gRPC GetRecentTrades: symbol=ETH/USDT, limit=10
2026-10-09T14:20:25.025+08:00 [INFO] gRPC GetTicker: symbol=ETH/USDT
2026-10-09T14:20:25.319+08:00 [INFO] gRPC GetOrderBook: symbol=BNB/USDT, depth=20
2026-10-09T14:20:25.319+08:00 [INFO] gRPC GetRecentTrades: symbol=BNB/USDT, limit=10
2026-10-09T14:20:25.320+08:00 [INFO] gRPC GetTicker: symbol=BNB/USDT
2026-10-09T14:20:25.625+08:00 [INFO] gRPC GetOrderBook: symbol=BTC/USDT, depth=20
2026-10-09T14:20:25.625+08:00 [INFO] gRPC GetRecentTrades: symbol=BTC/USDT, limit=10
2026-10-09T14:20:25.626+08:00 [INFO] gRPC GetTicker: symbol=BTC/USDT
2026-10-09T14:20:25.861+08:00 [INFO] gRPC GetOrderBook: symbol=ETH/USDT, depth=20
2026-10-09T14:20:25.862+08:00 [INFO] gRPC GetRecentTrades: symbol=ETH/USDT, limit=10
2026-10-09T14:20:25.862+08:00 [INFO] gRPC GetTicker: symbol=ETH/USDT
2026-10-09T14:20:26.138+08:00 [INFO] gRPC GetOrderBook: symbol=BNB/USDT, depth=20
2026-10-09T14:20:26.138+08:00 [INFO] gRPC GetRecentTrades: symbol=BNB/USDT, limit=10
2026-10-09T14:20:26.139+08:00 [INFO] gRPC GetTicker: symbol=BNB/USDT
2026-10-09T14:20:26.530+08:00 [INFO] gRPC GetOrderBook: symbol=BTC/USDT, depth=20
2026-10-09T14:20:26.530+08:00 [INFO] gRPC GetRecentTrades: symbol=BTC/USDT, limit=10
2026-10-09T14:20:26.530+08:00 [INFO] gRPC GetTicker: symbol=BTC/USDT
2026-10-09T14:20:26.765+08:00 [INFO] gRPC GetOrderBook: symbol=ETH/USDT, depth=20
2026-10-09T14:20:26.765+08:00 [INFO] gRPC GetRecentTrades: symbol=ETH/USDT, limit=10
2026-10-09T14:20:26.766+08:00 [INFO] gRPC GetTicker: symbol=ETH/USDT
2026-10-09T14:20:27.012+08:00 [INFO] gRPC GetOrderBook: symbol=BNB/USDT, depth=20
2026-10-09T14:20:27.013+08:00 [INFO] gRPC GetRecentTrades: symbol=BNB/USDT, limit=10
2026-10-09T14:20:27.013+08:00 [INFO] gRPC GetTicker: symbol=BNB/USDT
2026-10-09T14:20:27.530+08:00 [INFO] gRPC GetOrderBook: symbol=BTC/USDT, depth=20
2026-10-09T14:20:27.530+08:00 [INFO] gRPC GetRecentTrades: symbol=BTC/USDT, limit=10
2026-10-09T14:20:27.531+08:00 [INFO] gRPC GetTicker: symbol=BTC/USDT
2026-10-09T14:20:27.762+08:00 [INFO] gRPC GetOrderBook: symbol=ETH/USDT, depth=20
2026-10-09T14:20:27.763+08:00 [INFO] gRPC GetRecentTrades: symbol=ETH/USDT, limit=10
2026-10-09T14:20:27.763+08:00 [INFO] gRPC GetTicker: symbol=ETH/USDT
2026-10-09T14:20:28.030+08:00 [INFO] gRPC GetOrderBook: symbol=BNB/USDT, depth=20
2026-10-09T14:20:28.030+08:00 [INFO] gRPC GetRecentTrades: symbol=BNB/USDT, limit=10
2026-10-09T14:20:28.031+08:00 [INFO] gRPC GetTicker: symbol=BNB/USDT
2026-10-09T14:20:28.530+08:00 [INFO] gRPC GetOrderBook: symbol=ETH/USDT, depth=20
2026-10-09T14:20:28.530+08:00 [INFO] gRPC GetRecentTrades: symbol=ETH/USDT, limit=10
2026-10-09T14:20:28.531+08:00 [INFO] gRPC GetTicker: symbol=ETH/USDT
2026-10-09T14:20:29.234+08:00 [INFO] gRPC GetOrderBook: symbol=BNB/USDT, depth=20
2026-10-09T14:20:29.237+08:00 [INFO] gRPC GetRecentTrades: symbol=BNB/USDT, limit=10
2026-10-09T14:20:29.237+08:00 [INFO] gRPC GetTicker: symbol=BNB/USDT
2026-10-09T14:20:29.468+08:00 [INFO] gRPC GetOrderBook: symbol=BTC/USDT, depth=20
2026-10-09T14:20:29.469+08:00 [INFO] gRPC GetRecentTrades: symbol=BTC/USDT, limit=10
2026-10-09T14:20:29.470+08:00 [INFO] gRPC GetTicker: symbol=BTC/USDT
2026-10-09T14:20:29.721+08:00 [INFO] gRPC GetOrderBook: symbol=BTC/USDT, depth=20
2026-10-09T14:20:29.721+08:00 [INFO] gRPC GetRecentTrades: symbol=BTC/USDT, limit=10
2026-10-09T14:20:29.721+08:00 [INFO] gRPC GetTicker: symbol=BTC/USDT
2026-10-09T14:20:30.029+08:00 [INFO] gRPC GetOrderBook: symbol=ETH/USDT, depth=20
2026-10-09T14:20:30.029+08:00 [INFO] gRPC GetRecentTrades: symbol=ETH/USDT, limit=10
2026-10-09T14:20:30.030+08:00 [INFO] gRPC GetTicker: symbol=ETH/USDT
2026-10-09T14:20:31.219+08:00 [INFO] gRPC GetOrderBook: symbol=BNB/USDT, depth=20
2026-10-09T14:20:31.220+08:00 [INFO] gRPC GetRecentTrades: symbol=BNB/USDT, limit=10
2026-10-09T14:20:31.220+08:00 [INFO] gRPC GetTicker: symbol=BNB/USDT
2026-10-09T14:20:31.463+08:00 [INFO] gRPC GetOrderBook: symbol=BTC/USDT, depth=20
2026-10-09T14:20:31.463+08:00 [INFO] gRPC GetRecentTrades: symbol=BTC/USDT, limit=10
2026-10-09T14:20:31.463+08:00 [INFO] gRPC GetTicker: symbol=BTC/USDT
2026-10-09T14:20:31.679+08:00 [INFO] gRPC GetOrderBook: symbol=BTC/USDT, depth=20
2026-10-09T14:20:31.689+08:00 [INFO] gRPC GetRecentTrades: symbol=BTC/USDT, limit=20
2026-10-09T14:20:31.691+08:00 [INFO] gRPC GetOrderBook: symbol=BNB/USDT, depth=20
2026-10-09T14:20:31.691+08:00 [INFO] gRPC GetOrderBook: symbol=BTC/USDT, depth=20
2026-10-09T14:20:31.691+08:00 [INFO] gRPC GetOrderBook: symbol=ETH/USDT, depth=20
2026-10-09T14:20:31.692+08:00 [INFO] gRPC GetRecentTrades: symbol=BNB/USDT, limit=10
2026-10-09T14:20:31.692+08:00 [INFO] gRPC GetRecentTrades: symbol=ETH/USDT, limit=10
2026-10-09T14:20:31.692+08:00 [INFO] gRPC GetRecentTrades: symbol=BTC/USDT, limit=10
2026-10-09T14:20:31.692+08:00 [INFO] gRPC GetTicker: symbol=BNB/USDT
2026-10-09T14:20:31.692+08:00 [INFO] gRPC GetTicker: symbol=ETH/USDT
2026-10-09T14:20:31.692+08:00 [INFO] gRPC GetTicker: symbol=BTC/USDT
2026-10-09T14:20:31.698+08:00 [INFO] gRPC GetOrderBook: symbol=ETH/USDT, depth=20
2026-10-09T14:20:31.698+08:00 [INFO] gRPC GetRecentTrades: symbol=ETH/USDT, limit=10
2026-10-09T14:20:31.698+08:00 [INFO] gRPC GetTicker: symbol=ETH/USDT
2026-10-09T14:20:31.710+08:00 [INFO] gRPC GetOrderBook: symbol=BTC/USDT, depth=20
2026-10-09T14:20:31.711+08:00 [INFO] gRPC GetRecentTrades: symbol=BTC/USDT, limit=10
2026-10-09T14:20:31.711+08:00 [INFO] gRPC GetTicker: symbol=BTC/USDT
2026-10-09T14:20:31.931+08:00 [INFO] gRPC GetOrderBook: symbol=BNB/USDT, depth=20
2026-10-09T14:20:31.931+08:00 [INFO] gRPC GetRecentTrades: symbol=BNB/USDT, limit=10
2026-10-09T14:20:31.931+08:00 [INFO] gRPC GetTicker: symbol=BNB/USDT
2026-10-09T14:20:32.164+08:00 [INFO] gRPC GetOrderBook: symbol=BTC/USDT, depth=20
2026-10-09T14:20:32.165+08:00 [INFO] gRPC GetRecentTrades: symbol=BTC/USDT, limit=10
2026-10-09T14:20:32.165+08:00 [INFO] gRPC GetTicker: symbol=BTC/USDT
2026-10-09T14:20:32.398+08:00 [INFO] gRPC GetOrderBook: symbol=ETH/USDT, depth=20
2026-10-09T14:20:32.399+08:00 [INFO] gRPC GetRecentTrades: symbol=ETH/USDT, limit=10
2026-10-09T14:20:32.399+08:00 [INFO] gRPC GetTicker: symbol=ETH/USDT
2026-10-09T14:20:32.632+08:00 [INFO] gRPC GetOrderBook: symbol=BNB/USDT, depth=20
2026-10-09T14:20:32.633+08:00 [INFO] gRPC GetRecentTrades: symbol=BNB/USDT, limit=10
2026-10-09T14:20:32.633+08:00 [INFO] gRPC GetTicker: symbol=BNB/USDT
2026-10-09T14:20:32.866+08:00 [INFO] gRPC GetOrderBook: symbol=BTC/USDT, depth=20
2026-10-09T14:20:32.867+08:00 [INFO] gRPC GetRecentTrades: symbol=BTC/USDT, limit=10
2026-10-09T14:20:32.867+08:00 [INFO] gRPC GetTicker: symbol=BTC/USDT
2026-10-09T14:20:33.100+08:00 [INFO] gRPC GetOrderBook: symbol=ETH/USDT, depth=20
2026-10-09T14:20:33.101+08:00 [INFO] gRPC GetRecentTrades: symbol=ETH/USDT, limit=10
2026-10-09T14:20:33.101+08:00 [INFO] gRPC GetTicker: symbol=ETH/USDT
2026-10-09T14:20:33.347+08:00 [INFO] gRPC GetOrderBook: symbol=BNB/USDT, depth=20
2026-10-09T14:20:33.347+08:00 [INFO] gRPC GetRecentTrades: symbol=BNB/USDT, limit=10
2026-10-09T14:20:33.348+08:00 [INFO] gRPC GetTicker: symbol=BNB/USDT
2026-10-09T14:20:34.687+08:00 [INFO] gRPC GetOrderBook: symbol=ETH/USDT, depth=20
2026-10-09T14:20:34.687+08:00 [INFO] gRPC GetOrderBook: symbol=BNB/USDT, depth=20
2026-10-09T14:20:34.687+08:00 [INFO] gRPC GetRecentTrades: symbol=ETH/USDT, limit=10
2026-10-09T14:20:34.687+08:00 [INFO] gRPC GetRecentTrades: symbol=BNB/USDT, limit=10
2026-10-09T14:20:34.688+08:00 [INFO] gRPC GetTicker: symbol=BNB/USDT
2026-10-09T14:20:34.688+08:00 [INFO] gRPC GetTicker: symbol=ETH/USDT
2026-10-09T14:20:35.530+08:00 [INFO] gRPC GetOrderBook: symbol=BNB/USDT, depth=20
2026-10-09T14:20:35.530+08:00 [INFO] gRPC GetRecentTrades: symbol=BNB/USDT, limit=10
2026-10-09T14:20:35.530+08:00 [INFO] gRPC GetTicker: symbol=BNB/USDT
2026-10-09T14:20:35.777+08:00 [INFO] gRPC GetOrderBook: symbol=ETH/USDT, depth=20
2026-10-09T14:20:35.778+08:00 [INFO] gRPC GetRecentTrades: symbol=ETH/USDT, limit=10
2026-10-09T14:20:35.779+08:00 [INFO] gRPC GetTicker: symbol=ETH/USDT
2026-10-09T14:20:36.415+08:00 [INFO] gRPC GetOrderBook: symbol=ETH/USDT, depth=20
2026-10-09T14:20:36.415+08:00 [INFO] gRPC GetOrderBook: symbol=BNB/USDT, depth=20
2026-10-09T14:20:36.416+08:00 [INFO] gRPC GetRecentTrades: symbol=ETH/USDT, limit=10
2026-10-09T14:20:36.416+08:00 [INFO] gRPC GetRecentTrades: symbol=BNB/USDT, limit=10
2026-10-09T14:20:36.417+08:00 [INFO] gRPC GetTicker: symbol=BNB/USDT
2026-10-09T14:20:36.417+08:00 [INFO] gRPC GetTicker: symbol=ETH/USDT
2026-10-09T14:20:36.529+08:00 [INFO] gRPC GetOrderBook: symbol=ETH/USDT, depth=20
2026-10-09T14:20:36.530+08:00 [INFO] gRPC GetRecentTrades: symbol=ETH/USDT, limit=10
2026-10-09T14:20:36.530+08:00 [INFO] gRPC GetTicker: symbol=ETH/USDT
2026-10-09T14:20:37.811+08:00 [INFO] gRPC GetOrderBook: symbol=BNB/USDT, depth=20
2026-10-09T14:20:37.812+08:00 [INFO] gRPC GetRecentTrades: symbol=BNB/USDT, limit=10
2026-10-09T14:20:37.813+08:00 [INFO] gRPC GetTicker: symbol=BNB/USDT
2026-10-09T14:20:38.117+08:00 [INFO] gRPC GetOrderBook: symbol=ETH/USDT, depth=20
2026-10-09T14:20:38.118+08:00 [INFO] gRPC GetRecentTrades: symbol=ETH/USDT, limit=10
2026-10-09T14:20:38.121+08:00 [INFO] gRPC GetTicker: symbol=ETH/USDT
2026-10-09T14:20:38.361+08:00 [INFO] gRPC GetOrderBook: symbol=BNB/USDT, depth=20
2026-10-09T14:20:38.362+08:00 [INFO] gRPC GetRecentTrades: symbol=BNB/USDT, limit=10
2026-10-09T14:20:38.363+08:00 [INFO] gRPC GetTicker: symbol=BNB/USDT
2026-10-09T14:20:38.607+08:00 [INFO] gRPC GetOrderBook: symbol=ETH/USDT, depth=20
2026-10-09T14:20:38.607+08:00 [INFO] gRPC GetRecentTrades: symbol=ETH/USDT, limit=10
2026-10-09T14:20:38.607+08:00 [INFO] gRPC GetTicker: symbol=ETH/USDT
2026-10-09T14:20:38.936+08:00 [INFO] gRPC GetOrderBook: symbol=BNB/USDT, depth=20
2026-10-09T14:20:38.937+08:00 [INFO] gRPC GetRecentTrades: symbol=BNB/USDT, limit=10
2026-10-09T14:20:38.937+08:00 [INFO] gRPC GetTicker: symbol=BNB/USDT
2026-10-09T14:20:39.529+08:00 [INFO] gRPC GetOrderBook: symbol=ETH/USDT, depth=20
2026-10-09T14:20:39.530+08:00 [INFO] gRPC GetRecentTrades: symbol=ETH/USDT, limit=10
2026-10-09T14:20:39.530+08:00 [INFO] gRPC GetTicker: symbol=ETH/USDT
2026-10-09T14:20:39.785+08:00 [INFO] gRPC GetOrderBook: symbol=BNB/USDT, depth=20
2026-10-09T14:20:39.785+08:00 [INFO] gRPC GetRecentTrades: symbol=BNB/USDT, limit=10
2026-10-09T14:20:39.786+08:00 [INFO] gRPC GetTicker: symbol=BNB/USDT
2026-10-09T14:20:40.529+08:00 [INFO] gRPC GetOrderBook: symbol=ETH/USDT, depth=20
2026-10-09T14:20:40.530+08:00 [INFO] gRPC GetRecentTrades: symbol=ETH/USDT, limit=10
2026-10-09T14:20:40.534+08:00 [INFO] gRPC GetTicker: symbol=ETH/USDT
2026-10-09T14:20:40.780+08:00 [INFO] gRPC GetOrderBook: symbol=BNB/USDT, depth=20
2026-10-09T14:20:40.780+08:00 [INFO] gRPC GetRecentTrades: symbol=BNB/USDT, limit=10
2026-10-09T14:20:40.780+08:00 [INFO] gRPC GetTicker: symbol=BNB/USDT
2026-10-09T14:20:41.529+08:00 [INFO] gRPC GetOrderBook: symbol=ETH/USDT, depth=20
2026-10-09T14:20:41.530+08:00 [INFO] gRPC GetRecentTrades: symbol=ETH/USDT, limit=10
2026-10-09T14:20:41.531+08:00 [INFO] gRPC GetTicker: symbol=ETH/USDT
2026-10-09T14:20:42.229+08:00 [INFO] gRPC GetOrderBook: symbol=BNB/USDT, depth=20
2026-10-09T14:20:42.230+08:00 [INFO] gRPC GetRecentTrades: symbol=BNB/USDT, limit=10
2026-10-09T14:20:42.231+08:00 [INFO] gRPC GetTicker: symbol=BNB/USDT
2026-10-09T14:20:42.529+08:00 [INFO] gRPC GetOrderBook: symbol=ETH/USDT, depth=20
2026-10-09T14:20:42.530+08:00 [INFO] gRPC GetRecentTrades: symbol=ETH/USDT, limit=10
2026-10-09T14:20:42.530+08:00 [INFO] gRPC GetTicker: symbol=ETH/USDT
2026-10-09T14:20:42.778+08:00 [INFO] gRPC GetOrderBook: symbol=BNB/USDT, depth=20
2026-10-09T14:20:42.780+08:00 [INFO] gRPC GetRecentTrades: symbol=BNB/USDT, limit=10
2026-10-09T14:20:42.781+08:00 [INFO] gRPC GetTicker: symbol=BNB/USDT
2026-10-09T14:20:43.529+08:00 [INFO] gRPC GetOrderBook: symbol=ETH/USDT, depth=20
2026-10-09T14:20:43.530+08:00 [INFO] gRPC GetRecentTrades: symbol=ETH/USDT, limit=10
2026-10-09T14:20:43.530+08:00 [INFO] gRPC GetTicker: symbol=ETH/USDT
2026-10-09T14:20:43.776+08:00 [INFO] gRPC GetOrderBook: symbol=BNB/USDT, depth=20
2026-10-09T14:20:43.777+08:00 [INFO] gRPC GetRecentTrades: symbol=BNB/USDT, limit=10
2026-10-09T14:20:43.780+08:00 [INFO] gRPC GetTicker: symbol=BNB/USDT
2026-10-09T14:20:44.529+08:00 [INFO] gRPC GetOrderBook: symbol=ETH/USDT, depth=20
2026-10-09T14:20:44.530+08:00 [INFO] gRPC GetRecentTrades: symbol=ETH/USDT, limit=10
2026-10-09T14:20:44.530+08:00 [INFO] gRPC GetTicker: symbol=ETH/USDT
2026-10-09T14:20:44.775+08:00 [INFO] gRPC GetOrderBook: symbol=BNB/USDT, depth=20
2026-10-09T14:20:44.776+08:00 [INFO] gRPC GetRecentTrades: symbol=BNB/USDT, limit=10
2026-10-09T14:20:44.776+08:00 [INFO] gRPC GetTicker: symbol=BNB/USDT
2026-10-09T14:20:45.529+08:00 [INFO] gRPC GetOrderBook: symbol=ETH/USDT, depth=20
2026-10-09T14:20:45.530+08:00 [INFO] gRPC GetRecentTrades: symbol=ETH/USDT, limit=10
2026-10-09T14:20:45.531+08:00 [INFO] gRPC GetTicker: symbol=ETH/USDT
2026-10-09T14:20:45.798+08:00 [INFO] gRPC GetOrderBook: symbol=BNB/USDT, depth=20
2026-10-09T14:20:45.799+08:00 [INFO] gRPC GetRecentTrades: symbol=BNB/USDT, limit=10
2026-10-09T14:20:45.799+08:00 [INFO] gRPC GetTicker: symbol=BNB/USDT
2026-10-09T14:20:46.530+08:00 [INFO] gRPC GetOrderBook: symbol=ETH/USDT, depth=20
2026-10-09T14:20:46.530+08:00 [INFO] gRPC GetRecentTrades: symbol=ETH/USDT, limit=10
2026-10-09T14:20:46.531+08:00 [INFO] gRPC GetTicker: symbol=ETH/USDT
2026-10-09T14:20:46.795+08:00 [INFO] gRPC GetOrderBook: symbol=BNB/USDT, depth=20
2026-10-09T14:20:46.796+08:00 [INFO] gRPC GetRecentTrades: symbol=BNB/USDT, limit=10
2026-10-09T14:20:46.797+08:00 [INFO] gRPC GetTicker: symbol=BNB/USDT
2026-10-09T14:20:47.529+08:00 [INFO] gRPC GetOrderBook: symbol=BNB/USDT, depth=20
2026-10-09T14:20:47.530+08:00 [INFO] gRPC GetRecentTrades: symbol=BNB/USDT, limit=10
2026-10-09T14:20:47.530+08:00 [INFO] gRPC GetTicker: symbol=BNB/USDT
2026-10-09T14:20:47.764+08:00 [INFO] gRPC GetOrderBook: symbol=ETH/USDT, depth=20
2026-10-09T14:20:47.765+08:00 [INFO] gRPC GetRecentTrades: symbol=ETH/USDT, limit=10
2026-10-09T14:20:47.766+08:00 [INFO] gRPC GetTicker: symbol=ETH/USDT
2026-10-09T14:20:48.529+08:00 [INFO] gRPC GetOrderBook: symbol=BNB/USDT, depth=20
2026-10-09T14:20:48.530+08:00 [INFO] gRPC GetRecentTrades: symbol=BNB/USDT, limit=10
2026-10-09T14:20:48.530+08:00 [INFO] gRPC GetTicker: symbol=BNB/USDT
2026-10-09T14:20:48.776+08:00 [INFO] gRPC GetOrderBook: symbol=ETH/USDT, depth=20
2026-10-09T14:20:48.777+08:00 [INFO] gRPC GetRecentTrades: symbol=ETH/USDT, limit=10
2026-10-09T14:20:48.778+08:00 [INFO] gRPC GetTicker: symbol=ETH/USDT
2026-10-09T14:20:49.548+08:00 [INFO] gRPC GetOrderBook: symbol=ETH/USDT, depth=20
2026-10-09T14:20:49.556+08:00 [INFO] gRPC GetRecentTrades: symbol=ETH/USDT, limit=10
2026-10-09T14:20:49.557+08:00 [INFO] gRPC GetTicker: symbol=ETH/USDT
2026-10-09T14:20:49.799+08:00 [INFO] gRPC GetOrderBook: symbol=BNB/USDT, depth=20
2026-10-09T14:20:49.800+08:00 [INFO] gRPC GetRecentTrades: symbol=BNB/USDT, limit=10
2026-10-09T14:20:49.800+08:00 [INFO] gRPC GetTicker: symbol=BNB/USDT
2026-10-09T14:20:50.529+08:00 [INFO] gRPC GetOrderBook: symbol=ETH/USDT, depth=20
2026-10-09T14:20:50.530+08:00 [INFO] gRPC GetRecentTrades: symbol=ETH/USDT, limit=10
2026-10-09T14:20:50.531+08:00 [INFO] gRPC GetTicker: symbol=ETH/USDT
2026-10-09T14:20:50.815+08:00 [INFO] gRPC GetOrderBook: symbol=BNB/USDT, depth=20
2026-10-09T14:20:50.815+08:00 [INFO] gRPC GetRecentTrades: symbol=BNB/USDT, limit=10
2026-10-09T14:20:50.815+08:00 [INFO] gRPC GetTicker: symbol=BNB/USDT
2026-10-09T14:20:51.529+08:00 [INFO] gRPC GetOrderBook: symbol=ETH/USDT, depth=20
2026-10-09T14:20:51.530+08:00 [INFO] gRPC GetRecentTrades: symbol=ETH/USDT, limit=10
2026-10-09T14:20:51.530+08:00 [INFO] gRPC GetTicker: symbol=ETH/USDT
2026-10-09T14:20:51.785+08:00 [INFO] gRPC GetOrderBook: symbol=BNB/USDT, depth=20
2026-10-09T14:20:51.786+08:00 [INFO] gRPC GetRecentTrades: symbol=BNB/USDT, limit=10
2026-10-09T14:20:51.787+08:00 [INFO] gRPC GetTicker: symbol=BNB/USDT
2026-10-09T14:20:52.529+08:00 [INFO] gRPC GetOrderBook: symbol=ETH/USDT, depth=20
2026-10-09T14:20:52.530+08:00 [INFO] gRPC GetRecentTrades: symbol=ETH/USDT, limit=10
2026-10-09T14:20:52.530+08:00 [INFO] gRPC GetTicker: symbol=ETH/USDT
2026-10-09T14:20:52.862+08:00 [INFO] gRPC GetOrderBook: symbol=BNB/USDT, depth=20
2026-10-09T14:20:52.863+08:00 [INFO] gRPC GetRecentTrades: symbol=BNB/USDT, limit=10
2026-10-09T14:20:52.863+08:00 [INFO] gRPC GetTicker: symbol=BNB/USDT
2026-10-09T14:20:53.528+08:00 [INFO] gRPC GetOrderBook: symbol=BNB/USDT, depth=20
2026-10-09T14:20:53.530+08:00 [INFO] gRPC GetRecentTrades: symbol=BNB/USDT, limit=10
2026-10-09T14:20:53.530+08:00 [INFO] gRPC GetTicker: symbol=BNB/USDT
2026-10-09T14:20:53.785+08:00 [INFO] gRPC GetOrderBook: symbol=ETH/USDT, depth=20
2026-10-09T14:20:53.785+08:00 [INFO] gRPC GetRecentTrades: symbol=ETH/USDT, limit=10
2026-10-09T14:20:53.786+08:00 [INFO] gRPC GetTicker: symbol=ETH/USDT
2026-10-09T14:20:54.529+08:00 [INFO] gRPC GetOrderBook: symbol=BNB/USDT, depth=20
2026-10-09T14:20:54.530+08:00 [INFO] gRPC GetRecentTrades: symbol=BNB/USDT, limit=10
2026-10-09T14:20:54.530+08:00 [INFO] gRPC GetTicker: symbol=BNB/USDT
2026-10-09T14:20:54.774+08:00 [INFO] gRPC GetOrderBook: symbol=ETH/USDT, depth=20
2026-10-09T14:20:54.775+08:00 [INFO] gRPC GetRecentTrades: symbol=ETH/USDT, limit=10
2026-10-09T14:20:54.775+08:00 [INFO] gRPC GetTicker: symbol=ETH/USDT
2026-10-09T14:20:55.529+08:00 [INFO] gRPC GetOrderBook: symbol=BNB/USDT, depth=20
2026-10-09T14:20:55.530+08:00 [INFO] gRPC GetRecentTrades: symbol=BNB/USDT, limit=10
2026-10-09T14:20:55.530+08:00 [INFO] gRPC GetTicker: symbol=BNB/USDT
2026-10-09T14:20:55.818+08:00 [INFO] gRPC GetOrderBook: symbol=ETH/USDT, depth=20
2026-10-09T14:20:55.819+08:00 [INFO] gRPC GetRecentTrades: symbol=ETH/USDT, limit=10
2026-10-09T14:20:55.819+08:00 [INFO] gRPC GetTicker: symbol=ETH/USDT
2026-10-09T14:20:56.528+08:00 [INFO] gRPC GetOrderBook: symbol=BNB/USDT, depth=20
2026-10-09T14:20:56.529+08:00 [INFO] gRPC GetRecentTrades: symbol=BNB/USDT, limit=10
2026-10-09T14:20:56.529+08:00 [INFO] gRPC GetTicker: symbol=BNB/USDT
2026-10-09T14:20:56.772+08:00 [INFO] gRPC GetOrderBook: symbol=ETH/USDT, depth=20
2026-10-09T14:20:56.773+08:00 [INFO] gRPC GetRecentTrades: symbol=ETH/USDT, limit=10
2026-10-09T14:20:56.773+08:00 [INFO] gRPC GetTicker: symbol=ETH/USDT
2026-10-09T14:20:57.529+08:00 [INFO] gRPC GetOrderBook: symbol=ETH/USDT, depth=20
2026-10-09T14:20:57.529+08:00 [INFO] gRPC GetRecentTrades: symbol=ETH/USDT, limit=10
2026-10-09T14:20:57.530+08:00 [INFO] gRPC GetTicker: symbol=ETH/USDT
2026-10-09T14:20:57.881+08:00 [INFO] gRPC GetOrderBook: symbol=BNB/USDT, depth=20
2026-10-09T14:20:57.881+08:00 [INFO] gRPC GetRecentTrades: symbol=BNB/USDT, limit=10
2026-10-09T14:20:57.882+08:00 [INFO] gRPC GetTicker: symbol=BNB/USDT
2026-10-09T14:20:58.529+08:00 [INFO] gRPC GetOrderBook: symbol=BNB/USDT, depth=20
2026-10-09T14:20:58.529+08:00 [INFO] gRPC GetRecentTrades: symbol=BNB/USDT, limit=10
2026-10-09T14:20:58.530+08:00 [INFO] gRPC GetTicker: symbol=BNB/USDT
2026-10-09T14:20:58.776+08:00 [INFO] gRPC GetOrderBook: symbol=ETH/USDT, depth=20
2026-10-09T14:20:58.777+08:00 [INFO] gRPC GetRecentTrades: symbol=ETH/USDT, limit=10
2026-10-09T14:20:58.778+08:00 [INFO] gRPC GetTicker: symbol=ETH/USDT
2026-10-09T14:20:59.529+08:00 [INFO] gRPC GetOrderBook: symbol=ETH/USDT, depth=20
2026-10-09T14:20:59.529+08:00 [INFO] gRPC GetRecentTrades: symbol=ETH/USDT, limit=10
2026-10-09T14:20:59.530+08:00 [INFO] gRPC GetTicker: symbol=ETH/USDT
2026-10-09T14:20:59.777+08:00 [INFO] gRPC GetOrderBook: symbol=BNB/USDT, depth=20
2026-10-09T14:20:59.778+08:00 [INFO] gRPC GetRecentTrades: symbol=BNB/USDT, limit=10
2026-10-09T14:20:59.779+08:00 [INFO] gRPC GetTicker: symbol=BNB/USDT
2026-10-09T14:21:00.529+08:00 [INFO] gRPC GetOrderBook: symbol=ETH/USDT, depth=20
2026-10-09T14:21:00.529+08:00 [INFO] gRPC GetRecentTrades: symbol=ETH/USDT, limit=10
2026-10-09T14:21:00.530+08:00 [INFO] gRPC GetTicker: symbol=ETH/USDT
2026-10-09T14:21:00.849+08:00 [INFO] gRPC GetOrderBook: symbol=BNB/USDT, depth=20
2026-10-09T14:21:00.850+08:00 [INFO] gRPC GetRecentTrades: symbol=BNB/USDT, limit=10
2026-10-09T14:21:00.850+08:00 [INFO] gRPC GetTicker: symbol=BNB/USDT
2026-10-09T14:21:01.529+08:00 [INFO] gRPC GetOrderBook: symbol=ETH/USDT, depth=20
2026-10-09T14:21:01.529+08:00 [INFO] gRPC GetRecentTrades: symbol=ETH/USDT, limit=10
2026-10-09T14:21:01.530+08:00 [INFO] gRPC GetTicker: symbol=ETH/USDT
2026-10-09T14:21:01.873+08:00 [INFO] gRPC GetOrderBook: symbol=BNB/USDT, depth=20
2026-10-09T14:21:01.874+08:00 [INFO] gRPC GetRecentTrades: symbol=BNB/USDT, limit=10
2026-10-09T14:21:01.874+08:00 [INFO] gRPC GetTicker: symbol=BNB/USDT
2026-10-09T14:21:02.529+08:00 [INFO] gRPC GetOrderBook: symbol=ETH/USDT, depth=20
2026-10-09T14:21:02.529+08:00 [INFO] gRPC GetRecentTrades: symbol=ETH/USDT, limit=10
2026-10-09T14:21:02.529+08:00 [INFO] gRPC GetTicker: symbol=ETH/USDT
2026-10-09T14:21:02.764+08:00 [INFO] gRPC GetOrderBook: symbol=BNB/USDT, depth=20
2026-10-09T14:21:02.764+08:00 [INFO] gRPC GetRecentTrades: symbol=BNB/USDT, limit=10
2026-10-09T14:21:02.764+08:00 [INFO] gRPC GetTicker: symbol=BNB/USDT
2026-10-09T14:21:03.529+08:00 [INFO] gRPC GetOrderBook: symbol=ETH/USDT, depth=20
2026-10-09T14:21:03.529+08:00 [INFO] gRPC GetRecentTrades: symbol=ETH/USDT, limit=10
2026-10-09T14:21:03.530+08:00 [INFO] gRPC GetTicker: symbol=ETH/USDT
2026-10-09T14:21:03.791+08:00 [INFO] gRPC GetOrderBook: symbol=BNB/USDT, depth=20
2026-10-09T14:21:03.791+08:00 [INFO] gRPC GetRecentTrades: symbol=BNB/USDT, limit=10
2026-10-09T14:21:03.792+08:00 [INFO] gRPC GetTicker: symbol=BNB/USDT
2026-10-09T14:21:04.529+08:00 [INFO] gRPC GetOrderBook: symbol=ETH/USDT, depth=20
2026-10-09T14:21:04.529+08:00 [INFO] gRPC GetRecentTrades: symbol=ETH/USDT, limit=10
2026-10-09T14:21:04.529+08:00 [INFO] gRPC GetTicker: symbol=ETH/USDT
2026-10-09T14:21:05.281+08:00 [INFO] gRPC GetOrderBook: symbol=BNB/USDT, depth=20
2026-10-09T14:21:05.282+08:00 [INFO] gRPC GetRecentTrades: symbol=BNB/USDT, limit=10
2026-10-09T14:21:05.283+08:00 [INFO] gRPC GetTicker: symbol=BNB/USDT
2026-10-09T14:21:05.530+08:00 [INFO] gRPC GetOrderBook: symbol=ETH/USDT, depth=20
2026-10-09T14:21:05.531+08:00 [INFO] gRPC GetRecentTrades: symbol=ETH/USDT, limit=10
2026-10-09T14:21:05.531+08:00 [INFO] gRPC GetTicker: symbol=ETH/USDT
2026-10-09T14:21:05.868+08:00 [INFO] gRPC GetOrderBook: symbol=BNB/USDT, depth=20
2026-10-09T14:21:05.869+08:00 [INFO] gRPC GetRecentTrades: symbol=BNB/USDT, limit=10
2026-10-09T14:21:05.869+08:00 [INFO] gRPC GetTicker: symbol=BNB/USDT
2026-10-09T14:21:06.529+08:00 [INFO] gRPC GetOrderBook: symbol=ETH/USDT, depth=20
2026-10-09T14:21:06.529+08:00 [INFO] gRPC GetRecentTrades: symbol=ETH/USDT, limit=10
2026-10-09T14:21:06.530+08:00 [INFO] gRPC GetTicker: symbol=ETH/USDT
2026-10-09T14:21:06.789+08:00 [INFO] gRPC GetOrderBook: symbol=BNB/USDT, depth=20
2026-10-09T14:21:06.790+08:00 [INFO] gRPC GetRecentTrades: symbol=BNB/USDT, limit=10
2026-10-09T14:21:06.791+08:00 [INFO] gRPC GetTicker: symbol=BNB/USDT
2026-10-09T14:21:07.529+08:00 [INFO] gRPC GetOrderBook: symbol=ETH/USDT, depth=20
2026-10-09T14:21:07.529+08:00 [INFO] gRPC GetRecentTrades: symbol=ETH/USDT, limit=10
2026-10-09T14:21:07.530+08:00 [INFO] gRPC GetTicker: symbol=ETH/USDT
2026-10-09T14:21:07.813+08:00 [INFO] gRPC GetOrderBook: symbol=BNB/USDT, depth=20
2026-10-09T14:21:07.813+08:00 [INFO] gRPC GetRecentTrades: symbol=BNB/USDT, limit=10
2026-10-09T14:21:07.814+08:00 [INFO] gRPC GetTicker: symbol=BNB/USDT
2026-10-09T14:21:08.529+08:00 [INFO] gRPC GetOrderBook: symbol=BNB/USDT, depth=20
2026-10-09T14:21:08.529+08:00 [INFO] gRPC GetRecentTrades: symbol=BNB/USDT, limit=10
2026-10-09T14:21:08.529+08:00 [INFO] gRPC GetTicker: symbol=BNB/USDT
2026-10-09T14:21:08.769+08:00 [INFO] gRPC GetOrderBook: symbol=ETH/USDT, depth=20
2026-10-09T14:21:08.770+08:00 [INFO] gRPC GetRecentTrades: symbol=ETH/USDT, limit=10
2026-10-09T14:21:08.771+08:00 [INFO] gRPC GetTicker: symbol=ETH/USDT
2026-10-09T14:21:09.529+08:00 [INFO] gRPC GetOrderBook: symbol=ETH/USDT, depth=20
2026-10-09T14:21:09.529+08:00 [INFO] gRPC GetRecentTrades: symbol=ETH/USDT, limit=10
2026-10-09T14:21:09.530+08:00 [INFO] gRPC GetTicker: symbol=ETH/USDT
2026-10-09T14:21:09.782+08:00 [INFO] gRPC GetOrderBook: symbol=BNB/USDT, depth=20
2026-10-09T14:21:09.782+08:00 [INFO] gRPC GetRecentTrades: symbol=BNB/USDT, limit=10
2026-10-09T14:21:09.783+08:00 [INFO] gRPC GetTicker: symbol=BNB/USDT
2026-10-09T14:21:11.000+08:00 [INFO] gRPC GetOrderBook: symbol=ETH/USDT, depth=20
2026-10-09T14:21:11.001+08:00 [INFO] gRPC GetRecentTrades: symbol=ETH/USDT, limit=10
2026-10-09T14:21:11.001+08:00 [INFO] gRPC GetTicker: symbol=ETH/USDT
2026-10-09T14:21:11.298+08:00 [INFO] gRPC GetOrderBook: symbol=BNB/USDT, depth=20
2026-10-09T14:21:11.299+08:00 [INFO] gRPC GetRecentTrades: symbol=BNB/USDT, limit=10
2026-10-09T14:21:11.299+08:00 [INFO] gRPC GetTicker: symbol=BNB/USDT
2026-10-09T14:21:11.546+08:00 [INFO] gRPC GetOrderBook: symbol=ETH/USDT, depth=20
2026-10-09T14:21:11.547+08:00 [INFO] gRPC GetRecentTrades: symbol=ETH/USDT, limit=10
2026-10-09T14:21:11.547+08:00 [INFO] gRPC GetTicker: symbol=ETH/USDT
2026-10-09T14:21:11.789+08:00 [INFO] gRPC GetOrderBook: symbol=BNB/USDT, depth=20
2026-10-09T14:21:11.790+08:00 [INFO] gRPC GetRecentTrades: symbol=BNB/USDT, limit=10
2026-10-09T14:21:11.790+08:00 [INFO] gRPC GetTicker: symbol=BNB/USDT
2026-10-09T14:21:12.529+08:00 [INFO] gRPC GetOrderBook: symbol=ETH/USDT, depth=20
2026-10-09T14:21:12.530+08:00 [INFO] gRPC GetRecentTrades: symbol=ETH/USDT, limit=10
2026-10-09T14:21:12.530+08:00 [INFO] gRPC GetTicker: symbol=ETH/USDT
2026-10-09T14:21:12.831+08:00 [INFO] gRPC GetOrderBook: symbol=BNB/USDT, depth=20
2026-10-09T14:21:12.831+08:00 [INFO] gRPC GetRecentTrades: symbol=BNB/USDT, limit=10
2026-10-09T14:21:12.831+08:00 [INFO] gRPC GetTicker: symbol=BNB/USDT
2026-10-09T14:21:13.529+08:00 [INFO] gRPC GetOrderBook: symbol=ETH/USDT, depth=20
2026-10-09T14:21:13.529+08:00 [INFO] gRPC GetRecentTrades: symbol=ETH/USDT, limit=10
2026-10-09T14:21:13.530+08:00 [INFO] gRPC GetTicker: symbol=ETH/USDT
2026-10-09T14:21:13.777+08:00 [INFO] gRPC GetOrderBook: symbol=BNB/USDT, depth=20
2026-10-09T14:21:13.778+08:00 [INFO] gRPC GetRecentTrades: symbol=BNB/USDT, limit=10
2026-10-09T14:21:13.778+08:00 [INFO] gRPC GetTicker: symbol=BNB/USDT
2026-10-09T14:21:14.528+08:00 [INFO] gRPC GetOrderBook: symbol=BNB/USDT, depth=20
2026-10-09T14:21:14.529+08:00 [INFO] gRPC GetRecentTrades: symbol=BNB/USDT, limit=10
2026-10-09T14:21:14.529+08:00 [INFO] gRPC GetTicker: symbol=BNB/USDT
2026-10-09T14:21:14.775+08:00 [INFO] gRPC GetOrderBook: symbol=ETH/USDT, depth=20
2026-10-09T14:21:14.777+08:00 [INFO] gRPC GetRecentTrades: symbol=ETH/USDT, limit=10
2026-10-09T14:21:14.778+08:00 [INFO] gRPC GetTicker: symbol=ETH/USDT
2026-10-09T14:21:15.529+08:00 [INFO] gRPC GetOrderBook: symbol=ETH/USDT, depth=20
2026-10-09T14:21:15.530+08:00 [INFO] gRPC GetRecentTrades: symbol=ETH/USDT, limit=10
2026-10-09T14:21:15.530+08:00 [INFO] gRPC GetTicker: symbol=ETH/USDT
2026-10-09T14:21:15.799+08:00 [INFO] gRPC GetOrderBook: symbol=BNB/USDT, depth=20
2026-10-09T14:21:15.800+08:00 [INFO] gRPC GetRecentTrades: symbol=BNB/USDT, limit=10
2026-10-09T14:21:15.800+08:00 [INFO] gRPC GetTicker: symbol=BNB/USDT
2026-10-09T14:21:16.528+08:00 [INFO] gRPC GetOrderBook: symbol=ETH/USDT, depth=20
2026-10-09T14:21:16.529+08:00 [INFO] gRPC GetRecentTrades: symbol=ETH/USDT, limit=10
2026-10-09T14:21:16.529+08:00 [INFO] gRPC GetTicker: symbol=ETH/USDT
2026-10-09T14:21:16.776+08:00 [INFO] gRPC GetOrderBook: symbol=BNB/USDT, depth=20
2026-10-09T14:21:16.777+08:00 [INFO] gRPC GetRecentTrades: symbol=BNB/USDT, limit=10
2026-10-09T14:21:16.778+08:00 [INFO] gRPC GetTicker: symbol=BNB/USDT
2026-10-09T14:21:17.528+08:00 [INFO] gRPC GetOrderBook: symbol=BNB/USDT, depth=20
2026-10-09T14:21:17.529+08:00 [INFO] gRPC GetRecentTrades: symbol=BNB/USDT, limit=10
2026-10-09T14:21:17.529+08:00 [INFO] gRPC GetTicker: symbol=BNB/USDT
2026-10-09T14:21:17.775+08:00 [INFO] gRPC GetOrderBook: symbol=ETH/USDT, depth=20
2026-10-09T14:21:17.777+08:00 [INFO] gRPC GetRecentTrades: symbol=ETH/USDT, limit=10
2026-10-09T14:21:17.778+08:00 [INFO] gRPC GetTicker: symbol=ETH/USDT
2026-10-09T14:21:18.529+08:00 [INFO] gRPC GetOrderBook: symbol=ETH/USDT, depth=20
2026-10-09T14:21:18.529+08:00 [INFO] gRPC GetRecentTrades: symbol=ETH/USDT, limit=10
2026-10-09T14:21:18.529+08:00 [INFO] gRPC GetTicker: symbol=ETH/USDT
2026-10-09T14:21:18.871+08:00 [INFO] gRPC GetOrderBook: symbol=BNB/USDT, depth=20
2026-10-09T14:21:18.872+08:00 [INFO] gRPC GetRecentTrades: symbol=BNB/USDT, limit=10
2026-10-09T14:21:18.872+08:00 [INFO] gRPC GetTicker: symbol=BNB/USDT
2026-10-09T14:21:19.528+08:00 [INFO] gRPC GetOrderBook: symbol=ETH/USDT, depth=20
2026-10-09T14:21:19.528+08:00 [INFO] gRPC GetRecentTrades: symbol=ETH/USDT, limit=10
2026-10-09T14:21:19.529+08:00 [INFO] gRPC GetTicker: symbol=ETH/USDT
2026-10-09T14:21:19.763+08:00 [INFO] gRPC GetOrderBook: symbol=BNB/USDT, depth=20
2026-10-09T14:21:19.764+08:00 [INFO] gRPC GetRecentTrades: symbol=BNB/USDT, limit=10
2026-10-09T14:21:19.764+08:00 [INFO] gRPC GetTicker: symbol=BNB/USDT
2026-10-09T14:21:20.533+08:00 [INFO] gRPC GetOrderBook: symbol=ETH/USDT, depth=20
2026-10-09T14:21:20.534+08:00 [INFO] gRPC GetRecentTrades: symbol=ETH/USDT, limit=10
2026-10-09T14:21:20.534+08:00 [INFO] gRPC GetTicker: symbol=ETH/USDT
2026-10-09T14:21:20.783+08:00 [INFO] gRPC GetOrderBook: symbol=BNB/USDT, depth=20
2026-10-09T14:21:20.784+08:00 [INFO] gRPC GetRecentTrades: symbol=BNB/USDT, limit=10
2026-10-09T14:21:20.784+08:00 [INFO] gRPC GetTicker: symbol=BNB/USDT
2026-10-09T14:21:21.529+08:00 [INFO] gRPC GetOrderBook: symbol=BNB/USDT, depth=20
2026-10-09T14:21:21.529+08:00 [INFO] gRPC GetRecentTrades: symbol=BNB/USDT, limit=10
2026-10-09T14:21:21.530+08:00 [INFO] gRPC GetTicker: symbol=BNB/USDT
2026-10-09T14:21:21.775+08:00 [INFO] gRPC GetOrderBook: symbol=ETH/USDT, depth=20
2026-10-09T14:21:21.778+08:00 [INFO] gRPC GetRecentTrades: symbol=ETH/USDT, limit=10
2026-10-09T14:21:21.778+08:00 [INFO] gRPC GetTicker: symbol=ETH/USDT
2026-10-09T14:21:22.529+08:00 [INFO] gRPC GetOrderBook: symbol=ETH/USDT, depth=20
2026-10-09T14:21:22.530+08:00 [INFO] gRPC GetRecentTrades: symbol=ETH/USDT, limit=10
2026-10-09T14:21:22.530+08:00 [INFO] gRPC GetTicker: symbol=ETH/USDT
2026-10-09T14:21:22.763+08:00 [INFO] gRPC GetOrderBook: symbol=BNB/USDT, depth=20
2026-10-09T14:21:22.764+08:00 [INFO] gRPC GetRecentTrades: symbol=BNB/USDT, limit=10
2026-10-09T14:21:22.764+08:00 [INFO] gRPC GetTicker: symbol=BNB/USDT
2026-10-09T14:21:23.528+08:00 [INFO] gRPC GetOrderBook: symbol=ETH/USDT, depth=20
2026-10-09T14:21:23.529+08:00 [INFO] gRPC GetRecentTrades: symbol=ETH/USDT, limit=10
2026-10-09T14:21:23.529+08:00 [INFO] gRPC GetTicker: symbol=ETH/USDT
2026-10-09T14:21:23.776+08:00 [INFO] gRPC GetOrderBook: symbol=BNB/USDT, depth=20
2026-10-09T14:21:23.778+08:00 [INFO] gRPC GetRecentTrades: symbol=BNB/USDT, limit=10
2026-10-09T14:21:23.779+08:00 [INFO] gRPC GetTicker: symbol=BNB/USDT
2026-10-09T14:21:24.528+08:00 [INFO] gRPC GetOrderBook: symbol=ETH/USDT, depth=20
2026-10-09T14:21:24.529+08:00 [INFO] gRPC GetRecentTrades: symbol=ETH/USDT, limit=10
2026-10-09T14:21:24.529+08:00 [INFO] gRPC GetTicker: symbol=ETH/USDT
2026-10-09T14:21:24.778+08:00 [INFO] gRPC GetOrderBook: symbol=BNB/USDT, depth=20
2026-10-09T14:21:24.779+08:00 [INFO] gRPC GetRecentTrades: symbol=BNB/USDT, limit=10
2026-10-09T14:21:24.779+08:00 [INFO] gRPC GetTicker: symbol=BNB/USDT
2026-10-09T14:21:25.529+08:00 [INFO] gRPC GetOrderBook: symbol=ETH/USDT, depth=20
2026-10-09T14:21:25.530+08:00 [INFO] gRPC GetRecentTrades: symbol=ETH/USDT, limit=10
2026-10-09T14:21:25.530+08:00 [INFO] gRPC GetTicker: symbol=ETH/USDT
2026-10-09T14:21:25.784+08:00 [INFO] gRPC GetOrderBook: symbol=BNB/USDT, depth=20
2026-10-09T14:21:25.784+08:00 [INFO] gRPC GetRecentTrades: symbol=BNB/USDT, limit=10
2026-10-09T14:21:25.785+08:00 [INFO] gRPC GetTicker: symbol=BNB/USDT
2026-10-09T14:21:26.529+08:00 [INFO] gRPC GetOrderBook: symbol=ETH/USDT, depth=20
2026-10-09T14:21:26.530+08:00 [INFO] gRPC GetRecentTrades: symbol=ETH/USDT, limit=10
2026-10-09T14:21:26.530+08:00 [INFO] gRPC GetTicker: symbol=ETH/USDT
2026-10-09T14:21:26.763+08:00 [INFO] gRPC GetOrderBook: symbol=BNB/USDT, depth=20
2026-10-09T14:21:26.764+08:00 [INFO] gRPC GetRecentTrades: symbol=BNB/USDT, limit=10
2026-10-09T14:21:26.764+08:00 [INFO] gRPC GetTicker: symbol=BNB/USDT
2026-10-09T14:21:27.528+08:00 [INFO] gRPC GetOrderBook: symbol=ETH/USDT, depth=20
2026-10-09T14:21:27.528+08:00 [INFO] gRPC GetRecentTrades: symbol=ETH/USDT, limit=10
2026-10-09T14:21:27.529+08:00 [INFO] gRPC GetTicker: symbol=ETH/USDT
2026-10-09T14:21:27.775+08:00 [INFO] gRPC GetOrderBook: symbol=BNB/USDT, depth=20
2026-10-09T14:21:27.778+08:00 [INFO] gRPC GetRecentTrades: symbol=BNB/USDT, limit=10
2026-10-09T14:21:27.778+08:00 [INFO] gRPC GetTicker: symbol=BNB/USDT
2026-10-09T14:21:28.528+08:00 [INFO] gRPC GetOrderBook: symbol=ETH/USDT, depth=20
2026-10-09T14:21:28.529+08:00 [INFO] gRPC GetRecentTrades: symbol=ETH/USDT, limit=10
2026-10-09T14:21:28.529+08:00 [INFO] gRPC GetTicker: symbol=ETH/USDT
2026-10-09T14:21:28.778+08:00 [INFO] gRPC GetOrderBook: symbol=BNB/USDT, depth=20
2026-10-09T14:21:28.779+08:00 [INFO] gRPC GetRecentTrades: symbol=BNB/USDT, limit=10
2026-10-09T14:21:28.780+08:00 [INFO] gRPC GetTicker: symbol=BNB/USDT
2026-10-09T14:21:29.528+08:00 [INFO] gRPC GetOrderBook: symbol=ETH/USDT, depth=20
2026-10-09T14:21:29.529+08:00 [INFO] gRPC GetRecentTrades: symbol=ETH/USDT, limit=10
2026-10-09T14:21:29.530+08:00 [INFO] gRPC GetTicker: symbol=ETH/USDT
2026-10-09T14:21:29.829+08:00 [INFO] gRPC GetOrderBook: symbol=BNB/USDT, depth=20
2026-10-09T14:21:29.830+08:00 [INFO] gRPC GetRecentTrades: symbol=BNB/USDT, limit=10
2026-10-09T14:21:29.830+08:00 [INFO] gRPC GetTicker: symbol=BNB/USDT
2026-10-09T14:21:30.528+08:00 [INFO] gRPC GetOrderBook: symbol=ETH/USDT, depth=20
2026-10-09T14:21:30.528+08:00 [INFO] gRPC GetRecentTrades: symbol=ETH/USDT, limit=10
2026-10-09T14:21:30.529+08:00 [INFO] gRPC GetTicker: symbol=ETH/USDT
2026-10-09T14:21:30.853+08:00 [INFO] gRPC GetOrderBook: symbol=BNB/USDT, depth=20
2026-10-09T14:21:30.855+08:00 [INFO] gRPC GetRecentTrades: symbol=BNB/USDT, limit=10
2026-10-09T14:21:30.855+08:00 [INFO] gRPC GetTicker: symbol=BNB/USDT
2026-10-09T14:21:31.528+08:00 [INFO] gRPC GetOrderBook: symbol=ETH/USDT, depth=20
2026-10-09T14:21:31.529+08:00 [INFO] gRPC GetRecentTrades: symbol=ETH/USDT, limit=10
2026-10-09T14:21:31.529+08:00 [INFO] gRPC GetTicker: symbol=ETH/USDT
2026-10-09T14:21:31.768+08:00 [INFO] gRPC GetOrderBook: symbol=BNB/USDT, depth=20
2026-10-09T14:21:31.768+08:00 [INFO] gRPC GetRecentTrades: symbol=BNB/USDT, limit=10
2026-10-09T14:21:31.769+08:00 [INFO] gRPC GetTicker: symbol=BNB/USDT
2026-10-09T14:21:32.528+08:00 [INFO] gRPC GetOrderBook: symbol=BNB/USDT, depth=20
2026-10-09T14:21:32.529+08:00 [INFO] gRPC GetRecentTrades: symbol=BNB/USDT, limit=10
2026-10-09T14:21:32.529+08:00 [INFO] gRPC GetTicker: symbol=BNB/USDT
2026-10-09T14:21:32.775+08:00 [INFO] gRPC GetOrderBook: symbol=ETH/USDT, depth=20
2026-10-09T14:21:32.777+08:00 [INFO] gRPC GetRecentTrades: symbol=ETH/USDT, limit=10
2026-10-09T14:21:32.778+08:00 [INFO] gRPC GetTicker: symbol=ETH/USDT
2026-10-09T14:21:33.528+08:00 [INFO] gRPC GetOrderBook: symbol=ETH/USDT, depth=20
2026-10-09T14:21:33.529+08:00 [INFO] gRPC GetRecentTrades: symbol=ETH/USDT, limit=10
2026-10-09T14:21:33.529+08:00 [INFO] gRPC GetTicker: symbol=ETH/USDT
2026-10-09T14:21:33.777+08:00 [INFO] gRPC GetOrderBook: symbol=BNB/USDT, depth=20
2026-10-09T14:21:33.778+08:00 [INFO] gRPC GetRecentTrades: symbol=BNB/USDT, limit=10
2026-10-09T14:21:33.778+08:00 [INFO] gRPC GetTicker: symbol=BNB/USDT
2026-10-09T14:21:34.528+08:00 [INFO] gRPC GetOrderBook: symbol=ETH/USDT, depth=20
2026-10-09T14:21:34.529+08:00 [INFO] gRPC GetRecentTrades: symbol=ETH/USDT, limit=10
2026-10-09T14:21:34.529+08:00 [INFO] gRPC GetTicker: symbol=ETH/USDT
2026-10-09T14:21:34.775+08:00 [INFO] gRPC GetOrderBook: symbol=BNB/USDT, depth=20
2026-10-09T14:21:34.778+08:00 [INFO] gRPC GetRecentTrades: symbol=BNB/USDT, limit=10
2026-10-09T14:21:34.779+08:00 [INFO] gRPC GetTicker: symbol=BNB/USDT
2026-10-09T14:21:35.528+08:00 [INFO] gRPC GetOrderBook: symbol=ETH/USDT, depth=20
2026-10-09T14:21:35.529+08:00 [INFO] gRPC GetRecentTrades: symbol=ETH/USDT, limit=10
2026-10-09T14:21:35.529+08:00 [INFO] gRPC GetTicker: symbol=ETH/USDT
2026-10-09T14:21:35.773+08:00 [INFO] gRPC GetOrderBook: symbol=BNB/USDT, depth=20
2026-10-09T14:21:35.774+08:00 [INFO] gRPC GetRecentTrades: symbol=BNB/USDT, limit=10
2026-10-09T14:21:35.775+08:00 [INFO] gRPC GetTicker: symbol=BNB/USDT
2026-10-09T14:21:36.527+08:00 [INFO] gRPC GetOrderBook: symbol=ETH/USDT, depth=20
2026-10-09T14:21:36.528+08:00 [INFO] gRPC GetRecentTrades: symbol=ETH/USDT, limit=10
2026-10-09T14:21:36.529+08:00 [INFO] gRPC GetTicker: symbol=ETH/USDT
2026-10-09T14:21:36.777+08:00 [INFO] gRPC GetOrderBook: symbol=BNB/USDT, depth=20
2026-10-09T14:21:36.779+08:00 [INFO] gRPC GetRecentTrades: symbol=BNB/USDT, limit=10
2026-10-09T14:21:36.779+08:00 [INFO] gRPC GetTicker: symbol=BNB/USDT
2026-10-09T14:21:37.529+08:00 [INFO] gRPC GetOrderBook: symbol=ETH/USDT, depth=20
2026-10-09T14:21:37.529+08:00 [INFO] gRPC GetRecentTrades: symbol=ETH/USDT, limit=10
2026-10-09T14:21:37.529+08:00 [INFO] gRPC GetTicker: symbol=ETH/USDT
2026-10-09T14:21:37.763+08:00 [INFO] gRPC GetOrderBook: symbol=BNB/USDT, depth=20
2026-10-09T14:21:37.763+08:00 [INFO] gRPC GetRecentTrades: symbol=BNB/USDT, limit=10
2026-10-09T14:21:37.764+08:00 [INFO] gRPC GetTicker: symbol=BNB/USDT
2026-10-09T14:21:38.528+08:00 [INFO] gRPC GetOrderBook: symbol=ETH/USDT, depth=20
2026-10-09T14:21:38.528+08:00 [INFO] gRPC GetRecentTrades: symbol=ETH/USDT, limit=10
2026-10-09T14:21:38.529+08:00 [INFO] gRPC GetTicker: symbol=ETH/USDT
2026-10-09T14:21:39.225+08:00 [INFO] gRPC GetOrderBook: symbol=BNB/USDT, depth=20
2026-10-09T14:21:39.227+08:00 [INFO] gRPC GetRecentTrades: symbol=BNB/USDT, limit=10
2026-10-09T14:21:39.228+08:00 [INFO] gRPC GetTicker: symbol=BNB/USDT
2026-10-09T14:21:39.528+08:00 [INFO] gRPC GetOrderBook: symbol=ETH/USDT, depth=20
2026-10-09T14:21:39.528+08:00 [INFO] gRPC GetRecentTrades: symbol=ETH/USDT, limit=10
2026-10-09T14:21:39.529+08:00 [INFO] gRPC GetTicker: symbol=ETH/USDT
2026-10-09T14:21:39.779+08:00 [INFO] gRPC GetOrderBook: symbol=BNB/USDT, depth=20
2026-10-09T14:21:39.779+08:00 [INFO] gRPC GetRecentTrades: symbol=BNB/USDT, limit=10
2026-10-09T14:21:39.780+08:00 [INFO] gRPC GetTicker: symbol=BNB/USDT
2026-10-09T14:21:40.528+08:00 [INFO] gRPC GetOrderBook: symbol=BNB/USDT, depth=20
2026-10-09T14:21:40.528+08:00 [INFO] gRPC GetRecentTrades: symbol=BNB/USDT, limit=10
2026-10-09T14:21:40.529+08:00 [INFO] gRPC GetTicker: symbol=BNB/USDT
2026-10-09T14:21:40.767+08:00 [INFO] gRPC GetOrderBook: symbol=ETH/USDT, depth=20
2026-10-09T14:21:40.767+08:00 [INFO] gRPC GetRecentTrades: symbol=ETH/USDT, limit=10
2026-10-09T14:21:40.768+08:00 [INFO] gRPC GetTicker: symbol=ETH/USDT
2026-10-09T14:21:41.528+08:00 [INFO] gRPC GetOrderBook: symbol=ETH/USDT, depth=20
2026-10-09T14:21:41.528+08:00 [INFO] gRPC GetRecentTrades: symbol=ETH/USDT, limit=10
2026-10-09T14:21:41.529+08:00 [INFO] gRPC GetTicker: symbol=ETH/USDT
2026-10-09T14:21:41.769+08:00 [INFO] gRPC GetOrderBook: symbol=BNB/USDT, depth=20
2026-10-09T14:21:41.770+08:00 [INFO] gRPC GetRecentTrades: symbol=BNB/USDT, limit=10
2026-10-09T14:21:41.770+08:00 [INFO] gRPC GetTicker: symbol=BNB/USDT
2026-10-09T14:21:42.528+08:00 [INFO] gRPC GetOrderBook: symbol=ETH/USDT, depth=20
2026-10-09T14:21:42.528+08:00 [INFO] gRPC GetRecentTrades: symbol=ETH/USDT, limit=10
2026-10-09T14:21:42.528+08:00 [INFO] gRPC GetTicker: symbol=ETH/USDT
2026-10-09T14:21:42.775+08:00 [INFO] gRPC GetOrderBook: symbol=BNB/USDT, depth=20
2026-10-09T14:21:42.776+08:00 [INFO] gRPC GetRecentTrades: symbol=BNB/USDT, limit=10
2026-10-09T14:21:42.776+08:00 [INFO] gRPC GetTicker: symbol=BNB/USDT
2026-10-09T14:21:43.528+08:00 [INFO] gRPC GetOrderBook: symbol=ETH/USDT, depth=20
2026-10-09T14:21:43.528+08:00 [INFO] gRPC GetRecentTrades: symbol=ETH/USDT, limit=10
2026-10-09T14:21:43.528+08:00 [INFO] gRPC GetTicker: symbol=ETH/USDT
2026-10-09T14:21:43.771+08:00 [INFO] gRPC GetOrderBook: symbol=BNB/USDT, depth=20
2026-10-09T14:21:43.771+08:00 [INFO] gRPC GetRecentTrades: symbol=BNB/USDT, limit=10
2026-10-09T14:21:43.772+08:00 [INFO] gRPC GetTicker: symbol=BNB/USDT
2026-10-09T14:21:44.527+08:00 [INFO] gRPC GetOrderBook: symbol=ETH/USDT, depth=20
2026-10-09T14:21:44.528+08:00 [INFO] gRPC GetRecentTrades: symbol=ETH/USDT, limit=10
2026-10-09T14:21:44.528+08:00 [INFO] gRPC GetTicker: symbol=ETH/USDT
2026-10-09T14:21:44.765+08:00 [INFO] gRPC GetOrderBook: symbol=BNB/USDT, depth=20
2026-10-09T14:21:44.766+08:00 [INFO] gRPC GetRecentTrades: symbol=BNB/USDT, limit=10
2026-10-09T14:21:44.766+08:00 [INFO] gRPC GetTicker: symbol=BNB/USDT
2026-10-09T14:21:45.527+08:00 [INFO] gRPC GetOrderBook: symbol=ETH/USDT, depth=20
2026-10-09T14:21:45.528+08:00 [INFO] gRPC GetRecentTrades: symbol=ETH/USDT, limit=10
2026-10-09T14:21:45.528+08:00 [INFO] gRPC GetTicker: symbol=ETH/USDT
2026-10-09T14:21:45.769+08:00 [INFO] gRPC GetOrderBook: symbol=BNB/USDT, depth=20
2026-10-09T14:21:45.770+08:00 [INFO] gRPC GetRecentTrades: symbol=BNB/USDT, limit=10
2026-10-09T14:21:45.771+08:00 [INFO] gRPC GetTicker: symbol=BNB/USDT
2026-10-09T14:21:46.528+08:00 [INFO] gRPC GetOrderBook: symbol=ETH/USDT, depth=20
2026-10-09T14:21:46.528+08:00 [INFO] gRPC GetRecentTrades: symbol=ETH/USDT, limit=10
2026-10-09T14:21:46.528+08:00 [INFO] gRPC GetTicker: symbol=ETH/USDT
2026-10-09T14:21:46.777+08:00 [INFO] gRPC GetOrderBook: symbol=BNB/USDT, depth=20
2026-10-09T14:21:46.778+08:00 [INFO] gRPC GetRecentTrades: symbol=BNB/USDT, limit=10
2026-10-09T14:21:46.778+08:00 [INFO] gRPC GetTicker: symbol=BNB/USDT
2026-10-09T14:21:47.528+08:00 [INFO] gRPC GetOrderBook: symbol=ETH/USDT, depth=20
2026-10-09T14:21:47.528+08:00 [INFO] gRPC GetRecentTrades: symbol=ETH/USDT, limit=10
2026-10-09T14:21:47.529+08:00 [INFO] gRPC GetTicker: symbol=ETH/USDT
2026-10-09T14:21:47.772+08:00 [INFO] gRPC GetOrderBook: symbol=BNB/USDT, depth=20
2026-10-09T14:21:47.773+08:00 [INFO] gRPC GetRecentTrades: symbol=BNB/USDT, limit=10
2026-10-09T14:21:47.773+08:00 [INFO] gRPC GetTicker: symbol=BNB/USDT
2026-10-09T14:21:48.528+08:00 [INFO] gRPC GetOrderBook: symbol=ETH/USDT, depth=20
2026-10-09T14:21:48.528+08:00 [INFO] gRPC GetRecentTrades: symbol=ETH/USDT, limit=10
2026-10-09T14:21:48.529+08:00 [INFO] gRPC GetTicker: symbol=ETH/USDT
2026-10-09T14:21:48.762+08:00 [INFO] gRPC GetOrderBook: symbol=BNB/USDT, depth=20
2026-10-09T14:21:48.763+08:00 [INFO] gRPC GetRecentTrades: symbol=BNB/USDT, limit=10
2026-10-09T14:21:48.763+08:00 [INFO] gRPC GetTicker: symbol=BNB/USDT
2026-10-09T14:21:49.527+08:00 [INFO] gRPC GetOrderBook: symbol=ETH/USDT, depth=20
2026-10-09T14:21:49.528+08:00 [INFO] gRPC GetRecentTrades: symbol=ETH/USDT, limit=10
2026-10-09T14:21:49.529+08:00 [INFO] gRPC GetTicker: symbol=ETH/USDT
2026-10-09T14:21:49.795+08:00 [INFO] gRPC GetOrderBook: symbol=BNB/USDT, depth=20
2026-10-09T14:21:49.796+08:00 [INFO] gRPC GetRecentTrades: symbol=BNB/USDT, limit=10
2026-10-09T14:21:49.796+08:00 [INFO] gRPC GetTicker: symbol=BNB/USDT
2026-10-09T14:21:50.527+08:00 [INFO] gRPC GetOrderBook: symbol=ETH/USDT, depth=20
2026-10-09T14:21:50.528+08:00 [INFO] gRPC GetRecentTrades: symbol=ETH/USDT, limit=10
2026-10-09T14:21:50.528+08:00 [INFO] gRPC GetTicker: symbol=ETH/USDT
2026-10-09T14:21:50.776+08:00 [INFO] gRPC GetOrderBook: symbol=BNB/USDT, depth=20
2026-10-09T14:21:50.777+08:00 [INFO] gRPC GetRecentTrades: symbol=BNB/USDT, limit=10
2026-10-09T14:21:50.778+08:00 [INFO] gRPC GetTicker: symbol=BNB/USDT
2026-10-09T14:21:51.527+08:00 [INFO] gRPC GetOrderBook: symbol=ETH/USDT, depth=20
2026-10-09T14:21:51.528+08:00 [INFO] gRPC GetRecentTrades: symbol=ETH/USDT, limit=10
2026-10-09T14:21:51.529+08:00 [INFO] gRPC GetTicker: symbol=ETH/USDT
2026-10-09T14:21:51.844+08:00 [INFO] gRPC GetOrderBook: symbol=BNB/USDT, depth=20
2026-10-09T14:21:51.844+08:00 [INFO] gRPC GetRecentTrades: symbol=BNB/USDT, limit=10
2026-10-09T14:21:51.844+08:00 [INFO] gRPC GetTicker: symbol=BNB/USDT
2026-10-09T14:21:52.533+08:00 [INFO] gRPC GetOrderBook: symbol=ETH/USDT, depth=20
2026-10-09T14:21:52.534+08:00 [INFO] gRPC GetRecentTrades: symbol=ETH/USDT, limit=10
2026-10-09T14:21:52.534+08:00 [INFO] gRPC GetTicker: symbol=ETH/USDT
2026-10-09T14:21:52.773+08:00 [INFO] gRPC GetOrderBook: symbol=BNB/USDT, depth=20
2026-10-09T14:21:52.774+08:00 [INFO] gRPC GetRecentTrades: symbol=BNB/USDT, limit=10
2026-10-09T14:21:52.774+08:00 [INFO] gRPC GetTicker: symbol=BNB/USDT
2026-10-09T14:21:53.528+08:00 [INFO] gRPC GetOrderBook: symbol=ETH/USDT, depth=20
2026-10-09T14:21:53.528+08:00 [INFO] gRPC GetRecentTrades: symbol=ETH/USDT, limit=10
2026-10-09T14:21:53.528+08:00 [INFO] gRPC GetTicker: symbol=ETH/USDT
2026-10-09T14:21:53.790+08:00 [INFO] gRPC GetOrderBook: symbol=BNB/USDT, depth=20
2026-10-09T14:21:53.790+08:00 [INFO] gRPC GetRecentTrades: symbol=BNB/USDT, limit=10
2026-10-09T14:21:53.791+08:00 [INFO] gRPC GetTicker: symbol=BNB/USDT
2026-10-09T14:21:54.527+08:00 [INFO] gRPC GetOrderBook: symbol=BNB/USDT, depth=20
2026-10-09T14:21:54.528+08:00 [INFO] gRPC GetRecentTrades: symbol=BNB/USDT, limit=10
2026-10-09T14:21:54.528+08:00 [INFO] gRPC GetTicker: symbol=BNB/USDT
2026-10-09T14:21:54.774+08:00 [INFO] gRPC GetOrderBook: symbol=ETH/USDT, depth=20
2026-10-09T14:21:54.775+08:00 [INFO] gRPC GetRecentTrades: symbol=ETH/USDT, limit=10
2026-10-09T14:21:54.776+08:00 [INFO] gRPC GetTicker: symbol=ETH/USDT
2026-10-09T14:21:55.527+08:00 [INFO] gRPC GetOrderBook: symbol=ETH/USDT, depth=20
2026-10-09T14:21:55.528+08:00 [INFO] gRPC GetRecentTrades: symbol=ETH/USDT, limit=10
2026-10-09T14:21:55.528+08:00 [INFO] gRPC GetTicker: symbol=ETH/USDT
2026-10-09T14:21:55.773+08:00 [INFO] gRPC GetOrderBook: symbol=BNB/USDT, depth=20
2026-10-09T14:21:55.773+08:00 [INFO] gRPC GetRecentTrades: symbol=BNB/USDT, limit=10
2026-10-09T14:21:55.774+08:00 [INFO] gRPC GetTicker: symbol=BNB/USDT
2026-10-09T14:21:56.527+08:00 [INFO] gRPC GetOrderBook: symbol=ETH/USDT, depth=20
2026-10-09T14:21:56.528+08:00 [INFO] gRPC GetRecentTrades: symbol=ETH/USDT, limit=10
2026-10-09T14:21:56.528+08:00 [INFO] gRPC GetTicker: symbol=ETH/USDT
2026-10-09T14:21:56.768+08:00 [INFO] gRPC GetOrderBook: symbol=BNB/USDT, depth=20
2026-10-09T14:21:56.768+08:00 [INFO] gRPC GetRecentTrades: symbol=BNB/USDT, limit=10
2026-10-09T14:21:56.769+08:00 [INFO] gRPC GetTicker: symbol=BNB/USDT
2026-10-09T14:21:57.527+08:00 [INFO] gRPC GetOrderBook: symbol=ETH/USDT, depth=20
2026-10-09T14:21:57.528+08:00 [INFO] gRPC GetRecentTrades: symbol=ETH/USDT, limit=10
2026-10-09T14:21:57.528+08:00 [INFO] gRPC GetTicker: symbol=ETH/USDT
2026-10-09T14:21:57.772+08:00 [INFO] gRPC GetOrderBook: symbol=BNB/USDT, depth=20
2026-10-09T14:21:57.773+08:00 [INFO] gRPC GetRecentTrades: symbol=BNB/USDT, limit=10
2026-10-09T14:21:57.773+08:00 [INFO] gRPC GetTicker: symbol=BNB/USDT
2026-10-09T14:21:58.527+08:00 [INFO] gRPC GetOrderBook: symbol=ETH/USDT, depth=20
2026-10-09T14:21:58.528+08:00 [INFO] gRPC GetRecentTrades: symbol=ETH/USDT, limit=10
2026-10-09T14:21:58.528+08:00 [INFO] gRPC GetTicker: symbol=ETH/USDT
2026-10-09T14:21:58.782+08:00 [INFO] gRPC GetOrderBook: symbol=BNB/USDT, depth=20
2026-10-09T14:21:58.782+08:00 [INFO] gRPC GetRecentTrades: symbol=BNB/USDT, limit=10
2026-10-09T14:21:58.783+08:00 [INFO] gRPC GetTicker: symbol=BNB/USDT
2026-10-09T14:21:59.527+08:00 [INFO] gRPC GetOrderBook: symbol=ETH/USDT, depth=20
2026-10-09T14:21:59.528+08:00 [INFO] gRPC GetRecentTrades: symbol=ETH/USDT, limit=10
2026-10-09T14:21:59.528+08:00 [INFO] gRPC GetTicker: symbol=ETH/USDT
2026-10-09T14:21:59.770+08:00 [INFO] gRPC GetOrderBook: symbol=BNB/USDT, depth=20
2026-10-09T14:21:59.771+08:00 [INFO] gRPC GetRecentTrades: symbol=BNB/USDT, limit=10
2026-10-09T14:21:59.771+08:00 [INFO] gRPC GetTicker: symbol=BNB/USDT
2026-10-09T14:22:00.526+08:00 [INFO] gRPC GetOrderBook: symbol=ETH/USDT, depth=20
2026-10-09T14:22:00.527+08:00 [INFO] gRPC GetRecentTrades: symbol=ETH/USDT, limit=10
2026-10-09T14:22:00.527+08:00 [INFO] gRPC GetTicker: symbol=ETH/USDT
2026-10-09T14:22:00.775+08:00 [INFO] gRPC GetOrderBook: symbol=BNB/USDT, depth=20
2026-10-09T14:22:00.777+08:00 [INFO] gRPC GetRecentTrades: symbol=BNB/USDT, limit=10
2026-10-09T14:22:00.778+08:00 [INFO] gRPC GetTicker: symbol=BNB/USDT
2026-10-09T14:22:01.527+08:00 [INFO] gRPC GetOrderBook: symbol=ETH/USDT, depth=20
2026-10-09T14:22:01.527+08:00 [INFO] gRPC GetRecentTrades: symbol=ETH/USDT, limit=10
2026-10-09T14:22:01.528+08:00 [INFO] gRPC GetTicker: symbol=ETH/USDT
2026-10-09T14:22:01.777+08:00 [INFO] gRPC GetOrderBook: symbol=BNB/USDT, depth=20
2026-10-09T14:22:01.779+08:00 [INFO] gRPC GetRecentTrades: symbol=BNB/USDT, limit=10
2026-10-09T14:22:01.781+08:00 [INFO] gRPC GetTicker: symbol=BNB/USDT
2026-10-09T14:22:02.527+08:00 [INFO] gRPC GetOrderBook: symbol=ETH/USDT, depth=20
2026-10-09T14:22:02.528+08:00 [INFO] gRPC GetRecentTrades: symbol=ETH/USDT, limit=10
2026-10-09T14:22:02.528+08:00 [INFO] gRPC GetTicker: symbol=ETH/USDT
2026-10-09T14:22:02.774+08:00 [INFO] gRPC GetOrderBook: symbol=BNB/USDT, depth=20
2026-10-09T14:22:02.777+08:00 [INFO] gRPC GetRecentTrades: symbol=BNB/USDT, limit=10
2026-10-09T14:22:02.778+08:00 [INFO] gRPC GetTicker: symbol=BNB/USDT
2026-10-09T14:22:03.527+08:00 [INFO] gRPC GetOrderBook: symbol=ETH/USDT, depth=20
2026-10-09T14:22:03.528+08:00 [INFO] gRPC GetRecentTrades: symbol=ETH/USDT, limit=10
2026-10-09T14:22:03.528+08:00 [INFO] gRPC GetTicker: symbol=ETH/USDT
2026-10-09T14:22:03.769+08:00 [INFO] gRPC GetOrderBook: symbol=BNB/USDT, depth=20
2026-10-09T14:22:03.770+08:00 [INFO] gRPC GetRecentTrades: symbol=BNB/USDT, limit=10
2026-10-09T14:22:03.770+08:00 [INFO] gRPC GetTicker: symbol=BNB/USDT
2026-10-09T14:22:04.527+08:00 [INFO] gRPC GetOrderBook: symbol=ETH/USDT, depth=20
2026-10-09T14:22:04.528+08:00 [INFO] gRPC GetRecentTrades: symbol=ETH/USDT, limit=10
2026-10-09T14:22:04.528+08:00 [INFO] gRPC GetTicker: symbol=ETH/USDT
2026-10-09T14:22:04.777+08:00 [INFO] gRPC GetOrderBook: symbol=BNB/USDT, depth=20
2026-10-09T14:22:04.778+08:00 [INFO] gRPC GetRecentTrades: symbol=BNB/USDT, limit=10
2026-10-09T14:22:04.778+08:00 [INFO] gRPC GetTicker: symbol=BNB/USDT
2026-10-09T14:22:05.527+08:00 [INFO] gRPC GetOrderBook: symbol=ETH/USDT, depth=20
2026-10-09T14:22:05.527+08:00 [INFO] gRPC GetRecentTrades: symbol=ETH/USDT, limit=10
2026-10-09T14:22:05.527+08:00 [INFO] gRPC GetTicker: symbol=ETH/USDT
2026-10-09T14:22:05.773+08:00 [INFO] gRPC GetOrderBook: symbol=BNB/USDT, depth=20
2026-10-09T14:22:05.773+08:00 [INFO] gRPC GetRecentTrades: symbol=BNB/USDT, limit=10
2026-10-09T14:22:05.774+08:00 [INFO] gRPC GetTicker: symbol=BNB/USDT
2026-10-09T14:22:06.527+08:00 [INFO] gRPC GetOrderBook: symbol=ETH/USDT, depth=20
2026-10-09T14:22:06.527+08:00 [INFO] gRPC GetRecentTrades: symbol=ETH/USDT, limit=10
2026-10-09T14:22:06.528+08:00 [INFO] gRPC GetTicker: symbol=ETH/USDT
2026-10-09T14:22:06.763+08:00 [INFO] gRPC GetOrderBook: symbol=BNB/USDT, depth=20
2026-10-09T14:22:06.763+08:00 [INFO] gRPC GetRecentTrades: symbol=BNB/USDT, limit=10
2026-10-09T14:22:06.763+08:00 [INFO] gRPC GetTicker: symbol=BNB/USDT
2026-10-09T14:22:07.527+08:00 [INFO] gRPC GetOrderBook: symbol=ETH/USDT, depth=20
2026-10-09T14:22:07.528+08:00 [INFO] gRPC GetRecentTrades: symbol=ETH/USDT, limit=10
2026-10-09T14:22:07.528+08:00 [INFO] gRPC GetTicker: symbol=ETH/USDT
2026-10-09T14:22:07.780+08:00 [INFO] gRPC GetOrderBook: symbol=BNB/USDT, depth=20
2026-10-09T14:22:07.781+08:00 [INFO] gRPC GetRecentTrades: symbol=BNB/USDT, limit=10
2026-10-09T14:22:07.781+08:00 [INFO] gRPC GetTicker: symbol=BNB/USDT
2026-10-09T14:22:08.527+08:00 [INFO] gRPC GetOrderBook: symbol=ETH/USDT, depth=20
2026-10-09T14:22:08.527+08:00 [INFO] gRPC GetRecentTrades: symbol=ETH/USDT, limit=10
2026-10-09T14:22:08.528+08:00 [INFO] gRPC GetTicker: symbol=ETH/USDT
2026-10-09T14:22:08.775+08:00 [INFO] gRPC GetOrderBook: symbol=BNB/USDT, depth=20
2026-10-09T14:22:08.775+08:00 [INFO] gRPC GetRecentTrades: symbol=BNB/USDT, limit=10
2026-10-09T14:22:08.776+08:00 [INFO] gRPC GetTicker: symbol=BNB/USDT
2026-10-09T14:22:09.528+08:00 [INFO] gRPC GetOrderBook: symbol=ETH/USDT, depth=20
2026-10-09T14:22:09.529+08:00 [INFO] gRPC GetRecentTrades: symbol=ETH/USDT, limit=10
2026-10-09T14:22:09.529+08:00 [INFO] gRPC GetTicker: symbol=ETH/USDT
2026-10-09T14:22:09.768+08:00 [INFO] gRPC GetOrderBook: symbol=BNB/USDT, depth=20
2026-10-09T14:22:09.768+08:00 [INFO] gRPC GetRecentTrades: symbol=BNB/USDT, limit=10
2026-10-09T14:22:09.769+08:00 [INFO] gRPC GetTicker: symbol=BNB/USDT
2026-10-09T14:22:10.527+08:00 [INFO] gRPC GetOrderBook: symbol=ETH/USDT, depth=20
2026-10-09T14:22:10.528+08:00 [INFO] gRPC GetRecentTrades: symbol=ETH/USDT, limit=10
2026-10-09T14:22:10.528+08:00 [INFO] gRPC GetTicker: symbol=ETH/USDT
2026-10-09T14:22:10.774+08:00 [INFO] gRPC GetOrderBook: symbol=BNB/USDT, depth=20
2026-10-09T14:22:10.775+08:00 [INFO] gRPC GetRecentTrades: symbol=BNB/USDT, limit=10
2026-10-09T14:22:10.775+08:00 [INFO] gRPC GetTicker: symbol=BNB/USDT
2026-10-09T14:22:11.527+08:00 [INFO] gRPC GetOrderBook: symbol=ETH/USDT, depth=20
2026-10-09T14:22:11.528+08:00 [INFO] gRPC GetRecentTrades: symbol=ETH/USDT, limit=10
2026-10-09T14:22:11.528+08:00 [INFO] gRPC GetTicker: symbol=ETH/USDT
2026-10-09T14:22:12.247+08:00 [INFO] gRPC GetOrderBook: symbol=BNB/USDT, depth=20
2026-10-09T14:22:12.248+08:00 [INFO] gRPC GetRecentTrades: symbol=BNB/USDT, limit=10
2026-10-09T14:22:12.248+08:00 [INFO] gRPC GetTicker: symbol=BNB/USDT
2026-10-09T14:22:12.527+08:00 [INFO] gRPC GetOrderBook: symbol=ETH/USDT, depth=20
2026-10-09T14:22:12.527+08:00 [INFO] gRPC GetRecentTrades: symbol=ETH/USDT, limit=10
2026-10-09T14:22:12.528+08:00 [INFO] gRPC GetTicker: symbol=ETH/USDT
2026-10-09T14:22:12.836+08:00 [INFO] gRPC GetOrderBook: symbol=BNB/USDT, depth=20
2026-10-09T14:22:12.836+08:00 [INFO] gRPC GetRecentTrades: symbol=BNB/USDT, limit=10
2026-10-09T14:22:12.837+08:00 [INFO] gRPC GetTicker: symbol=BNB/USDT
2026-10-09T14:22:13.527+08:00 [INFO] gRPC GetOrderBook: symbol=BNB/USDT, depth=20
2026-10-09T14:22:13.528+08:00 [INFO] gRPC GetRecentTrades: symbol=BNB/USDT, limit=10
2026-10-09T14:22:13.528+08:00 [INFO] gRPC GetTicker: symbol=BNB/USDT
2026-10-09T14:22:13.775+08:00 [INFO] gRPC GetOrderBook: symbol=ETH/USDT, depth=20
2026-10-09T14:22:13.775+08:00 [INFO] gRPC GetRecentTrades: symbol=ETH/USDT, limit=10
2026-10-09T14:22:13.776+08:00 [INFO] gRPC GetTicker: symbol=ETH/USDT
2026-10-09T14:22:14.527+08:00 [INFO] gRPC GetOrderBook: symbol=ETH/USDT, depth=20
2026-10-09T14:22:14.527+08:00 [INFO] gRPC GetRecentTrades: symbol=ETH/USDT, limit=10
2026-10-09T14:22:14.528+08:00 [INFO] gRPC GetTicker: symbol=ETH/USDT
2026-10-09T14:22:14.774+08:00 [INFO] gRPC GetOrderBook: symbol=BNB/USDT, depth=20
2026-10-09T14:22:14.774+08:00 [INFO] gRPC GetRecentTrades: symbol=BNB/USDT, limit=10
2026-10-09T14:22:14.775+08:00 [INFO] gRPC GetTicker: symbol=BNB/USDT
2026-10-09T14:22:15.527+08:00 [INFO] gRPC GetOrderBook: symbol=ETH/USDT, depth=20
2026-10-09T14:22:15.528+08:00 [INFO] gRPC GetRecentTrades: symbol=ETH/USDT, limit=10
2026-10-09T14:22:15.528+08:00 [INFO] gRPC GetTicker: symbol=ETH/USDT
2026-10-09T14:22:15.776+08:00 [INFO] gRPC GetOrderBook: symbol=BNB/USDT, depth=20
2026-10-09T14:22:15.777+08:00 [INFO] gRPC GetRecentTrades: symbol=BNB/USDT, limit=10
2026-10-09T14:22:15.778+08:00 [INFO] gRPC GetTicker: symbol=BNB/USDT
2026-10-09T14:22:16.527+08:00 [INFO] gRPC GetOrderBook: symbol=ETH/USDT, depth=20
2026-10-09T14:22:16.528+08:00 [INFO] gRPC GetRecentTrades: symbol=ETH/USDT, limit=10
2026-10-09T14:22:16.528+08:00 [INFO] gRPC GetTicker: symbol=ETH/USDT
2026-10-09T14:22:16.764+08:00 [INFO] gRPC GetOrderBook: symbol=BNB/USDT, depth=20
2026-10-09T14:22:16.765+08:00 [INFO] gRPC GetRecentTrades: symbol=BNB/USDT, limit=10
2026-10-09T14:22:16.765+08:00 [INFO] gRPC GetTicker: symbol=BNB/USDT
2026-10-09T14:22:17.527+08:00 [INFO] gRPC GetOrderBook: symbol=ETH/USDT, depth=20
2026-10-09T14:22:17.527+08:00 [INFO] gRPC GetRecentTrades: symbol=ETH/USDT, limit=10
2026-10-09T14:22:17.528+08:00 [INFO] gRPC GetTicker: symbol=ETH/USDT
2026-10-09T14:22:18.232+08:00 [INFO] gRPC GetOrderBook: symbol=BNB/USDT, depth=20
2026-10-09T14:22:18.233+08:00 [INFO] gRPC GetRecentTrades: symbol=BNB/USDT, limit=10
2026-10-09T14:22:18.233+08:00 [INFO] gRPC GetTicker: symbol=BNB/USDT
2026-10-09T14:22:18.527+08:00 [INFO] gRPC GetOrderBook: symbol=ETH/USDT, depth=20
2026-10-09T14:22:18.528+08:00 [INFO] gRPC GetRecentTrades: symbol=ETH/USDT, limit=10
2026-10-09T14:22:18.528+08:00 [INFO] gRPC GetTicker: symbol=ETH/USDT
2026-10-09T14:22:18.776+08:00 [INFO] gRPC GetOrderBook: symbol=BNB/USDT, depth=20
2026-10-09T14:22:18.776+08:00 [INFO] gRPC GetRecentTrades: symbol=BNB/USDT, limit=10
2026-10-09T14:22:18.777+08:00 [INFO] gRPC GetTicker: symbol=BNB/USDT
2026-10-09T14:22:19.527+08:00 [INFO] gRPC GetOrderBook: symbol=ETH/USDT, depth=20
2026-10-09T14:22:19.527+08:00 [INFO] gRPC GetRecentTrades: symbol=ETH/USDT, limit=10
2026-10-09T14:22:19.528+08:00 [INFO] gRPC GetTicker: symbol=ETH/USDT
2026-10-09T14:22:19.772+08:00 [INFO] gRPC GetOrderBook: symbol=BNB/USDT, depth=20
2026-10-09T14:22:19.772+08:00 [INFO] gRPC GetRecentTrades: symbol=BNB/USDT, limit=10
2026-10-09T14:22:19.773+08:00 [INFO] gRPC GetTicker: symbol=BNB/USDT
2026-10-09T14:22:20.526+08:00 [INFO] gRPC GetOrderBook: symbol=ETH/USDT, depth=20
2026-10-09T14:22:20.527+08:00 [INFO] gRPC GetRecentTrades: symbol=ETH/USDT, limit=10
2026-10-09T14:22:20.528+08:00 [INFO] gRPC GetTicker: symbol=ETH/USDT
2026-10-09T14:22:20.764+08:00 [INFO] gRPC GetOrderBook: symbol=BNB/USDT, depth=20
2026-10-09T14:22:20.765+08:00 [INFO] gRPC GetRecentTrades: symbol=BNB/USDT, limit=10
2026-10-09T14:22:20.765+08:00 [INFO] gRPC GetTicker: symbol=BNB/USDT
2026-10-09T14:22:21.527+08:00 [INFO] gRPC GetOrderBook: symbol=ETH/USDT, depth=20
2026-10-09T14:22:21.528+08:00 [INFO] gRPC GetRecentTrades: symbol=ETH/USDT, limit=10
2026-10-09T14:22:21.528+08:00 [INFO] gRPC GetTicker: symbol=ETH/USDT
2026-10-09T14:22:21.771+08:00 [INFO] gRPC GetOrderBook: symbol=BNB/USDT, depth=20
2026-10-09T14:22:21.771+08:00 [INFO] gRPC GetRecentTrades: symbol=BNB/USDT, limit=10
2026-10-09T14:22:21.772+08:00 [INFO] gRPC GetTicker: symbol=BNB/USDT
2026-10-09T14:22:22.527+08:00 [INFO] gRPC GetOrderBook: symbol=ETH/USDT, depth=20
2026-10-09T14:22:22.527+08:00 [INFO] gRPC GetRecentTrades: symbol=ETH/USDT, limit=10
2026-10-09T14:22:22.527+08:00 [INFO] gRPC GetTicker: symbol=ETH/USDT
2026-10-09T14:22:22.772+08:00 [INFO] gRPC GetOrderBook: symbol=BNB/USDT, depth=20
2026-10-09T14:22:22.773+08:00 [INFO] gRPC GetRecentTrades: symbol=BNB/USDT, limit=10
2026-10-09T14:22:22.773+08:00 [INFO] gRPC GetTicker: symbol=BNB/USDT
2026-10-09T14:22:23.527+08:00 [INFO] gRPC GetOrderBook: symbol=ETH/USDT, depth=20
2026-10-09T14:22:23.527+08:00 [INFO] gRPC GetRecentTrades: symbol=ETH/USDT, limit=10
2026-10-09T14:22:23.527+08:00 [INFO] gRPC GetTicker: symbol=ETH/USDT
2026-10-09T14:22:23.792+08:00 [INFO] gRPC GetOrderBook: symbol=BNB/USDT, depth=20
2026-10-09T14:22:23.793+08:00 [INFO] gRPC GetRecentTrades: symbol=BNB/USDT, limit=10
2026-10-09T14:22:23.793+08:00 [INFO] gRPC GetTicker: symbol=BNB/USDT
2026-10-09T14:22:24.527+08:00 [INFO] gRPC GetOrderBook: symbol=ETH/USDT, depth=20
2026-10-09T14:22:24.527+08:00 [INFO] gRPC GetRecentTrades: symbol=ETH/USDT, limit=10
2026-10-09T14:22:24.528+08:00 [INFO] gRPC GetTicker: symbol=ETH/USDT
2026-10-09T14:22:24.769+08:00 [INFO] gRPC GetOrderBook: symbol=BNB/USDT, depth=20
2026-10-09T14:22:24.769+08:00 [INFO] gRPC GetRecentTrades: symbol=BNB/USDT, limit=10
2026-10-09T14:22:24.770+08:00 [INFO] gRPC GetTicker: symbol=BNB/USDT
2026-10-09T14:22:25.526+08:00 [INFO] gRPC GetOrderBook: symbol=ETH/USDT, depth=20
2026-10-09T14:22:25.528+08:00 [INFO] gRPC GetRecentTrades: symbol=ETH/USDT, limit=10
2026-10-09T14:22:25.528+08:00 [INFO] gRPC GetTicker: symbol=ETH/USDT
2026-10-09T14:22:25.787+08:00 [INFO] gRPC GetOrderBook: symbol=BNB/USDT, depth=20
2026-10-09T14:22:25.788+08:00 [INFO] gRPC GetRecentTrades: symbol=BNB/USDT, limit=10
2026-10-09T14:22:25.788+08:00 [INFO] gRPC GetTicker: symbol=BNB/USDT
2026-10-09T14:22:26.527+08:00 [INFO] gRPC GetOrderBook: symbol=ETH/USDT, depth=20
2026-10-09T14:22:26.527+08:00 [INFO] gRPC GetRecentTrades: symbol=ETH/USDT, limit=10
2026-10-09T14:22:26.528+08:00 [INFO] gRPC GetTicker: symbol=ETH/USDT
2026-10-09T14:22:26.766+08:00 [INFO] gRPC GetOrderBook: symbol=BNB/USDT, depth=20
2026-10-09T14:22:26.767+08:00 [INFO] gRPC GetRecentTrades: symbol=BNB/USDT, limit=10
2026-10-09T14:22:26.767+08:00 [INFO] gRPC GetTicker: symbol=BNB/USDT
2026-10-09T14:22:27.526+08:00 [INFO] gRPC GetOrderBook: symbol=ETH/USDT, depth=20
2026-10-09T14:22:27.527+08:00 [INFO] gRPC GetRecentTrades: symbol=ETH/USDT, limit=10
2026-10-09T14:22:27.527+08:00 [INFO] gRPC GetTicker: symbol=ETH/USDT
2026-10-09T14:22:27.786+08:00 [INFO] gRPC GetOrderBook: symbol=BNB/USDT, depth=20
2026-10-09T14:22:27.787+08:00 [INFO] gRPC GetRecentTrades: symbol=BNB/USDT, limit=10
2026-10-09T14:22:27.787+08:00 [INFO] gRPC GetTicker: symbol=BNB/USDT
2026-10-09T14:22:28.526+08:00 [INFO] gRPC GetOrderBook: symbol=ETH/USDT, depth=20
2026-10-09T14:22:28.527+08:00 [INFO] gRPC GetRecentTrades: symbol=ETH/USDT, limit=10
2026-10-09T14:22:28.527+08:00 [INFO] gRPC GetTicker: symbol=ETH/USDT
2026-10-09T14:22:28.771+08:00 [INFO] gRPC GetOrderBook: symbol=BNB/USDT, depth=20
2026-10-09T14:22:28.772+08:00 [INFO] gRPC GetRecentTrades: symbol=BNB/USDT, limit=10
2026-10-09T14:22:28.773+08:00 [INFO] gRPC GetTicker: symbol=BNB/USDT
2026-10-09T14:22:29.527+08:00 [INFO] gRPC GetOrderBook: symbol=ETH/USDT, depth=20
2026-10-09T14:22:29.527+08:00 [INFO] gRPC GetRecentTrades: symbol=ETH/USDT, limit=10
2026-10-09T14:22:29.528+08:00 [INFO] gRPC GetTicker: symbol=ETH/USDT
2026-10-09T14:22:29.831+08:00 [INFO] gRPC GetOrderBook: symbol=BNB/USDT, depth=20
2026-10-09T14:22:29.831+08:00 [INFO] gRPC GetRecentTrades: symbol=BNB/USDT, limit=10
2026-10-09T14:22:29.831+08:00 [INFO] gRPC GetTicker: symbol=BNB/USDT
2026-10-09T14:22:30.594+08:00 [INFO] gRPC GetOrderBook: symbol=ETH/USDT, depth=20
2026-10-09T14:22:30.597+08:00 [INFO] gRPC GetRecentTrades: symbol=ETH/USDT, limit=10
2026-10-09T14:22:30.598+08:00 [INFO] gRPC GetTicker: symbol=ETH/USDT
2026-10-09T14:22:30.846+08:00 [INFO] gRPC GetOrderBook: symbol=BNB/USDT, depth=20
2026-10-09T14:22:30.846+08:00 [INFO] gRPC GetRecentTrades: symbol=BNB/USDT, limit=10
2026-10-09T14:22:30.847+08:00 [INFO] gRPC GetTicker: symbol=BNB/USDT
2026-10-09T14:22:31.594+08:00 [INFO] gRPC GetOrderBook: symbol=ETH/USDT, depth=20
2026-10-09T14:22:31.594+08:00 [INFO] gRPC GetRecentTrades: symbol=ETH/USDT, limit=10
2026-10-09T14:22:31.595+08:00 [INFO] gRPC GetTicker: symbol=ETH/USDT
2026-10-09T14:22:31.842+08:00 [INFO] gRPC GetOrderBook: symbol=BNB/USDT, depth=20
2026-10-09T14:22:31.843+08:00 [INFO] gRPC GetRecentTrades: symbol=BNB/USDT, limit=10
2026-10-09T14:22:31.845+08:00 [INFO] gRPC GetTicker: symbol=BNB/USDT
2026-10-09T14:22:32.595+08:00 [INFO] gRPC GetOrderBook: symbol=ETH/USDT, depth=20
2026-10-09T14:22:32.596+08:00 [INFO] gRPC GetRecentTrades: symbol=ETH/USDT, limit=10
2026-10-09T14:22:32.596+08:00 [INFO] gRPC GetTicker: symbol=ETH/USDT
2026-10-09T14:22:32.840+08:00 [INFO] gRPC GetOrderBook: symbol=BNB/USDT, depth=20
2026-10-09T14:22:32.841+08:00 [INFO] gRPC GetRecentTrades: symbol=BNB/USDT, limit=10
2026-10-09T14:22:32.841+08:00 [INFO] gRPC GetTicker: symbol=BNB/USDT
2026-10-09T14:22:33.594+08:00 [INFO] gRPC GetOrderBook: symbol=ETH/USDT, depth=20
2026-10-09T14:22:33.594+08:00 [INFO] gRPC GetRecentTrades: symbol=ETH/USDT, limit=10
2026-10-09T14:22:33.595+08:00 [INFO] gRPC GetTicker: symbol=ETH/USDT
2026-10-09T14:22:33.842+08:00 [INFO] gRPC GetOrderBook: symbol=BNB/USDT, depth=20
2026-10-09T14:22:33.843+08:00 [INFO] gRPC GetRecentTrades: symbol=BNB/USDT, limit=10
2026-10-09T14:22:33.844+08:00 [INFO] gRPC GetTicker: symbol=BNB/USDT
2026-10-09T14:22:34.594+08:00 [INFO] gRPC GetOrderBook: symbol=ETH/USDT, depth=20
2026-10-09T14:22:34.595+08:00 [INFO] gRPC GetRecentTrades: symbol=ETH/USDT, limit=10
2026-10-09T14:22:34.596+08:00 [INFO] gRPC GetTicker: symbol=ETH/USDT
2026-10-09T14:22:34.842+08:00 [INFO] gRPC GetOrderBook: symbol=BNB/USDT, depth=20
2026-10-09T14:22:34.843+08:00 [INFO] gRPC GetRecentTrades: symbol=BNB/USDT, limit=10
2026-10-09T14:22:34.844+08:00 [INFO] gRPC GetTicker: symbol=BNB/USDT
2026-10-09T14:22:35.594+08:00 [INFO] gRPC GetOrderBook: symbol=ETH/USDT, depth=20
2026-10-09T14:22:35.595+08:00 [INFO] gRPC GetRecentTrades: symbol=ETH/USDT, limit=10
2026-10-09T14:22:35.596+08:00 [INFO] gRPC GetTicker: symbol=ETH/USDT
2026-10-09T14:22:35.914+08:00 [INFO] gRPC GetOrderBook: symbol=BNB/USDT, depth=20
2026-10-09T14:22:35.914+08:00 [INFO] gRPC GetRecentTrades: symbol=BNB/USDT, limit=10
2026-10-09T14:22:35.915+08:00 [INFO] gRPC GetTicker: symbol=BNB/USDT
2026-10-09T14:22:36.594+08:00 [INFO] gRPC GetOrderBook: symbol=ETH/USDT, depth=20
2026-10-09T14:22:36.594+08:00 [INFO] gRPC GetRecentTrades: symbol=ETH/USDT, limit=10
2026-10-09T14:22:36.595+08:00 [INFO] gRPC GetTicker: symbol=ETH/USDT
2026-10-09T14:22:36.844+08:00 [INFO] gRPC GetOrderBook: symbol=BNB/USDT, depth=20
2026-10-09T14:22:36.845+08:00 [INFO] gRPC GetRecentTrades: symbol=BNB/USDT, limit=10
2026-10-09T14:22:36.846+08:00 [INFO] gRPC GetTicker: symbol=BNB/USDT
2026-10-09T14:22:37.595+08:00 [INFO] gRPC GetOrderBook: symbol=ETH/USDT, depth=20
2026-10-09T14:22:37.595+08:00 [INFO] gRPC GetRecentTrades: symbol=ETH/USDT, limit=10
2026-10-09T14:22:37.595+08:00 [INFO] gRPC GetTicker: symbol=ETH/USDT
2026-10-09T14:22:37.888+08:00 [INFO] gRPC GetOrderBook: symbol=BNB/USDT, depth=20
2026-10-09T14:22:37.889+08:00 [INFO] gRPC GetRecentTrades: symbol=BNB/USDT, limit=10
2026-10-09T14:22:37.889+08:00 [INFO] gRPC GetTicker: symbol=BNB/USDT
2026-10-09T14:22:38.594+08:00 [INFO] gRPC GetOrderBook: symbol=BNB/USDT, depth=20
2026-10-09T14:22:38.594+08:00 [INFO] gRPC GetRecentTrades: symbol=BNB/USDT, limit=10
2026-10-09T14:22:38.594+08:00 [INFO] gRPC GetTicker: symbol=BNB/USDT
2026-10-09T14:22:38.912+08:00 [INFO] gRPC GetOrderBook: symbol=ETH/USDT, depth=20
2026-10-09T14:22:38.913+08:00 [INFO] gRPC GetRecentTrades: symbol=ETH/USDT, limit=10
2026-10-09T14:22:38.913+08:00 [INFO] gRPC GetTicker: symbol=ETH/USDT
2026-10-09T14:22:39.594+08:00 [INFO] gRPC GetOrderBook: symbol=ETH/USDT, depth=20
2026-10-09T14:22:39.595+08:00 [INFO] gRPC GetRecentTrades: symbol=ETH/USDT, limit=10
2026-10-09T14:22:39.595+08:00 [INFO] gRPC GetTicker: symbol=ETH/USDT
2026-10-09T14:22:39.829+08:00 [INFO] gRPC GetOrderBook: symbol=BNB/USDT, depth=20
2026-10-09T14:22:39.830+08:00 [INFO] gRPC GetRecentTrades: symbol=BNB/USDT, limit=10
2026-10-09T14:22:39.830+08:00 [INFO] gRPC GetTicker: symbol=BNB/USDT
2026-10-09T14:22:40.594+08:00 [INFO] gRPC GetOrderBook: symbol=BNB/USDT, depth=20
2026-10-09T14:22:40.594+08:00 [INFO] gRPC GetRecentTrades: symbol=BNB/USDT, limit=10
2026-10-09T14:22:40.594+08:00 [INFO] gRPC GetTicker: symbol=BNB/USDT
2026-10-09T14:22:40.844+08:00 [INFO] gRPC GetOrderBook: symbol=ETH/USDT, depth=20
2026-10-09T14:22:40.844+08:00 [INFO] gRPC GetRecentTrades: symbol=ETH/USDT, limit=10
2026-10-09T14:22:40.845+08:00 [INFO] gRPC GetTicker: symbol=ETH/USDT
2026-10-09T14:22:41.594+08:00 [INFO] gRPC GetOrderBook: symbol=ETH/USDT, depth=20
2026-10-09T14:22:41.595+08:00 [INFO] gRPC GetRecentTrades: symbol=ETH/USDT, limit=10
2026-10-09T14:22:41.595+08:00 [INFO] gRPC GetTicker: symbol=ETH/USDT
2026-10-09T14:22:41.881+08:00 [INFO] gRPC GetOrderBook: symbol=BNB/USDT, depth=20
2026-10-09T14:22:41.882+08:00 [INFO] gRPC GetRecentTrades: symbol=BNB/USDT, limit=10
2026-10-09T14:22:41.882+08:00 [INFO] gRPC GetTicker: symbol=BNB/USDT
2026-10-09T14:22:42.616+08:00 [INFO] gRPC GetOrderBook: symbol=ETH/USDT, depth=20
2026-10-09T14:22:42.617+08:00 [INFO] gRPC GetRecentTrades: symbol=ETH/USDT, limit=10
2026-10-09T14:22:42.617+08:00 [INFO] gRPC GetTicker: symbol=ETH/USDT
2026-10-09T14:22:42.905+08:00 [INFO] gRPC GetOrderBook: symbol=BNB/USDT, depth=20
2026-10-09T14:22:42.906+08:00 [INFO] gRPC GetRecentTrades: symbol=BNB/USDT, limit=10
2026-10-09T14:22:42.906+08:00 [INFO] gRPC GetTicker: symbol=BNB/USDT
2026-10-09T14:22:43.593+08:00 [INFO] gRPC GetOrderBook: symbol=ETH/USDT, depth=20
2026-10-09T14:22:43.594+08:00 [INFO] gRPC GetRecentTrades: symbol=ETH/USDT, limit=10
2026-10-09T14:22:43.594+08:00 [INFO] gRPC GetTicker: symbol=ETH/USDT
2026-10-09T14:22:43.837+08:00 [INFO] gRPC GetOrderBook: symbol=BNB/USDT, depth=20
2026-10-09T14:22:43.838+08:00 [INFO] gRPC GetRecentTrades: symbol=BNB/USDT, limit=10
2026-10-09T14:22:43.838+08:00 [INFO] gRPC GetTicker: symbol=BNB/USDT
2026-10-09T14:22:44.593+08:00 [INFO] gRPC GetOrderBook: symbol=ETH/USDT, depth=20
2026-10-09T14:22:44.594+08:00 [INFO] gRPC GetRecentTrades: symbol=ETH/USDT, limit=10
2026-10-09T14:22:44.594+08:00 [INFO] gRPC GetTicker: symbol=ETH/USDT
2026-10-09T14:22:44.843+08:00 [INFO] gRPC GetOrderBook: symbol=BNB/USDT, depth=20
2026-10-09T14:22:44.844+08:00 [INFO] gRPC GetRecentTrades: symbol=BNB/USDT, limit=10
2026-10-09T14:22:44.845+08:00 [INFO] gRPC GetTicker: symbol=BNB/USDT
2026-10-09T14:22:45.594+08:00 [INFO] gRPC GetOrderBook: symbol=BNB/USDT, depth=20
2026-10-09T14:22:45.594+08:00 [INFO] gRPC GetRecentTrades: symbol=BNB/USDT, limit=10
2026-10-09T14:22:45.595+08:00 [INFO] gRPC GetTicker: symbol=BNB/USDT
2026-10-09T14:22:45.837+08:00 [INFO] gRPC GetOrderBook: symbol=ETH/USDT, depth=20
2026-10-09T14:22:45.838+08:00 [INFO] gRPC GetRecentTrades: symbol=ETH/USDT, limit=10
2026-10-09T14:22:45.838+08:00 [INFO] gRPC GetTicker: symbol=ETH/USDT
2026-10-09T14:22:46.593+08:00 [INFO] gRPC GetOrderBook: symbol=ETH/USDT, depth=20
2026-10-09T14:22:46.593+08:00 [INFO] gRPC GetRecentTrades: symbol=ETH/USDT, limit=10
2026-10-09T14:22:46.594+08:00 [INFO] gRPC GetTicker: symbol=ETH/USDT
2026-10-09T14:22:46.899+08:00 [INFO] gRPC GetOrderBook: symbol=BNB/USDT, depth=20
2026-10-09T14:22:46.900+08:00 [INFO] gRPC GetRecentTrades: symbol=BNB/USDT, limit=10
2026-10-09T14:22:46.902+08:00 [INFO] gRPC GetTicker: symbol=BNB/USDT
2026-10-09T14:22:47.594+08:00 [INFO] gRPC GetOrderBook: symbol=ETH/USDT, depth=20
2026-10-09T14:22:47.595+08:00 [INFO] gRPC GetRecentTrades: symbol=ETH/USDT, limit=10
2026-10-09T14:22:47.595+08:00 [INFO] gRPC GetTicker: symbol=ETH/USDT
2026-10-09T14:22:47.847+08:00 [INFO] gRPC GetOrderBook: symbol=BNB/USDT, depth=20
2026-10-09T14:22:47.848+08:00 [INFO] gRPC GetRecentTrades: symbol=BNB/USDT, limit=10
2026-10-09T14:22:47.849+08:00 [INFO] gRPC GetTicker: symbol=BNB/USDT
2026-10-09T14:22:48.594+08:00 [INFO] gRPC GetOrderBook: symbol=BNB/USDT, depth=20
2026-10-09T14:22:48.594+08:00 [INFO] gRPC GetRecentTrades: symbol=BNB/USDT, limit=10
2026-10-09T14:22:48.595+08:00 [INFO] gRPC GetTicker: symbol=BNB/USDT
2026-10-09T14:22:48.840+08:00 [INFO] gRPC GetOrderBook: symbol=ETH/USDT, depth=20
2026-10-09T14:22:48.840+08:00 [INFO] gRPC GetRecentTrades: symbol=ETH/USDT, limit=10
2026-10-09T14:22:48.843+08:00 [INFO] gRPC GetTicker: symbol=ETH/USDT
2026-10-09T14:22:49.593+08:00 [INFO] gRPC GetOrderBook: symbol=ETH/USDT, depth=20
2026-10-09T14:22:49.594+08:00 [INFO] gRPC GetRecentTrades: symbol=ETH/USDT, limit=10
2026-10-09T14:22:49.595+08:00 [INFO] gRPC GetTicker: symbol=ETH/USDT
2026-10-09T14:22:50.300+08:00 [INFO] gRPC GetOrderBook: symbol=BNB/USDT, depth=20
2026-10-09T14:22:50.301+08:00 [INFO] gRPC GetRecentTrades: symbol=BNB/USDT, limit=10
2026-10-09T14:22:50.302+08:00 [INFO] gRPC GetTicker: symbol=BNB/USDT
2026-10-09T14:22:50.594+08:00 [INFO] gRPC GetOrderBook: symbol=BNB/USDT, depth=20
2026-10-09T14:22:50.595+08:00 [INFO] gRPC GetRecentTrades: symbol=BNB/USDT, limit=10
2026-10-09T14:22:50.595+08:00 [INFO] gRPC GetTicker: symbol=BNB/USDT
2026-10-09T14:22:51.312+08:00 [INFO] gRPC GetOrderBook: symbol=ETH/USDT, depth=20
2026-10-09T14:22:51.313+08:00 [INFO] gRPC GetRecentTrades: symbol=ETH/USDT, limit=10
2026-10-09T14:22:51.313+08:00 [INFO] gRPC GetTicker: symbol=ETH/USDT
2026-10-09T14:22:51.593+08:00 [INFO] gRPC GetOrderBook: symbol=BNB/USDT, depth=20
2026-10-09T14:22:51.594+08:00 [INFO] gRPC GetRecentTrades: symbol=BNB/USDT, limit=10
2026-10-09T14:22:51.594+08:00 [INFO] gRPC GetTicker: symbol=BNB/USDT
2026-10-09T14:22:51.839+08:00 [INFO] gRPC GetOrderBook: symbol=ETH/USDT, depth=20
2026-10-09T14:22:51.839+08:00 [INFO] gRPC GetRecentTrades: symbol=ETH/USDT, limit=10
2026-10-09T14:22:51.839+08:00 [INFO] gRPC GetTicker: symbol=ETH/USDT
2026-10-09T14:22:52.594+08:00 [INFO] gRPC GetOrderBook: symbol=ETH/USDT, depth=20
2026-10-09T14:22:52.597+08:00 [INFO] gRPC GetRecentTrades: symbol=ETH/USDT, limit=10
2026-10-09T14:22:52.597+08:00 [INFO] gRPC GetTicker: symbol=ETH/USDT
2026-10-09T14:22:52.940+08:00 [INFO] gRPC GetOrderBook: symbol=BNB/USDT, depth=20
2026-10-09T14:22:52.942+08:00 [INFO] gRPC GetRecentTrades: symbol=BNB/USDT, limit=10
2026-10-09T14:22:52.943+08:00 [INFO] gRPC GetTicker: symbol=BNB/USDT
2026-10-09T14:22:53.654+08:00 [INFO] gRPC GetOrderBook: symbol=ETH/USDT, depth=20
2026-10-09T14:22:53.655+08:00 [INFO] gRPC GetRecentTrades: symbol=ETH/USDT, limit=10
2026-10-09T14:22:53.655+08:00 [INFO] gRPC GetTicker: symbol=ETH/USDT
2026-10-09T14:22:53.905+08:00 [INFO] gRPC GetOrderBook: symbol=BNB/USDT, depth=20
2026-10-09T14:22:53.905+08:00 [INFO] gRPC GetRecentTrades: symbol=BNB/USDT, limit=10
2026-10-09T14:22:53.905+08:00 [INFO] gRPC GetTicker: symbol=BNB/USDT
2026-10-09T14:22:54.598+08:00 [INFO] gRPC GetOrderBook: symbol=ETH/USDT, depth=20
2026-10-09T14:22:54.599+08:00 [INFO] gRPC GetRecentTrades: symbol=ETH/USDT, limit=10
2026-10-09T14:22:54.601+08:00 [INFO] gRPC GetTicker: symbol=ETH/USDT
2026-10-09T14:22:54.844+08:00 [INFO] gRPC GetOrderBook: symbol=BNB/USDT, depth=20
2026-10-09T14:22:54.844+08:00 [INFO] gRPC GetRecentTrades: symbol=BNB/USDT, limit=10
2026-10-09T14:22:54.844+08:00 [INFO] gRPC GetTicker: symbol=BNB/USDT
2026-10-09T14:22:55.594+08:00 [INFO] gRPC GetOrderBook: symbol=ETH/USDT, depth=20
2026-10-09T14:22:55.595+08:00 [INFO] gRPC GetRecentTrades: symbol=ETH/USDT, limit=10
2026-10-09T14:22:55.595+08:00 [INFO] gRPC GetTicker: symbol=ETH/USDT
2026-10-09T14:22:55.839+08:00 [INFO] gRPC GetOrderBook: symbol=BNB/USDT, depth=20
2026-10-09T14:22:55.839+08:00 [INFO] gRPC GetRecentTrades: symbol=BNB/USDT, limit=10
2026-10-09T14:22:55.839+08:00 [INFO] gRPC GetTicker: symbol=BNB/USDT
2026-10-09T14:22:56.594+08:00 [INFO] gRPC GetOrderBook: symbol=BNB/USDT, depth=20
2026-10-09T14:22:56.594+08:00 [INFO] gRPC GetRecentTrades: symbol=BNB/USDT, limit=10
2026-10-09T14:22:56.594+08:00 [INFO] gRPC GetTicker: symbol=BNB/USDT
2026-10-09T14:22:56.839+08:00 [INFO] gRPC GetOrderBook: symbol=ETH/USDT, depth=20
2026-10-09T14:22:56.840+08:00 [INFO] gRPC GetRecentTrades: symbol=ETH/USDT, limit=10
2026-10-09T14:22:56.841+08:00 [INFO] gRPC GetTicker: symbol=ETH/USDT
2026-10-09T14:22:57.594+08:00 [INFO] gRPC GetOrderBook: symbol=ETH/USDT, depth=20
2026-10-09T14:22:57.595+08:00 [INFO] gRPC GetRecentTrades: symbol=ETH/USDT, limit=10
2026-10-09T14:22:57.595+08:00 [INFO] gRPC GetTicker: symbol=ETH/USDT
2026-10-09T14:22:57.841+08:00 [INFO] gRPC GetOrderBook: symbol=BNB/USDT, depth=20
2026-10-09T14:22:57.843+08:00 [INFO] gRPC GetRecentTrades: symbol=BNB/USDT, limit=10
2026-10-09T14:22:57.844+08:00 [INFO] gRPC GetTicker: symbol=BNB/USDT
2026-10-09T14:22:58.593+08:00 [INFO] gRPC GetOrderBook: symbol=ETH/USDT, depth=20
2026-10-09T14:22:58.594+08:00 [INFO] gRPC GetRecentTrades: symbol=ETH/USDT, limit=10
2026-10-09T14:22:58.594+08:00 [INFO] gRPC GetTicker: symbol=ETH/USDT
2026-10-09T14:22:58.844+08:00 [INFO] gRPC GetOrderBook: symbol=BNB/USDT, depth=20
2026-10-09T14:22:58.844+08:00 [INFO] gRPC GetRecentTrades: symbol=BNB/USDT, limit=10
2026-10-09T14:22:58.845+08:00 [INFO] gRPC GetTicker: symbol=BNB/USDT
2026-10-09T14:22:59.593+08:00 [INFO] gRPC GetOrderBook: symbol=ETH/USDT, depth=20
2026-10-09T14:22:59.594+08:00 [INFO] gRPC GetRecentTrades: symbol=ETH/USDT, limit=10
2026-10-09T14:22:59.595+08:00 [INFO] gRPC GetTicker: symbol=ETH/USDT
2026-10-09T14:22:59.844+08:00 [INFO] gRPC GetOrderBook: symbol=BNB/USDT, depth=20
2026-10-09T14:22:59.844+08:00 [INFO] gRPC GetRecentTrades: symbol=BNB/USDT, limit=10
2026-10-09T14:22:59.845+08:00 [INFO] gRPC GetTicker: symbol=BNB/USDT
2026-10-09T14:23:00.593+08:00 [INFO] gRPC GetOrderBook: symbol=ETH/USDT, depth=20
2026-10-09T14:23:00.594+08:00 [INFO] gRPC GetRecentTrades: symbol=ETH/USDT, limit=10
2026-10-09T14:23:00.594+08:00 [INFO] gRPC GetTicker: symbol=ETH/USDT
2026-10-09T14:23:00.841+08:00 [INFO] gRPC GetOrderBook: symbol=BNB/USDT, depth=20
2026-10-09T14:23:00.843+08:00 [INFO] gRPC GetRecentTrades: symbol=BNB/USDT, limit=10
2026-10-09T14:23:00.844+08:00 [INFO] gRPC GetTicker: symbol=BNB/USDT
2026-10-09T14:23:01.593+08:00 [INFO] gRPC GetOrderBook: symbol=ETH/USDT, depth=20
2026-10-09T14:23:01.594+08:00 [INFO] gRPC GetRecentTrades: symbol=ETH/USDT, limit=10
2026-10-09T14:23:01.596+08:00 [INFO] gRPC GetTicker: symbol=ETH/USDT
2026-10-09T14:23:02.305+08:00 [INFO] gRPC GetOrderBook: symbol=BNB/USDT, depth=20
2026-10-09T14:23:02.306+08:00 [INFO] gRPC GetRecentTrades: symbol=BNB/USDT, limit=10
2026-10-09T14:23:02.306+08:00 [INFO] gRPC GetTicker: symbol=BNB/USDT
2026-10-09T14:23:02.593+08:00 [INFO] gRPC GetOrderBook: symbol=ETH/USDT, depth=20
2026-10-09T14:23:02.594+08:00 [INFO] gRPC GetRecentTrades: symbol=ETH/USDT, limit=10
2026-10-09T14:23:02.594+08:00 [INFO] gRPC GetTicker: symbol=ETH/USDT
2026-10-09T14:23:02.842+08:00 [INFO] gRPC GetOrderBook: symbol=BNB/USDT, depth=20
2026-10-09T14:23:02.844+08:00 [INFO] gRPC GetRecentTrades: symbol=BNB/USDT, limit=10
2026-10-09T14:23:02.844+08:00 [INFO] gRPC GetTicker: symbol=BNB/USDT
2026-10-09T14:23:03.592+08:00 [INFO] gRPC GetOrderBook: symbol=ETH/USDT, depth=20
2026-10-09T14:23:03.593+08:00 [INFO] gRPC GetRecentTrades: symbol=ETH/USDT, limit=10
2026-10-09T14:23:03.594+08:00 [INFO] gRPC GetTicker: symbol=ETH/USDT
2026-10-09T14:23:03.898+08:00 [INFO] gRPC GetOrderBook: symbol=BNB/USDT, depth=20
2026-10-09T14:23:03.899+08:00 [INFO] gRPC GetRecentTrades: symbol=BNB/USDT, limit=10
2026-10-09T14:23:03.899+08:00 [INFO] gRPC GetTicker: symbol=BNB/USDT
2026-10-09T14:23:04.593+08:00 [INFO] gRPC GetOrderBook: symbol=ETH/USDT, depth=20
2026-10-09T14:23:04.594+08:00 [INFO] gRPC GetRecentTrades: symbol=ETH/USDT, limit=10
2026-10-09T14:23:04.594+08:00 [INFO] gRPC GetTicker: symbol=ETH/USDT
2026-10-09T14:23:04.844+08:00 [INFO] gRPC GetOrderBook: symbol=BNB/USDT, depth=20
2026-10-09T14:23:04.845+08:00 [INFO] gRPC GetRecentTrades: symbol=BNB/USDT, limit=10
2026-10-09T14:23:04.845+08:00 [INFO] gRPC GetTicker: symbol=BNB/USDT
2026-10-09T14:23:05.593+08:00 [INFO] gRPC GetOrderBook: symbol=ETH/USDT, depth=20
2026-10-09T14:23:05.594+08:00 [INFO] gRPC GetRecentTrades: symbol=ETH/USDT, limit=10
2026-10-09T14:23:05.594+08:00 [INFO] gRPC GetTicker: symbol=ETH/USDT
2026-10-09T14:23:05.945+08:00 [INFO] gRPC GetOrderBook: symbol=BNB/USDT, depth=20
2026-10-09T14:23:05.946+08:00 [INFO] gRPC GetRecentTrades: symbol=BNB/USDT, limit=10
2026-10-09T14:23:05.946+08:00 [INFO] gRPC GetTicker: symbol=BNB/USDT
2026-10-09T14:23:06.594+08:00 [INFO] gRPC GetOrderBook: symbol=ETH/USDT, depth=20
2026-10-09T14:23:06.595+08:00 [INFO] gRPC GetRecentTrades: symbol=ETH/USDT, limit=10
2026-10-09T14:23:06.595+08:00 [INFO] gRPC GetTicker: symbol=ETH/USDT
2026-10-09T14:23:06.839+08:00 [INFO] gRPC GetOrderBook: symbol=BNB/USDT, depth=20
2026-10-09T14:23:06.839+08:00 [INFO] gRPC GetRecentTrades: symbol=BNB/USDT, limit=10
2026-10-09T14:23:06.843+08:00 [INFO] gRPC GetTicker: symbol=BNB/USDT
2026-10-09T14:23:07.593+08:00 [INFO] gRPC GetOrderBook: symbol=BNB/USDT, depth=20
2026-10-09T14:23:07.594+08:00 [INFO] gRPC GetRecentTrades: symbol=BNB/USDT, limit=10
2026-10-09T14:23:07.594+08:00 [INFO] gRPC GetTicker: symbol=BNB/USDT
2026-10-09T14:23:08.313+08:00 [INFO] gRPC GetOrderBook: symbol=ETH/USDT, depth=20
2026-10-09T14:23:08.313+08:00 [INFO] gRPC GetRecentTrades: symbol=ETH/USDT, limit=10
2026-10-09T14:23:08.314+08:00 [INFO] gRPC GetTicker: symbol=ETH/USDT
2026-10-09T14:23:08.593+08:00 [INFO] gRPC GetOrderBook: symbol=ETH/USDT, depth=20
2026-10-09T14:23:08.594+08:00 [INFO] gRPC GetRecentTrades: symbol=ETH/USDT, limit=10
2026-10-09T14:23:08.594+08:00 [INFO] gRPC GetTicker: symbol=ETH/USDT
2026-10-09T14:23:08.844+08:00 [INFO] gRPC GetOrderBook: symbol=BNB/USDT, depth=20
2026-10-09T14:23:08.844+08:00 [INFO] gRPC GetRecentTrades: symbol=BNB/USDT, limit=10
2026-10-09T14:23:08.845+08:00 [INFO] gRPC GetTicker: symbol=BNB/USDT
2026-10-09T14:23:09.593+08:00 [INFO] gRPC GetOrderBook: symbol=ETH/USDT, depth=20
2026-10-09T14:23:09.594+08:00 [INFO] gRPC GetRecentTrades: symbol=ETH/USDT, limit=10
2026-10-09T14:23:09.595+08:00 [INFO] gRPC GetTicker: symbol=ETH/USDT
2026-10-09T14:23:09.866+08:00 [INFO] gRPC GetOrderBook: symbol=BNB/USDT, depth=20
2026-10-09T14:23:09.866+08:00 [INFO] gRPC GetRecentTrades: symbol=BNB/USDT, limit=10
2026-10-09T14:23:09.867+08:00 [INFO] gRPC GetTicker: symbol=BNB/USDT
2026-10-09T14:23:10.593+08:00 [INFO] gRPC GetOrderBook: symbol=ETH/USDT, depth=20
2026-10-09T14:23:10.594+08:00 [INFO] gRPC GetRecentTrades: symbol=ETH/USDT, limit=10
2026-10-09T14:23:10.594+08:00 [INFO] gRPC GetTicker: symbol=ETH/USDT
2026-10-09T14:23:10.843+08:00 [INFO] gRPC GetOrderBook: symbol=BNB/USDT, depth=20
2026-10-09T14:23:10.844+08:00 [INFO] gRPC GetRecentTrades: symbol=BNB/USDT, limit=10
2026-10-09T14:23:10.844+08:00 [INFO] gRPC GetTicker: symbol=BNB/USDT
2026-10-09T14:23:11.593+08:00 [INFO] gRPC GetOrderBook: symbol=BNB/USDT, depth=20
2026-10-09T14:23:11.594+08:00 [INFO] gRPC GetRecentTrades: symbol=BNB/USDT, limit=10
2026-10-09T14:23:11.594+08:00 [INFO] gRPC GetTicker: symbol=BNB/USDT
2026-10-09T14:23:11.841+08:00 [INFO] gRPC GetOrderBook: symbol=ETH/USDT, depth=20
2026-10-09T14:23:11.842+08:00 [INFO] gRPC GetRecentTrades: symbol=ETH/USDT, limit=10
2026-10-09T14:23:11.843+08:00 [INFO] gRPC GetTicker: symbol=ETH/USDT
2026-10-09T14:23:12.593+08:00 [INFO] gRPC GetOrderBook: symbol=ETH/USDT, depth=20
2026-10-09T14:23:12.594+08:00 [INFO] gRPC GetRecentTrades: symbol=ETH/USDT, limit=10
2026-10-09T14:23:12.594+08:00 [INFO] gRPC GetTicker: symbol=ETH/USDT
2026-10-09T14:23:12.843+08:00 [INFO] gRPC GetOrderBook: symbol=BNB/USDT, depth=20
2026-10-09T14:23:12.844+08:00 [INFO] gRPC GetRecentTrades: symbol=BNB/USDT, limit=10
2026-10-09T14:23:12.845+08:00 [INFO] gRPC GetTicker: symbol=BNB/USDT
2026-10-09T14:23:13.593+08:00 [INFO] gRPC GetOrderBook: symbol=ETH/USDT, depth=20
2026-10-09T14:23:13.594+08:00 [INFO] gRPC GetRecentTrades: symbol=ETH/USDT, limit=10
2026-10-09T14:23:13.594+08:00 [INFO] gRPC GetTicker: symbol=ETH/USDT
2026-10-09T14:23:14.344+08:00 [INFO] gRPC GetOrderBook: symbol=BNB/USDT, depth=20
2026-10-09T14:23:14.344+08:00 [INFO] gRPC GetRecentTrades: symbol=BNB/USDT, limit=10
2026-10-09T14:23:14.345+08:00 [INFO] gRPC GetTicker: symbol=BNB/USDT
2026-10-09T14:23:15.072+08:00 [INFO] gRPC GetOrderBook: symbol=ETH/USDT, depth=20
2026-10-09T14:23:15.072+08:00 [INFO] gRPC GetRecentTrades: symbol=ETH/USDT, limit=10
2026-10-09T14:23:15.077+08:00 [INFO] gRPC GetTicker: symbol=ETH/USDT
2026-10-09T14:23:15.367+08:00 [INFO] gRPC GetOrderBook: symbol=BNB/USDT, depth=20
2026-10-09T14:23:15.368+08:00 [INFO] gRPC GetRecentTrades: symbol=BNB/USDT, limit=10
2026-10-09T14:23:15.369+08:00 [INFO] gRPC GetTicker: symbol=BNB/USDT
2026-10-09T14:23:15.621+08:00 [INFO] gRPC GetOrderBook: symbol=ETH/USDT, depth=20
2026-10-09T14:23:15.621+08:00 [INFO] gRPC GetRecentTrades: symbol=ETH/USDT, limit=10
2026-10-09T14:23:15.621+08:00 [INFO] gRPC GetTicker: symbol=ETH/USDT
2026-10-09T14:23:15.904+08:00 [INFO] gRPC GetOrderBook: symbol=BNB/USDT, depth=20
2026-10-09T14:23:15.904+08:00 [INFO] gRPC GetRecentTrades: symbol=BNB/USDT, limit=10
2026-10-09T14:23:15.905+08:00 [INFO] gRPC GetTicker: symbol=BNB/USDT
2026-10-09T14:23:16.593+08:00 [INFO] gRPC GetOrderBook: symbol=ETH/USDT, depth=20
2026-10-09T14:23:16.594+08:00 [INFO] gRPC GetRecentTrades: symbol=ETH/USDT, limit=10
2026-10-09T14:23:16.594+08:00 [INFO] gRPC GetTicker: symbol=ETH/USDT
2026-10-09T14:23:16.847+08:00 [INFO] gRPC GetOrderBook: symbol=BNB/USDT, depth=20
2026-10-09T14:23:16.848+08:00 [INFO] gRPC GetRecentTrades: symbol=BNB/USDT, limit=10
2026-10-09T14:23:16.849+08:00 [INFO] gRPC GetTicker: symbol=BNB/USDT
2026-10-09T14:23:17.594+08:00 [INFO] gRPC GetOrderBook: symbol=ETH/USDT, depth=20
2026-10-09T14:23:17.594+08:00 [INFO] gRPC GetRecentTrades: symbol=ETH/USDT, limit=10
2026-10-09T14:23:17.595+08:00 [INFO] gRPC GetTicker: symbol=ETH/USDT
2026-10-09T14:23:17.838+08:00 [INFO] gRPC GetOrderBook: symbol=BNB/USDT, depth=20
2026-10-09T14:23:17.839+08:00 [INFO] gRPC GetRecentTrades: symbol=BNB/USDT, limit=10
2026-10-09T14:23:17.839+08:00 [INFO] gRPC GetTicker: symbol=BNB/USDT
2026-10-09T14:23:18.593+08:00 [INFO] gRPC GetOrderBook: symbol=ETH/USDT, depth=20
2026-10-09T14:23:18.593+08:00 [INFO] gRPC GetRecentTrades: symbol=ETH/USDT, limit=10
2026-10-09T14:23:18.594+08:00 [INFO] gRPC GetTicker: symbol=ETH/USDT
2026-10-09T14:23:18.839+08:00 [INFO] gRPC GetOrderBook: symbol=BNB/USDT, depth=20
2026-10-09T14:23:18.842+08:00 [INFO] gRPC GetRecentTrades: symbol=BNB/USDT, limit=10
2026-10-09T14:23:18.842+08:00 [INFO] gRPC GetTicker: symbol=BNB/USDT
2026-10-09T14:23:19.593+08:00 [INFO] gRPC GetOrderBook: symbol=BNB/USDT, depth=20
2026-10-09T14:23:19.593+08:00 [INFO] gRPC GetRecentTrades: symbol=BNB/USDT, limit=10
2026-10-09T14:23:19.594+08:00 [INFO] gRPC GetTicker: symbol=BNB/USDT
2026-10-09T14:23:19.842+08:00 [INFO] gRPC GetOrderBook: symbol=ETH/USDT, depth=20
2026-10-09T14:23:19.843+08:00 [INFO] gRPC GetRecentTrades: symbol=ETH/USDT, limit=10
2026-10-09T14:23:19.843+08:00 [INFO] gRPC GetTicker: symbol=ETH/USDT
2026-10-09T14:23:20.593+08:00 [INFO] gRPC GetOrderBook: symbol=ETH/USDT, depth=20
2026-10-09T14:23:20.595+08:00 [INFO] gRPC GetRecentTrades: symbol=ETH/USDT, limit=10
2026-10-09T14:23:20.595+08:00 [INFO] gRPC GetTicker: symbol=ETH/USDT
2026-10-09T14:23:20.844+08:00 [INFO] gRPC GetOrderBook: symbol=BNB/USDT, depth=20
2026-10-09T14:23:20.845+08:00 [INFO] gRPC GetRecentTrades: symbol=BNB/USDT, limit=10
2026-10-09T14:23:20.846+08:00 [INFO] gRPC GetTicker: symbol=BNB/USDT
2026-10-09T14:23:21.592+08:00 [INFO] gRPC GetOrderBook: symbol=ETH/USDT, depth=20
2026-10-09T14:23:21.593+08:00 [INFO] gRPC GetRecentTrades: symbol=ETH/USDT, limit=10
2026-10-09T14:23:21.593+08:00 [INFO] gRPC GetTicker: symbol=ETH/USDT
2026-10-09T14:23:21.838+08:00 [INFO] gRPC GetOrderBook: symbol=BNB/USDT, depth=20
2026-10-09T14:23:21.838+08:00 [INFO] gRPC GetRecentTrades: symbol=BNB/USDT, limit=10
2026-10-09T14:23:21.839+08:00 [INFO] gRPC GetTicker: symbol=BNB/USDT
2026-10-09T14:23:22.592+08:00 [INFO] gRPC GetOrderBook: symbol=ETH/USDT, depth=20
2026-10-09T14:23:22.593+08:00 [INFO] gRPC GetRecentTrades: symbol=ETH/USDT, limit=10
2026-10-09T14:23:22.594+08:00 [INFO] gRPC GetTicker: symbol=ETH/USDT
2026-10-09T14:23:22.844+08:00 [INFO] gRPC GetOrderBook: symbol=BNB/USDT, depth=20
2026-10-09T14:23:22.845+08:00 [INFO] gRPC GetRecentTrades: symbol=BNB/USDT, limit=10
2026-10-09T14:23:22.846+08:00 [INFO] gRPC GetTicker: symbol=BNB/USDT
2026-10-09T14:23:23.593+08:00 [INFO] gRPC GetOrderBook: symbol=ETH/USDT, depth=20
2026-10-09T14:23:23.594+08:00 [INFO] gRPC GetRecentTrades: symbol=ETH/USDT, limit=10
2026-10-09T14:23:23.594+08:00 [INFO] gRPC GetTicker: symbol=ETH/USDT
2026-10-09T14:23:23.843+08:00 [INFO] gRPC GetOrderBook: symbol=BNB/USDT, depth=20
2026-10-09T14:23:23.844+08:00 [INFO] gRPC GetRecentTrades: symbol=BNB/USDT, limit=10
2026-10-09T14:23:23.844+08:00 [INFO] gRPC GetTicker: symbol=BNB/USDT
2026-10-09T14:23:24.592+08:00 [INFO] gRPC GetOrderBook: symbol=ETH/USDT, depth=20
2026-10-09T14:23:24.593+08:00 [INFO] gRPC GetRecentTrades: symbol=ETH/USDT, limit=10
2026-10-09T14:23:24.593+08:00 [INFO] gRPC GetTicker: symbol=ETH/USDT
2026-10-09T14:23:24.844+08:00 [INFO] gRPC GetOrderBook: symbol=BNB/USDT, depth=20
2026-10-09T14:23:24.858+08:00 [INFO] gRPC GetRecentTrades: symbol=BNB/USDT, limit=10
2026-10-09T14:23:24.859+08:00 [INFO] gRPC GetTicker: symbol=BNB/USDT
2026-10-09T14:23:25.593+08:00 [INFO] gRPC GetOrderBook: symbol=BNB/USDT, depth=20
2026-10-09T14:23:25.594+08:00 [INFO] gRPC GetRecentTrades: symbol=BNB/USDT, limit=10
2026-10-09T14:23:25.595+08:00 [INFO] gRPC GetTicker: symbol=BNB/USDT
2026-10-09T14:23:25.836+08:00 [INFO] gRPC GetOrderBook: symbol=ETH/USDT, depth=20
2026-10-09T14:23:25.837+08:00 [INFO] gRPC GetRecentTrades: symbol=ETH/USDT, limit=10
2026-10-09T14:23:25.837+08:00 [INFO] gRPC GetTicker: symbol=ETH/USDT
2026-10-09T14:23:26.593+08:00 [INFO] gRPC GetOrderBook: symbol=ETH/USDT, depth=20
2026-10-09T14:23:26.593+08:00 [INFO] gRPC GetRecentTrades: symbol=ETH/USDT, limit=10
2026-10-09T14:23:26.594+08:00 [INFO] gRPC GetTicker: symbol=ETH/USDT
2026-10-09T14:23:26.844+08:00 [INFO] gRPC GetOrderBook: symbol=BNB/USDT, depth=20
2026-10-09T14:23:26.845+08:00 [INFO] gRPC GetRecentTrades: symbol=BNB/USDT, limit=10
2026-10-09T14:23:26.845+08:00 [INFO] gRPC GetTicker: symbol=BNB/USDT
2026-10-09T14:23:27.592+08:00 [INFO] gRPC GetOrderBook: symbol=ETH/USDT, depth=20
2026-10-09T14:23:27.594+08:00 [INFO] gRPC GetRecentTrades: symbol=ETH/USDT, limit=10
2026-10-09T14:23:27.594+08:00 [INFO] gRPC GetTicker: symbol=ETH/USDT
2026-10-09T14:23:27.870+08:00 [INFO] gRPC GetOrderBook: symbol=BNB/USDT, depth=20
2026-10-09T14:23:27.871+08:00 [INFO] gRPC GetRecentTrades: symbol=BNB/USDT, limit=10
2026-10-09T14:23:27.872+08:00 [INFO] gRPC GetTicker: symbol=BNB/USDT
2026-10-09T14:23:28.593+08:00 [INFO] gRPC GetOrderBook: symbol=BNB/USDT, depth=20
2026-10-09T14:23:28.594+08:00 [INFO] gRPC GetRecentTrades: symbol=BNB/USDT, limit=10
2026-10-09T14:23:28.595+08:00 [INFO] gRPC GetTicker: symbol=BNB/USDT
2026-10-09T14:23:28.844+08:00 [INFO] gRPC GetOrderBook: symbol=ETH/USDT, depth=20
2026-10-09T14:23:28.845+08:00 [INFO] gRPC GetRecentTrades: symbol=ETH/USDT, limit=10
2026-10-09T14:23:28.845+08:00 [INFO] gRPC GetTicker: symbol=ETH/USDT
2026-10-09T14:23:29.593+08:00 [INFO] gRPC GetOrderBook: symbol=BNB/USDT, depth=20
2026-10-09T14:23:29.593+08:00 [INFO] gRPC GetRecentTrades: symbol=BNB/USDT, limit=10
2026-10-09T14:23:29.594+08:00 [INFO] gRPC GetTicker: symbol=BNB/USDT
2026-10-09T14:23:29.844+08:00 [INFO] gRPC GetOrderBook: symbol=ETH/USDT, depth=20
2026-10-09T14:23:29.844+08:00 [INFO] gRPC GetRecentTrades: symbol=ETH/USDT, limit=10
2026-10-09T14:23:29.845+08:00 [INFO] gRPC GetTicker: symbol=ETH/USDT
2026-10-09T14:23:30.594+08:00 [INFO] gRPC GetOrderBook: symbol=BNB/USDT, depth=20
2026-10-09T14:23:30.594+08:00 [INFO] gRPC GetRecentTrades: symbol=BNB/USDT, limit=10
2026-10-09T14:23:30.594+08:00 [INFO] gRPC GetTicker: symbol=BNB/USDT
2026-10-09T14:23:30.829+08:00 [INFO] gRPC GetOrderBook: symbol=ETH/USDT, depth=20
2026-10-09T14:23:30.829+08:00 [INFO] gRPC GetRecentTrades: symbol=ETH/USDT, limit=10
2026-10-09T14:23:30.829+08:00 [INFO] gRPC GetTicker: symbol=ETH/USDT
2026-10-09T14:23:31.593+08:00 [INFO] gRPC GetOrderBook: symbol=ETH/USDT, depth=20
2026-10-09T14:23:31.593+08:00 [INFO] gRPC GetRecentTrades: symbol=ETH/USDT, limit=10
2026-10-09T14:23:31.593+08:00 [INFO] gRPC GetTicker: symbol=ETH/USDT
2026-10-09T14:23:31.858+08:00 [INFO] gRPC GetOrderBook: symbol=BNB/USDT, depth=20
2026-10-09T14:23:31.858+08:00 [INFO] gRPC GetRecentTrades: symbol=BNB/USDT, limit=10
2026-10-09T14:23:31.859+08:00 [INFO] gRPC GetTicker: symbol=BNB/USDT
2026-10-09T14:23:32.593+08:00 [INFO] gRPC GetOrderBook: symbol=ETH/USDT, depth=20
2026-10-09T14:23:32.593+08:00 [INFO] gRPC GetRecentTrades: symbol=ETH/USDT, limit=10
2026-10-09T14:23:32.594+08:00 [INFO] gRPC GetTicker: symbol=ETH/USDT
2026-10-09T14:23:32.846+08:00 [INFO] gRPC GetOrderBook: symbol=BNB/USDT, depth=20
2026-10-09T14:23:32.847+08:00 [INFO] gRPC GetRecentTrades: symbol=BNB/USDT, limit=10
2026-10-09T14:23:32.847+08:00 [INFO] gRPC GetTicker: symbol=BNB/USDT
2026-10-09T14:23:33.593+08:00 [INFO] gRPC GetOrderBook: symbol=ETH/USDT, depth=20
2026-10-09T14:23:33.593+08:00 [INFO] gRPC GetRecentTrades: symbol=ETH/USDT, limit=10
2026-10-09T14:23:33.594+08:00 [INFO] gRPC GetTicker: symbol=ETH/USDT
2026-10-09T14:23:33.899+08:00 [INFO] gRPC GetOrderBook: symbol=BNB/USDT, depth=20
2026-10-09T14:23:33.900+08:00 [INFO] gRPC GetRecentTrades: symbol=BNB/USDT, limit=10
2026-10-09T14:23:33.900+08:00 [INFO] gRPC GetTicker: symbol=BNB/USDT
2026-10-09T14:23:34.593+08:00 [INFO] gRPC GetOrderBook: symbol=BNB/USDT, depth=20
2026-10-09T14:23:34.593+08:00 [INFO] gRPC GetRecentTrades: symbol=BNB/USDT, limit=10
2026-10-09T14:23:34.593+08:00 [INFO] gRPC GetTicker: symbol=BNB/USDT
2026-10-09T14:23:34.838+08:00 [INFO] gRPC GetOrderBook: symbol=ETH/USDT, depth=20
2026-10-09T14:23:34.838+08:00 [INFO] gRPC GetRecentTrades: symbol=ETH/USDT, limit=10
2026-10-09T14:23:34.839+08:00 [INFO] gRPC GetTicker: symbol=ETH/USDT
2026-10-09T14:23:35.593+08:00 [INFO] gRPC GetOrderBook: symbol=BNB/USDT, depth=20
2026-10-09T14:23:35.593+08:00 [INFO] gRPC GetRecentTrades: symbol=BNB/USDT, limit=10
2026-10-09T14:23:35.593+08:00 [INFO] gRPC GetTicker: symbol=BNB/USDT
2026-10-09T14:23:35.947+08:00 [INFO] gRPC GetOrderBook: symbol=ETH/USDT, depth=20
2026-10-09T14:23:35.948+08:00 [INFO] gRPC GetRecentTrades: symbol=ETH/USDT, limit=10
2026-10-09T14:23:35.948+08:00 [INFO] gRPC GetTicker: symbol=ETH/USDT
2026-10-09T14:23:36.593+08:00 [INFO] gRPC GetOrderBook: symbol=BNB/USDT, depth=20
2026-10-09T14:23:36.593+08:00 [INFO] gRPC GetRecentTrades: symbol=BNB/USDT, limit=10
2026-10-09T14:23:36.593+08:00 [INFO] gRPC GetTicker: symbol=BNB/USDT
2026-10-09T14:23:36.835+08:00 [INFO] gRPC GetOrderBook: symbol=ETH/USDT, depth=20
2026-10-09T14:23:36.835+08:00 [INFO] gRPC GetRecentTrades: symbol=ETH/USDT, limit=10
2026-10-09T14:23:36.836+08:00 [INFO] gRPC GetTicker: symbol=ETH/USDT
2026-10-09T14:23:37.592+08:00 [INFO] gRPC GetOrderBook: symbol=ETH/USDT, depth=20
2026-10-09T14:23:37.593+08:00 [INFO] gRPC GetRecentTrades: symbol=ETH/USDT, limit=10
2026-10-09T14:23:37.594+08:00 [INFO] gRPC GetTicker: symbol=ETH/USDT
2026-10-09T14:23:37.842+08:00 [INFO] gRPC GetOrderBook: symbol=BNB/USDT, depth=20
2026-10-09T14:23:37.844+08:00 [INFO] gRPC GetRecentTrades: symbol=BNB/USDT, limit=10
2026-10-09T14:23:37.845+08:00 [INFO] gRPC GetTicker: symbol=BNB/USDT
2026-10-09T14:23:39.064+08:00 [INFO] gRPC GetOrderBook: symbol=ETH/USDT, depth=20
2026-10-09T14:23:39.065+08:00 [INFO] gRPC GetRecentTrades: symbol=ETH/USDT, limit=10
2026-10-09T14:23:39.065+08:00 [INFO] gRPC GetTicker: symbol=ETH/USDT
2026-10-09T14:23:39.315+08:00 [INFO] gRPC GetOrderBook: symbol=BNB/USDT, depth=20
2026-10-09T14:23:39.316+08:00 [INFO] gRPC GetRecentTrades: symbol=BNB/USDT, limit=10
2026-10-09T14:23:39.316+08:00 [INFO] gRPC GetTicker: symbol=BNB/USDT
2026-10-09T14:23:39.593+08:00 [INFO] gRPC GetOrderBook: symbol=BNB/USDT, depth=20
2026-10-09T14:23:39.594+08:00 [INFO] gRPC GetRecentTrades: symbol=BNB/USDT, limit=10
2026-10-09T14:23:39.595+08:00 [INFO] gRPC GetTicker: symbol=BNB/USDT
2026-10-09T14:23:39.833+08:00 [INFO] gRPC GetOrderBook: symbol=ETH/USDT, depth=20
2026-10-09T14:23:39.834+08:00 [INFO] gRPC GetRecentTrades: symbol=ETH/USDT, limit=10
2026-10-09T14:23:39.834+08:00 [INFO] gRPC GetTicker: symbol=ETH/USDT
2026-10-09T14:23:40.674+08:00 [INFO] gRPC GetOrderBook: symbol=ETH/USDT, depth=20
2026-10-09T14:23:40.675+08:00 [INFO] gRPC GetRecentTrades: symbol=ETH/USDT, limit=10
2026-10-09T14:23:40.676+08:00 [INFO] gRPC GetTicker: symbol=ETH/USDT
2026-10-09T14:23:40.922+08:00 [INFO] gRPC GetOrderBook: symbol=BNB/USDT, depth=20
2026-10-09T14:23:40.922+08:00 [INFO] gRPC GetRecentTrades: symbol=BNB/USDT, limit=10
2026-10-09T14:23:40.923+08:00 [INFO] gRPC GetTicker: symbol=BNB/USDT
2026-10-09T14:23:41.593+08:00 [INFO] gRPC GetOrderBook: symbol=ETH/USDT, depth=20
2026-10-09T14:23:41.594+08:00 [INFO] gRPC GetRecentTrades: symbol=ETH/USDT, limit=10
2026-10-09T14:23:41.595+08:00 [INFO] gRPC GetTicker: symbol=ETH/USDT
2026-10-09T14:23:41.840+08:00 [INFO] gRPC GetOrderBook: symbol=BNB/USDT, depth=20
2026-10-09T14:23:41.841+08:00 [INFO] gRPC GetRecentTrades: symbol=BNB/USDT, limit=10
2026-10-09T14:23:41.841+08:00 [INFO] gRPC GetTicker: symbol=BNB/USDT
2026-10-09T14:23:42.593+08:00 [INFO] gRPC GetOrderBook: symbol=BNB/USDT, depth=20
2026-10-09T14:23:42.593+08:00 [INFO] gRPC GetRecentTrades: symbol=BNB/USDT, limit=10
2026-10-09T14:23:42.594+08:00 [INFO] gRPC GetTicker: symbol=BNB/USDT
2026-10-09T14:23:42.835+08:00 [INFO] gRPC GetOrderBook: symbol=ETH/USDT, depth=20
2026-10-09T14:23:42.836+08:00 [INFO] gRPC GetRecentTrades: symbol=ETH/USDT, limit=10
2026-10-09T14:23:42.836+08:00 [INFO] gRPC GetTicker: symbol=ETH/USDT
2026-10-09T14:23:43.593+08:00 [INFO] gRPC GetOrderBook: symbol=ETH/USDT, depth=20
2026-10-09T14:23:43.595+08:00 [INFO] gRPC GetRecentTrades: symbol=ETH/USDT, limit=10
2026-10-09T14:23:43.596+08:00 [INFO] gRPC GetTicker: symbol=ETH/USDT
2026-10-09T14:23:43.935+08:00 [INFO] gRPC GetOrderBook: symbol=BNB/USDT, depth=20
2026-10-09T14:23:43.937+08:00 [INFO] gRPC GetRecentTrades: symbol=BNB/USDT, limit=10
2026-10-09T14:23:43.939+08:00 [INFO] gRPC GetTicker: symbol=BNB/USDT
2026-10-09T14:23:44.593+08:00 [INFO] gRPC GetOrderBook: symbol=ETH/USDT, depth=20
2026-10-09T14:23:44.593+08:00 [INFO] gRPC GetRecentTrades: symbol=ETH/USDT, limit=10
2026-10-09T14:23:44.594+08:00 [INFO] gRPC GetTicker: symbol=ETH/USDT
2026-10-09T14:23:44.833+08:00 [INFO] gRPC GetOrderBook: symbol=BNB/USDT, depth=20
2026-10-09T14:23:44.836+08:00 [INFO] gRPC GetRecentTrades: symbol=BNB/USDT, limit=10
2026-10-09T14:23:44.836+08:00 [INFO] gRPC GetTicker: symbol=BNB/USDT
2026-10-09T14:23:45.593+08:00 [INFO] gRPC GetOrderBook: symbol=ETH/USDT, depth=20
2026-10-09T14:23:45.594+08:00 [INFO] gRPC GetRecentTrades: symbol=ETH/USDT, limit=10
2026-10-09T14:23:45.594+08:00 [INFO] gRPC GetTicker: symbol=ETH/USDT
2026-10-09T14:23:45.840+08:00 [INFO] gRPC GetOrderBook: symbol=BNB/USDT, depth=20
2026-10-09T14:23:45.842+08:00 [INFO] gRPC GetRecentTrades: symbol=BNB/USDT, limit=10
2026-10-09T14:23:45.843+08:00 [INFO] gRPC GetTicker: symbol=BNB/USDT
2026-10-09T14:23:46.592+08:00 [INFO] gRPC GetOrderBook: symbol=ETH/USDT, depth=20
2026-10-09T14:23:46.593+08:00 [INFO] gRPC GetRecentTrades: symbol=ETH/USDT, limit=10
2026-10-09T14:23:46.593+08:00 [INFO] gRPC GetTicker: symbol=ETH/USDT
2026-10-09T14:23:46.840+08:00 [INFO] gRPC GetOrderBook: symbol=BNB/USDT, depth=20
2026-10-09T14:23:46.841+08:00 [INFO] gRPC GetRecentTrades: symbol=BNB/USDT, limit=10
2026-10-09T14:23:46.841+08:00 [INFO] gRPC GetTicker: symbol=BNB/USDT
2026-10-09T14:23:47.592+08:00 [INFO] gRPC GetOrderBook: symbol=ETH/USDT, depth=20
2026-10-09T14:23:47.593+08:00 [INFO] gRPC GetRecentTrades: symbol=ETH/USDT, limit=10
2026-10-09T14:23:47.593+08:00 [INFO] gRPC GetTicker: symbol=ETH/USDT
2026-10-09T14:23:47.928+08:00 [INFO] gRPC GetOrderBook: symbol=BNB/USDT, depth=20
2026-10-09T14:23:47.928+08:00 [INFO] gRPC GetRecentTrades: symbol=BNB/USDT, limit=10
2026-10-09T14:23:47.929+08:00 [INFO] gRPC GetTicker: symbol=BNB/USDT
2026-10-09T14:23:48.594+08:00 [INFO] gRPC GetOrderBook: symbol=ETH/USDT, depth=20
2026-10-09T14:23:48.595+08:00 [INFO] gRPC GetRecentTrades: symbol=ETH/USDT, limit=10
2026-10-09T14:23:48.595+08:00 [INFO] gRPC GetTicker: symbol=ETH/USDT
2026-10-09T14:23:48.841+08:00 [INFO] gRPC GetOrderBook: symbol=BNB/USDT, depth=20
2026-10-09T14:23:48.842+08:00 [INFO] gRPC GetRecentTrades: symbol=BNB/USDT, limit=10
2026-10-09T14:23:48.842+08:00 [INFO] gRPC GetTicker: symbol=BNB/USDT
2026-10-09T14:23:49.593+08:00 [INFO] gRPC GetOrderBook: symbol=BNB/USDT, depth=20
2026-10-09T14:23:49.594+08:00 [INFO] gRPC GetRecentTrades: symbol=BNB/USDT, limit=10
2026-10-09T14:23:49.594+08:00 [INFO] gRPC GetTicker: symbol=BNB/USDT
2026-10-09T14:23:49.858+08:00 [INFO] gRPC GetOrderBook: symbol=ETH/USDT, depth=20
2026-10-09T14:23:49.859+08:00 [INFO] gRPC GetRecentTrades: symbol=ETH/USDT, limit=10
2026-10-09T14:23:49.860+08:00 [INFO] gRPC GetTicker: symbol=ETH/USDT
2026-10-09T14:23:50.593+08:00 [INFO] gRPC GetOrderBook: symbol=BNB/USDT, depth=20
2026-10-09T14:23:50.594+08:00 [INFO] gRPC GetRecentTrades: symbol=BNB/USDT, limit=10
2026-10-09T14:23:50.594+08:00 [INFO] gRPC GetTicker: symbol=BNB/USDT
2026-10-09T14:23:51.327+08:00 [INFO] gRPC GetOrderBook: symbol=ETH/USDT, depth=20
2026-10-09T14:23:51.328+08:00 [INFO] gRPC GetRecentTrades: symbol=ETH/USDT, limit=10
2026-10-09T14:23:51.328+08:00 [INFO] gRPC GetTicker: symbol=ETH/USDT
2026-10-09T14:23:51.592+08:00 [INFO] gRPC GetOrderBook: symbol=ETH/USDT, depth=20
2026-10-09T14:23:51.593+08:00 [INFO] gRPC GetRecentTrades: symbol=ETH/USDT, limit=10
2026-10-09T14:23:51.593+08:00 [INFO] gRPC GetTicker: symbol=ETH/USDT
2026-10-09T14:23:51.840+08:00 [INFO] gRPC GetOrderBook: symbol=BNB/USDT, depth=20
2026-10-09T14:23:51.842+08:00 [INFO] gRPC GetRecentTrades: symbol=BNB/USDT, limit=10
2026-10-09T14:23:51.842+08:00 [INFO] gRPC GetTicker: symbol=BNB/USDT
2026-10-09T14:23:52.592+08:00 [INFO] gRPC GetOrderBook: symbol=ETH/USDT, depth=20
2026-10-09T14:23:52.593+08:00 [INFO] gRPC GetRecentTrades: symbol=ETH/USDT, limit=10
2026-10-09T14:23:52.593+08:00 [INFO] gRPC GetTicker: symbol=ETH/USDT
2026-10-09T14:23:52.848+08:00 [INFO] gRPC GetOrderBook: symbol=BNB/USDT, depth=20
2026-10-09T14:23:52.849+08:00 [INFO] gRPC GetRecentTrades: symbol=BNB/USDT, limit=10
2026-10-09T14:23:52.850+08:00 [INFO] gRPC GetTicker: symbol=BNB/USDT
2026-10-09T14:23:53.592+08:00 [INFO] gRPC GetOrderBook: symbol=ETH/USDT, depth=20
2026-10-09T14:23:53.593+08:00 [INFO] gRPC GetRecentTrades: symbol=ETH/USDT, limit=10
2026-10-09T14:23:53.593+08:00 [INFO] gRPC GetTicker: symbol=ETH/USDT
2026-10-09T14:23:53.845+08:00 [INFO] gRPC GetOrderBook: symbol=BNB/USDT, depth=20
2026-10-09T14:23:53.845+08:00 [INFO] gRPC GetRecentTrades: symbol=BNB/USDT, limit=10
2026-10-09T14:23:53.846+08:00 [INFO] gRPC GetTicker: symbol=BNB/USDT
2026-10-09T14:23:54.592+08:00 [INFO] gRPC GetOrderBook: symbol=BNB/USDT, depth=20
2026-10-09T14:23:54.593+08:00 [INFO] gRPC GetRecentTrades: symbol=BNB/USDT, limit=10
2026-10-09T14:23:54.594+08:00 [INFO] gRPC GetTicker: symbol=BNB/USDT
2026-10-09T14:23:55.284+08:00 [INFO] gRPC GetOrderBook: symbol=ETH/USDT, depth=20
2026-10-09T14:23:55.285+08:00 [INFO] gRPC GetRecentTrades: symbol=ETH/USDT, limit=10
2026-10-09T14:23:55.286+08:00 [INFO] gRPC GetTicker: symbol=ETH/USDT
2026-10-09T14:23:55.594+08:00 [INFO] gRPC GetOrderBook: symbol=ETH/USDT, depth=20
2026-10-09T14:23:55.595+08:00 [INFO] gRPC GetRecentTrades: symbol=ETH/USDT, limit=10
2026-10-09T14:23:55.595+08:00 [INFO] gRPC GetTicker: symbol=ETH/USDT
2026-10-09T14:23:55.898+08:00 [INFO] gRPC GetOrderBook: symbol=BNB/USDT, depth=20
2026-10-09T14:23:55.899+08:00 [INFO] gRPC GetRecentTrades: symbol=BNB/USDT, limit=10
2026-10-09T14:23:55.900+08:00 [INFO] gRPC GetTicker: symbol=BNB/USDT
2026-10-09T14:23:56.593+08:00 [INFO] gRPC GetOrderBook: symbol=BNB/USDT, depth=20
2026-10-09T14:23:56.594+08:00 [INFO] gRPC GetRecentTrades: symbol=BNB/USDT, limit=10
2026-10-09T14:23:56.595+08:00 [INFO] gRPC GetTicker: symbol=BNB/USDT
2026-10-09T14:23:56.842+08:00 [INFO] gRPC GetOrderBook: symbol=ETH/USDT, depth=20
2026-10-09T14:23:56.843+08:00 [INFO] gRPC GetRecentTrades: symbol=ETH/USDT, limit=10
2026-10-09T14:23:56.843+08:00 [INFO] gRPC GetTicker: symbol=ETH/USDT
2026-10-09T14:23:57.592+08:00 [INFO] gRPC GetOrderBook: symbol=ETH/USDT, depth=20
2026-10-09T14:23:57.593+08:00 [INFO] gRPC GetRecentTrades: symbol=ETH/USDT, limit=10
2026-10-09T14:23:57.594+08:00 [INFO] gRPC GetTicker: symbol=ETH/USDT
2026-10-09T14:23:57.842+08:00 [INFO] gRPC GetOrderBook: symbol=BNB/USDT, depth=20
2026-10-09T14:23:57.843+08:00 [INFO] gRPC GetRecentTrades: symbol=BNB/USDT, limit=10
2026-10-09T14:23:57.843+08:00 [INFO] gRPC GetTicker: symbol=BNB/USDT
2026-10-09T14:23:58.592+08:00 [INFO] gRPC GetOrderBook: symbol=ETH/USDT, depth=20
2026-10-09T14:23:58.593+08:00 [INFO] gRPC GetRecentTrades: symbol=ETH/USDT, limit=10
2026-10-09T14:23:58.593+08:00 [INFO] gRPC GetTicker: symbol=ETH/USDT
2026-10-09T14:23:58.885+08:00 [INFO] gRPC GetOrderBook: symbol=BNB/USDT, depth=20
2026-10-09T14:23:58.887+08:00 [INFO] gRPC GetRecentTrades: symbol=BNB/USDT, limit=10
2026-10-09T14:23:58.888+08:00 [INFO] gRPC GetTicker: symbol=BNB/USDT
2026-10-09T14:23:59.592+08:00 [INFO] gRPC GetOrderBook: symbol=ETH/USDT, depth=20
2026-10-09T14:23:59.593+08:00 [INFO] gRPC GetRecentTrades: symbol=ETH/USDT, limit=10
2026-10-09T14:23:59.594+08:00 [INFO] gRPC GetTicker: symbol=ETH/USDT
2026-10-09T14:23:59.841+08:00 [INFO] gRPC GetOrderBook: symbol=BNB/USDT, depth=20
2026-10-09T14:23:59.842+08:00 [INFO] gRPC GetRecentTrades: symbol=BNB/USDT, limit=10
2026-10-09T14:23:59.843+08:00 [INFO] gRPC GetTicker: symbol=BNB/USDT
2026-10-09T14:24:00.592+08:00 [INFO] gRPC GetOrderBook: symbol=ETH/USDT, depth=20
2026-10-09T14:24:00.593+08:00 [INFO] gRPC GetRecentTrades: symbol=ETH/USDT, limit=10
2026-10-09T14:24:00.593+08:00 [INFO] gRPC GetTicker: symbol=ETH/USDT
2026-10-09T14:24:00.843+08:00 [INFO] gRPC GetOrderBook: symbol=BNB/USDT, depth=20
2026-10-09T14:24:00.844+08:00 [INFO] gRPC GetRecentTrades: symbol=BNB/USDT, limit=10
2026-10-09T14:24:00.844+08:00 [INFO] gRPC GetTicker: symbol=BNB/USDT
2026-10-09T14:24:01.592+08:00 [INFO] gRPC GetOrderBook: symbol=ETH/USDT, depth=20
2026-10-09T14:24:01.593+08:00 [INFO] gRPC GetRecentTrades: symbol=ETH/USDT, limit=10
2026-10-09T14:24:01.593+08:00 [INFO] gRPC GetTicker: symbol=ETH/USDT
2026-10-09T14:24:01.837+08:00 [INFO] gRPC GetOrderBook: symbol=BNB/USDT, depth=20
2026-10-09T14:24:01.837+08:00 [INFO] gRPC GetRecentTrades: symbol=BNB/USDT, limit=10
2026-10-09T14:24:01.838+08:00 [INFO] gRPC GetTicker: symbol=BNB/USDT
2026-10-09T14:24:02.592+08:00 [INFO] gRPC GetOrderBook: symbol=ETH/USDT, depth=20
2026-10-09T14:24:02.592+08:00 [INFO] gRPC GetRecentTrades: symbol=ETH/USDT, limit=10
2026-10-09T14:24:02.593+08:00 [INFO] gRPC GetTicker: symbol=ETH/USDT
2026-10-09T14:24:02.837+08:00 [INFO] gRPC GetOrderBook: symbol=BNB/USDT, depth=20
2026-10-09T14:24:02.837+08:00 [INFO] gRPC GetRecentTrades: symbol=BNB/USDT, limit=10
2026-10-09T14:24:02.837+08:00 [INFO] gRPC GetTicker: symbol=BNB/USDT
2026-10-09T14:24:03.591+08:00 [INFO] gRPC GetOrderBook: symbol=ETH/USDT, depth=20
2026-10-09T14:24:03.592+08:00 [INFO] gRPC GetRecentTrades: symbol=ETH/USDT, limit=10
2026-10-09T14:24:03.592+08:00 [INFO] gRPC GetTicker: symbol=ETH/USDT
2026-10-09T14:24:04.315+08:00 [INFO] gRPC GetOrderBook: symbol=BNB/USDT, depth=20
2026-10-09T14:24:04.315+08:00 [INFO] gRPC GetRecentTrades: symbol=BNB/USDT, limit=10
2026-10-09T14:24:04.316+08:00 [INFO] gRPC GetTicker: symbol=BNB/USDT
2026-10-09T14:24:04.592+08:00 [INFO] gRPC GetOrderBook: symbol=ETH/USDT, depth=20
2026-10-09T14:24:04.593+08:00 [INFO] gRPC GetRecentTrades: symbol=ETH/USDT, limit=10
2026-10-09T14:24:04.593+08:00 [INFO] gRPC GetTicker: symbol=ETH/USDT
2026-10-09T14:24:04.843+08:00 [INFO] gRPC GetOrderBook: symbol=BNB/USDT, depth=20
2026-10-09T14:24:04.843+08:00 [INFO] gRPC GetRecentTrades: symbol=BNB/USDT, limit=10
2026-10-09T14:24:04.843+08:00 [INFO] gRPC GetTicker: symbol=BNB/USDT
2026-10-09T14:24:05.592+08:00 [INFO] gRPC GetOrderBook: symbol=ETH/USDT, depth=20
2026-10-09T14:24:05.593+08:00 [INFO] gRPC GetRecentTrades: symbol=ETH/USDT, limit=10
2026-10-09T14:24:05.593+08:00 [INFO] gRPC GetTicker: symbol=ETH/USDT
2026-10-09T14:24:05.825+08:00 [INFO] gRPC GetOrderBook: symbol=BNB/USDT, depth=20
2026-10-09T14:24:05.827+08:00 [INFO] gRPC GetRecentTrades: symbol=BNB/USDT, limit=10
2026-10-09T14:24:05.827+08:00 [INFO] gRPC GetTicker: symbol=BNB/USDT
2026-10-09T14:24:06.592+08:00 [INFO] gRPC GetOrderBook: symbol=ETH/USDT, depth=20
2026-10-09T14:24:06.593+08:00 [INFO] gRPC GetRecentTrades: symbol=ETH/USDT, limit=10
2026-10-09T14:24:06.594+08:00 [INFO] gRPC GetTicker: symbol=ETH/USDT
2026-10-09T14:24:06.841+08:00 [INFO] gRPC GetOrderBook: symbol=BNB/USDT, depth=20
2026-10-09T14:24:06.842+08:00 [INFO] gRPC GetRecentTrades: symbol=BNB/USDT, limit=10
2026-10-09T14:24:06.843+08:00 [INFO] gRPC GetTicker: symbol=BNB/USDT
2026-10-09T14:24:07.594+08:00 [INFO] gRPC GetOrderBook: symbol=ETH/USDT, depth=20
2026-10-09T14:24:07.595+08:00 [INFO] gRPC GetRecentTrades: symbol=ETH/USDT, limit=10
2026-10-09T14:24:07.595+08:00 [INFO] gRPC GetTicker: symbol=ETH/USDT
2026-10-09T14:24:07.850+08:00 [INFO] gRPC GetOrderBook: symbol=BNB/USDT, depth=20
2026-10-09T14:24:07.851+08:00 [INFO] gRPC GetRecentTrades: symbol=BNB/USDT, limit=10
2026-10-09T14:24:07.851+08:00 [INFO] gRPC GetTicker: symbol=BNB/USDT
2026-10-09T14:24:08.592+08:00 [INFO] gRPC GetOrderBook: symbol=BNB/USDT, depth=20
2026-10-09T14:24:08.592+08:00 [INFO] gRPC GetRecentTrades: symbol=BNB/USDT, limit=10
2026-10-09T14:24:08.593+08:00 [INFO] gRPC GetTicker: symbol=BNB/USDT
2026-10-09T14:24:08.838+08:00 [INFO] gRPC GetOrderBook: symbol=ETH/USDT, depth=20
2026-10-09T14:24:08.839+08:00 [INFO] gRPC GetRecentTrades: symbol=ETH/USDT, limit=10
2026-10-09T14:24:08.840+08:00 [INFO] gRPC GetTicker: symbol=ETH/USDT
2026-10-09T14:24:09.592+08:00 [INFO] gRPC GetOrderBook: symbol=ETH/USDT, depth=20
2026-10-09T14:24:09.592+08:00 [INFO] gRPC GetRecentTrades: symbol=ETH/USDT, limit=10
2026-10-09T14:24:09.593+08:00 [INFO] gRPC GetTicker: symbol=ETH/USDT
2026-10-09T14:24:09.839+08:00 [INFO] gRPC GetOrderBook: symbol=BNB/USDT, depth=20
2026-10-09T14:24:09.839+08:00 [INFO] gRPC GetRecentTrades: symbol=BNB/USDT, limit=10
2026-10-09T14:24:09.840+08:00 [INFO] gRPC GetTicker: symbol=BNB/USDT
2026-10-09T14:24:10.592+08:00 [INFO] gRPC GetOrderBook: symbol=ETH/USDT, depth=20
2026-10-09T14:24:10.592+08:00 [INFO] gRPC GetRecentTrades: symbol=ETH/USDT, limit=10
2026-10-09T14:24:10.593+08:00 [INFO] gRPC GetTicker: symbol=ETH/USDT
2026-10-09T14:24:10.867+08:00 [INFO] gRPC GetOrderBook: symbol=BNB/USDT, depth=20
2026-10-09T14:24:10.869+08:00 [INFO] gRPC GetRecentTrades: symbol=BNB/USDT, limit=10
2026-10-09T14:24:10.870+08:00 [INFO] gRPC GetTicker: symbol=BNB/USDT
2026-10-09T14:24:11.592+08:00 [INFO] gRPC GetOrderBook: symbol=ETH/USDT, depth=20
2026-10-09T14:24:11.592+08:00 [INFO] gRPC GetRecentTrades: symbol=ETH/USDT, limit=10
2026-10-09T14:24:11.593+08:00 [INFO] gRPC GetTicker: symbol=ETH/USDT
2026-10-09T14:24:11.838+08:00 [INFO] gRPC GetOrderBook: symbol=BNB/USDT, depth=20
2026-10-09T14:24:11.838+08:00 [INFO] gRPC GetRecentTrades: symbol=BNB/USDT, limit=10
2026-10-09T14:24:11.839+08:00 [INFO] gRPC GetTicker: symbol=BNB/USDT
2026-10-09T14:24:12.591+08:00 [INFO] gRPC GetOrderBook: symbol=BNB/USDT, depth=20
2026-10-09T14:24:12.592+08:00 [INFO] gRPC GetRecentTrades: symbol=BNB/USDT, limit=10
2026-10-09T14:24:12.593+08:00 [INFO] gRPC GetTicker: symbol=BNB/USDT
2026-10-09T14:24:12.847+08:00 [INFO] gRPC GetOrderBook: symbol=ETH/USDT, depth=20
2026-10-09T14:24:12.848+08:00 [INFO] gRPC GetRecentTrades: symbol=ETH/USDT, limit=10
2026-10-09T14:24:12.850+08:00 [INFO] gRPC GetTicker: symbol=ETH/USDT
2026-10-09T14:24:13.592+08:00 [INFO] gRPC GetOrderBook: symbol=ETH/USDT, depth=20
2026-10-09T14:24:13.593+08:00 [INFO] gRPC GetRecentTrades: symbol=ETH/USDT, limit=10
2026-10-09T14:24:13.594+08:00 [INFO] gRPC GetTicker: symbol=ETH/USDT
2026-10-09T14:24:13.939+08:00 [INFO] gRPC GetOrderBook: symbol=BNB/USDT, depth=20
2026-10-09T14:24:13.941+08:00 [INFO] gRPC GetRecentTrades: symbol=BNB/USDT, limit=10
2026-10-09T14:24:13.942+08:00 [INFO] gRPC GetTicker: symbol=BNB/USDT
2026-10-09T14:24:14.592+08:00 [INFO] gRPC GetOrderBook: symbol=ETH/USDT, depth=20
2026-10-09T14:24:14.593+08:00 [INFO] gRPC GetRecentTrades: symbol=ETH/USDT, limit=10
2026-10-09T14:24:14.594+08:00 [INFO] gRPC GetTicker: symbol=ETH/USDT
2026-10-09T14:24:14.848+08:00 [INFO] gRPC GetOrderBook: symbol=BNB/USDT, depth=20
2026-10-09T14:24:14.848+08:00 [INFO] gRPC GetRecentTrades: symbol=BNB/USDT, limit=10
2026-10-09T14:24:14.849+08:00 [INFO] gRPC GetTicker: symbol=BNB/USDT
2026-10-09T14:24:15.592+08:00 [INFO] gRPC GetOrderBook: symbol=ETH/USDT, depth=20
2026-10-09T14:24:15.593+08:00 [INFO] gRPC GetRecentTrades: symbol=ETH/USDT, limit=10
2026-10-09T14:24:15.593+08:00 [INFO] gRPC GetTicker: symbol=ETH/USDT
2026-10-09T14:24:15.841+08:00 [INFO] gRPC GetOrderBook: symbol=BNB/USDT, depth=20
2026-10-09T14:24:15.842+08:00 [INFO] gRPC GetRecentTrades: symbol=BNB/USDT, limit=10
2026-10-09T14:24:15.843+08:00 [INFO] gRPC GetTicker: symbol=BNB/USDT
2026-10-09T14:24:16.592+08:00 [INFO] gRPC GetOrderBook: symbol=ETH/USDT, depth=20
2026-10-09T14:24:16.593+08:00 [INFO] gRPC GetRecentTrades: symbol=ETH/USDT, limit=10
2026-10-09T14:24:16.594+08:00 [INFO] gRPC GetTicker: symbol=ETH/USDT
2026-10-09T14:24:16.841+08:00 [INFO] gRPC GetOrderBook: symbol=BNB/USDT, depth=20
2026-10-09T14:24:16.842+08:00 [INFO] gRPC GetRecentTrades: symbol=BNB/USDT, limit=10
2026-10-09T14:24:16.843+08:00 [INFO] gRPC GetTicker: symbol=BNB/USDT
2026-10-09T14:24:17.591+08:00 [INFO] gRPC GetOrderBook: symbol=ETH/USDT, depth=20
2026-10-09T14:24:17.592+08:00 [INFO] gRPC GetRecentTrades: symbol=ETH/USDT, limit=10
2026-10-09T14:24:17.592+08:00 [INFO] gRPC GetTicker: symbol=ETH/USDT
2026-10-09T14:24:17.836+08:00 [INFO] gRPC GetOrderBook: symbol=BNB/USDT, depth=20
2026-10-09T14:24:17.837+08:00 [INFO] gRPC GetRecentTrades: symbol=BNB/USDT, limit=10
2026-10-09T14:24:17.837+08:00 [INFO] gRPC GetTicker: symbol=BNB/USDT
2026-10-09T14:24:18.593+08:00 [INFO] gRPC GetOrderBook: symbol=ETH/USDT, depth=20
2026-10-09T14:24:18.594+08:00 [INFO] gRPC GetRecentTrades: symbol=ETH/USDT, limit=10
2026-10-09T14:24:18.594+08:00 [INFO] gRPC GetTicker: symbol=ETH/USDT
2026-10-09T14:24:18.844+08:00 [INFO] gRPC GetOrderBook: symbol=BNB/USDT, depth=20
2026-10-09T14:24:18.844+08:00 [INFO] gRPC GetRecentTrades: symbol=BNB/USDT, limit=10
2026-10-09T14:24:18.845+08:00 [INFO] gRPC GetTicker: symbol=BNB/USDT
2026-10-09T14:24:19.592+08:00 [INFO] gRPC GetOrderBook: symbol=ETH/USDT, depth=20
2026-10-09T14:24:19.593+08:00 [INFO] gRPC GetRecentTrades: symbol=ETH/USDT, limit=10
2026-10-09T14:24:19.593+08:00 [INFO] gRPC GetTicker: symbol=ETH/USDT
2026-10-09T14:24:19.842+08:00 [INFO] gRPC GetOrderBook: symbol=BNB/USDT, depth=20
2026-10-09T14:24:19.842+08:00 [INFO] gRPC GetRecentTrades: symbol=BNB/USDT, limit=10
2026-10-09T14:24:19.843+08:00 [INFO] gRPC GetTicker: symbol=BNB/USDT
2026-10-09T14:24:20.592+08:00 [INFO] gRPC GetOrderBook: symbol=ETH/USDT, depth=20
2026-10-09T14:24:20.593+08:00 [INFO] gRPC GetRecentTrades: symbol=ETH/USDT, limit=10
2026-10-09T14:24:20.594+08:00 [INFO] gRPC GetTicker: symbol=ETH/USDT
2026-10-09T14:24:20.902+08:00 [INFO] gRPC GetOrderBook: symbol=BNB/USDT, depth=20
2026-10-09T14:24:20.903+08:00 [INFO] gRPC GetRecentTrades: symbol=BNB/USDT, limit=10
2026-10-09T14:24:20.903+08:00 [INFO] gRPC GetTicker: symbol=BNB/USDT
2026-10-09T14:24:21.591+08:00 [INFO] gRPC GetOrderBook: symbol=ETH/USDT, depth=20
2026-10-09T14:24:21.592+08:00 [INFO] gRPC GetRecentTrades: symbol=ETH/USDT, limit=10
2026-10-09T14:24:21.593+08:00 [INFO] gRPC GetTicker: symbol=ETH/USDT
2026-10-09T14:24:22.332+08:00 [INFO] gRPC GetOrderBook: symbol=BNB/USDT, depth=20
2026-10-09T14:24:22.334+08:00 [INFO] gRPC GetRecentTrades: symbol=BNB/USDT, limit=10
2026-10-09T14:24:22.335+08:00 [INFO] gRPC GetTicker: symbol=BNB/USDT
2026-10-09T14:24:22.592+08:00 [INFO] gRPC GetOrderBook: symbol=ETH/USDT, depth=20
2026-10-09T14:24:22.594+08:00 [INFO] gRPC GetRecentTrades: symbol=ETH/USDT, limit=10
2026-10-09T14:24:22.594+08:00 [INFO] gRPC GetTicker: symbol=ETH/USDT
2026-10-09T14:24:22.838+08:00 [INFO] gRPC GetOrderBook: symbol=BNB/USDT, depth=20
2026-10-09T14:24:22.839+08:00 [INFO] gRPC GetRecentTrades: symbol=BNB/USDT, limit=10
2026-10-09T14:24:22.839+08:00 [INFO] gRPC GetTicker: symbol=BNB/USDT
2026-10-09T14:24:23.593+08:00 [INFO] gRPC GetOrderBook: symbol=ETH/USDT, depth=20
2026-10-09T14:24:23.594+08:00 [INFO] gRPC GetRecentTrades: symbol=ETH/USDT, limit=10
2026-10-09T14:24:23.595+08:00 [INFO] gRPC GetTicker: symbol=ETH/USDT
2026-10-09T14:24:23.848+08:00 [INFO] gRPC GetOrderBook: symbol=BNB/USDT, depth=20
2026-10-09T14:24:23.848+08:00 [INFO] gRPC GetRecentTrades: symbol=BNB/USDT, limit=10
2026-10-09T14:24:23.849+08:00 [INFO] gRPC GetTicker: symbol=BNB/USDT
2026-10-09T14:24:24.592+08:00 [INFO] gRPC GetOrderBook: symbol=ETH/USDT, depth=20
2026-10-09T14:24:24.593+08:00 [INFO] gRPC GetRecentTrades: symbol=ETH/USDT, limit=10
2026-10-09T14:24:24.594+08:00 [INFO] gRPC GetTicker: symbol=ETH/USDT
2026-10-09T14:24:24.840+08:00 [INFO] gRPC GetOrderBook: symbol=BNB/USDT, depth=20
2026-10-09T14:24:24.842+08:00 [INFO] gRPC GetRecentTrades: symbol=BNB/USDT, limit=10
2026-10-09T14:24:24.842+08:00 [INFO] gRPC GetTicker: symbol=BNB/USDT
2026-10-09T14:24:25.591+08:00 [INFO] gRPC GetOrderBook: symbol=BNB/USDT, depth=20
2026-10-09T14:24:25.592+08:00 [INFO] gRPC GetRecentTrades: symbol=BNB/USDT, limit=10
2026-10-09T14:24:25.593+08:00 [INFO] gRPC GetTicker: symbol=BNB/USDT
2026-10-09T14:24:25.840+08:00 [INFO] gRPC GetOrderBook: symbol=ETH/USDT, depth=20
2026-10-09T14:24:25.842+08:00 [INFO] gRPC GetRecentTrades: symbol=ETH/USDT, limit=10
2026-10-09T14:24:25.842+08:00 [INFO] gRPC GetTicker: symbol=ETH/USDT
2026-10-09T14:24:26.592+08:00 [INFO] gRPC GetOrderBook: symbol=ETH/USDT, depth=20
2026-10-09T14:24:26.592+08:00 [INFO] gRPC GetRecentTrades: symbol=ETH/USDT, limit=10
2026-10-09T14:24:26.592+08:00 [INFO] gRPC GetTicker: symbol=ETH/USDT
2026-10-09T14:24:26.838+08:00 [INFO] gRPC GetOrderBook: symbol=BNB/USDT, depth=20
2026-10-09T14:24:26.838+08:00 [INFO] gRPC GetRecentTrades: symbol=BNB/USDT, limit=10
2026-10-09T14:24:26.838+08:00 [INFO] gRPC GetTicker: symbol=BNB/USDT
2026-10-09T14:24:27.592+08:00 [INFO] gRPC GetOrderBook: symbol=ETH/USDT, depth=20
2026-10-09T14:24:27.592+08:00 [INFO] gRPC GetRecentTrades: symbol=ETH/USDT, limit=10
2026-10-09T14:24:27.592+08:00 [INFO] gRPC GetTicker: symbol=ETH/USDT
2026-10-09T14:24:27.865+08:00 [INFO] gRPC GetOrderBook: symbol=BNB/USDT, depth=20
2026-10-09T14:24:27.866+08:00 [INFO] gRPC GetRecentTrades: symbol=BNB/USDT, limit=10
2026-10-09T14:24:27.866+08:00 [INFO] gRPC GetTicker: symbol=BNB/USDT
2026-10-09T14:24:28.592+08:00 [INFO] gRPC GetOrderBook: symbol=BNB/USDT, depth=20
2026-10-09T14:24:28.592+08:00 [INFO] gRPC GetRecentTrades: symbol=BNB/USDT, limit=10
2026-10-09T14:24:28.593+08:00 [INFO] gRPC GetTicker: symbol=BNB/USDT
2026-10-09T14:24:28.889+08:00 [INFO] gRPC GetOrderBook: symbol=ETH/USDT, depth=20
2026-10-09T14:24:28.890+08:00 [INFO] gRPC GetRecentTrades: symbol=ETH/USDT, limit=10
2026-10-09T14:24:28.890+08:00 [INFO] gRPC GetTicker: symbol=ETH/USDT
2026-10-09T14:24:29.592+08:00 [INFO] gRPC GetOrderBook: symbol=ETH/USDT, depth=20
2026-10-09T14:24:29.592+08:00 [INFO] gRPC GetRecentTrades: symbol=ETH/USDT, limit=10
2026-10-09T14:24:29.593+08:00 [INFO] gRPC GetTicker: symbol=ETH/USDT
2026-10-09T14:24:29.841+08:00 [INFO] gRPC GetOrderBook: symbol=BNB/USDT, depth=20
2026-10-09T14:24:29.841+08:00 [INFO] gRPC GetRecentTrades: symbol=BNB/USDT, limit=10
2026-10-09T14:24:29.842+08:00 [INFO] gRPC GetTicker: symbol=BNB/USDT
2026-10-09T14:24:30.592+08:00 [INFO] gRPC GetOrderBook: symbol=ETH/USDT, depth=20
2026-10-09T14:24:30.592+08:00 [INFO] gRPC GetRecentTrades: symbol=ETH/USDT, limit=10
2026-10-09T14:24:30.592+08:00 [INFO] gRPC GetTicker: symbol=ETH/USDT
2026-10-09T14:24:30.853+08:00 [INFO] gRPC GetOrderBook: symbol=BNB/USDT, depth=20
2026-10-09T14:24:30.853+08:00 [INFO] gRPC GetRecentTrades: symbol=BNB/USDT, limit=10
2026-10-09T14:24:30.854+08:00 [INFO] gRPC GetTicker: symbol=BNB/USDT
2026-10-09T14:24:31.592+08:00 [INFO] gRPC GetOrderBook: symbol=ETH/USDT, depth=20
2026-10-09T14:24:31.593+08:00 [INFO] gRPC GetRecentTrades: symbol=ETH/USDT, limit=10
2026-10-09T14:24:31.593+08:00 [INFO] gRPC GetTicker: symbol=ETH/USDT
2026-10-09T14:24:31.858+08:00 [INFO] gRPC GetOrderBook: symbol=BNB/USDT, depth=20
2026-10-09T14:24:31.858+08:00 [INFO] gRPC GetRecentTrades: symbol=BNB/USDT, limit=10
2026-10-09T14:24:31.859+08:00 [INFO] gRPC GetTicker: symbol=BNB/USDT
2026-10-09T14:24:32.591+08:00 [INFO] gRPC GetOrderBook: symbol=BNB/USDT, depth=20
2026-10-09T14:24:32.592+08:00 [INFO] gRPC GetRecentTrades: symbol=BNB/USDT, limit=10
2026-10-09T14:24:32.592+08:00 [INFO] gRPC GetTicker: symbol=BNB/USDT
2026-10-09T14:24:32.839+08:00 [INFO] gRPC GetOrderBook: symbol=ETH/USDT, depth=20
2026-10-09T14:24:32.840+08:00 [INFO] gRPC GetRecentTrades: symbol=ETH/USDT, limit=10
2026-10-09T14:24:32.840+08:00 [INFO] gRPC GetTicker: symbol=ETH/USDT
2026-10-09T14:24:33.592+08:00 [INFO] gRPC GetOrderBook: symbol=ETH/USDT, depth=20
2026-10-09T14:24:33.592+08:00 [INFO] gRPC GetRecentTrades: symbol=ETH/USDT, limit=10
2026-10-09T14:24:33.592+08:00 [INFO] gRPC GetTicker: symbol=ETH/USDT
2026-10-09T14:24:33.839+08:00 [INFO] gRPC GetOrderBook: symbol=BNB/USDT, depth=20
2026-10-09T14:24:33.839+08:00 [INFO] gRPC GetRecentTrades: symbol=BNB/USDT, limit=10
2026-10-09T14:24:33.840+08:00 [INFO] gRPC GetTicker: symbol=BNB/USDT
2026-10-09T14:24:34.592+08:00 [INFO] gRPC GetOrderBook: symbol=ETH/USDT, depth=20
2026-10-09T14:24:34.592+08:00 [INFO] gRPC GetRecentTrades: symbol=ETH/USDT, limit=10
2026-10-09T14:24:34.592+08:00 [INFO] gRPC GetTicker: symbol=ETH/USDT
2026-10-09T14:24:34.847+08:00 [INFO] gRPC GetOrderBook: symbol=BNB/USDT, depth=20
2026-10-09T14:24:34.848+08:00 [INFO] gRPC GetRecentTrades: symbol=BNB/USDT, limit=10
2026-10-09T14:24:34.848+08:00 [INFO] gRPC GetTicker: symbol=BNB/USDT
2026-10-09T14:24:35.592+08:00 [INFO] gRPC GetOrderBook: symbol=ETH/USDT, depth=20
2026-10-09T14:24:35.593+08:00 [INFO] gRPC GetRecentTrades: symbol=ETH/USDT, limit=10
2026-10-09T14:24:35.593+08:00 [INFO] gRPC GetTicker: symbol=ETH/USDT
2026-10-09T14:24:35.837+08:00 [INFO] gRPC GetOrderBook: symbol=BNB/USDT, depth=20
2026-10-09T14:24:35.838+08:00 [INFO] gRPC GetRecentTrades: symbol=BNB/USDT, limit=10
2026-10-09T14:24:35.838+08:00 [INFO] gRPC GetTicker: symbol=BNB/USDT
2026-10-09T14:24:36.591+08:00 [INFO] gRPC GetOrderBook: symbol=ETH/USDT, depth=20
2026-10-09T14:24:36.592+08:00 [INFO] gRPC GetRecentTrades: symbol=ETH/USDT, limit=10
2026-10-09T14:24:36.593+08:00 [INFO] gRPC GetTicker: symbol=ETH/USDT
2026-10-09T14:24:36.848+08:00 [INFO] gRPC GetOrderBook: symbol=BNB/USDT, depth=20
2026-10-09T14:24:36.849+08:00 [INFO] gRPC GetRecentTrades: symbol=BNB/USDT, limit=10
2026-10-09T14:24:36.850+08:00 [INFO] gRPC GetTicker: symbol=BNB/USDT
2026-10-09T14:24:37.592+08:00 [INFO] gRPC GetOrderBook: symbol=ETH/USDT, depth=20
2026-10-09T14:24:37.593+08:00 [INFO] gRPC GetRecentTrades: symbol=ETH/USDT, limit=10
2026-10-09T14:24:37.593+08:00 [INFO] gRPC GetTicker: symbol=ETH/USDT
2026-10-09T14:24:37.901+08:00 [INFO] gRPC GetOrderBook: symbol=BNB/USDT, depth=20
2026-10-09T14:24:37.901+08:00 [INFO] gRPC GetRecentTrades: symbol=BNB/USDT, limit=10
2026-10-09T14:24:37.902+08:00 [INFO] gRPC GetTicker: symbol=BNB/USDT
2026-10-09T14:24:38.591+08:00 [INFO] gRPC GetOrderBook: symbol=ETH/USDT, depth=20
2026-10-09T14:24:38.592+08:00 [INFO] gRPC GetRecentTrades: symbol=ETH/USDT, limit=10
2026-10-09T14:24:38.593+08:00 [INFO] gRPC GetTicker: symbol=ETH/USDT
2026-10-09T14:24:39.325+08:00 [INFO] gRPC GetOrderBook: symbol=BNB/USDT, depth=20
2026-10-09T14:24:39.326+08:00 [INFO] gRPC GetRecentTrades: symbol=BNB/USDT, limit=10
2026-10-09T14:24:39.327+08:00 [INFO] gRPC GetTicker: symbol=BNB/USDT
2026-10-09T14:24:39.592+08:00 [INFO] gRPC GetOrderBook: symbol=BNB/USDT, depth=20
2026-10-09T14:24:39.593+08:00 [INFO] gRPC GetRecentTrades: symbol=BNB/USDT, limit=10
2026-10-09T14:24:39.594+08:00 [INFO] gRPC GetTicker: symbol=BNB/USDT
2026-10-09T14:24:39.841+08:00 [INFO] gRPC GetOrderBook: symbol=ETH/USDT, depth=20
2026-10-09T14:24:39.842+08:00 [INFO] gRPC GetRecentTrades: symbol=ETH/USDT, limit=10
2026-10-09T14:24:39.842+08:00 [INFO] gRPC GetTicker: symbol=ETH/USDT
2026-10-09T14:24:40.591+08:00 [INFO] gRPC GetOrderBook: symbol=BNB/USDT, depth=20
2026-10-09T14:24:40.592+08:00 [INFO] gRPC GetRecentTrades: symbol=BNB/USDT, limit=10
2026-10-09T14:24:40.593+08:00 [INFO] gRPC GetTicker: symbol=BNB/USDT
2026-10-09T14:24:40.839+08:00 [INFO] gRPC GetOrderBook: symbol=ETH/USDT, depth=20
2026-10-09T14:24:40.841+08:00 [INFO] gRPC GetRecentTrades: symbol=ETH/USDT, limit=10
2026-10-09T14:24:40.842+08:00 [INFO] gRPC GetTicker: symbol=ETH/USDT
2026-10-09T14:24:41.592+08:00 [INFO] gRPC GetOrderBook: symbol=ETH/USDT, depth=20
2026-10-09T14:24:41.593+08:00 [INFO] gRPC GetRecentTrades: symbol=ETH/USDT, limit=10
2026-10-09T14:24:41.593+08:00 [INFO] gRPC GetTicker: symbol=ETH/USDT
2026-10-09T14:24:41.836+08:00 [INFO] gRPC GetOrderBook: symbol=BNB/USDT, depth=20
2026-10-09T14:24:41.837+08:00 [INFO] gRPC GetRecentTrades: symbol=BNB/USDT, limit=10
2026-10-09T14:24:41.837+08:00 [INFO] gRPC GetTicker: symbol=BNB/USDT
2026-10-09T14:24:42.592+08:00 [INFO] gRPC GetOrderBook: symbol=BNB/USDT, depth=20
2026-10-09T14:24:42.593+08:00 [INFO] gRPC GetRecentTrades: symbol=BNB/USDT, limit=10
2026-10-09T14:24:42.594+08:00 [INFO] gRPC GetTicker: symbol=BNB/USDT
2026-10-09T14:24:43.311+08:00 [INFO] gRPC GetOrderBook: symbol=ETH/USDT, depth=20
2026-10-09T14:24:43.313+08:00 [INFO] gRPC GetRecentTrades: symbol=ETH/USDT, limit=10
2026-10-09T14:24:43.313+08:00 [INFO] gRPC GetTicker: symbol=ETH/USDT
2026-10-09T14:24:43.592+08:00 [INFO] gRPC GetOrderBook: symbol=ETH/USDT, depth=20
2026-10-09T14:24:43.594+08:00 [INFO] gRPC GetRecentTrades: symbol=ETH/USDT, limit=10
2026-10-09T14:24:43.594+08:00 [INFO] gRPC GetTicker: symbol=ETH/USDT
2026-10-09T14:24:43.843+08:00 [INFO] gRPC GetOrderBook: symbol=BNB/USDT, depth=20
2026-10-09T14:24:43.844+08:00 [INFO] gRPC GetRecentTrades: symbol=BNB/USDT, limit=10
2026-10-09T14:24:43.844+08:00 [INFO] gRPC GetTicker: symbol=BNB/USDT
2026-10-09T14:24:44.591+08:00 [INFO] gRPC GetOrderBook: symbol=ETH/USDT, depth=20
2026-10-09T14:24:44.593+08:00 [INFO] gRPC GetRecentTrades: symbol=ETH/USDT, limit=10
2026-10-09T14:24:44.594+08:00 [INFO] gRPC GetTicker: symbol=ETH/USDT
2026-10-09T14:24:44.841+08:00 [INFO] gRPC GetOrderBook: symbol=BNB/USDT, depth=20
2026-10-09T14:24:44.842+08:00 [INFO] gRPC GetRecentTrades: symbol=BNB/USDT, limit=10
2026-10-09T14:24:44.842+08:00 [INFO] gRPC GetTicker: symbol=BNB/USDT
2026-10-09T14:24:45.592+08:00 [INFO] gRPC GetOrderBook: symbol=ETH/USDT, depth=20
2026-10-09T14:24:45.593+08:00 [INFO] gRPC GetRecentTrades: symbol=ETH/USDT, limit=10
2026-10-09T14:24:45.593+08:00 [INFO] gRPC GetTicker: symbol=ETH/USDT
2026-10-09T14:24:46.293+08:00 [INFO] gRPC GetOrderBook: symbol=BNB/USDT, depth=20
2026-10-09T14:24:46.294+08:00 [INFO] gRPC GetRecentTrades: symbol=BNB/USDT, limit=10
2026-10-09T14:24:46.294+08:00 [INFO] gRPC GetTicker: symbol=BNB/USDT
2026-10-09T14:24:46.592+08:00 [INFO] gRPC GetOrderBook: symbol=ETH/USDT, depth=20
2026-10-09T14:24:46.593+08:00 [INFO] gRPC GetRecentTrades: symbol=ETH/USDT, limit=10
2026-10-09T14:24:46.594+08:00 [INFO] gRPC GetTicker: symbol=ETH/USDT
2026-10-09T14:24:46.833+08:00 [INFO] gRPC GetOrderBook: symbol=BNB/USDT, depth=20
2026-10-09T14:24:46.834+08:00 [INFO] gRPC GetRecentTrades: symbol=BNB/USDT, limit=10
2026-10-09T14:24:46.834+08:00 [INFO] gRPC GetTicker: symbol=BNB/USDT
2026-10-09T14:24:47.592+08:00 [INFO] gRPC GetOrderBook: symbol=ETH/USDT, depth=20
2026-10-09T14:24:47.593+08:00 [INFO] gRPC GetRecentTrades: symbol=ETH/USDT, limit=10
2026-10-09T14:24:47.594+08:00 [INFO] gRPC GetTicker: symbol=ETH/USDT
2026-10-09T14:24:47.840+08:00 [INFO] gRPC GetOrderBook: symbol=BNB/USDT, depth=20
2026-10-09T14:24:47.842+08:00 [INFO] gRPC GetRecentTrades: symbol=BNB/USDT, limit=10
2026-10-09T14:24:47.842+08:00 [INFO] gRPC GetTicker: symbol=BNB/USDT
2026-10-09T14:24:48.593+08:00 [INFO] gRPC GetOrderBook: symbol=ETH/USDT, depth=20
2026-10-09T14:24:48.594+08:00 [INFO] gRPC GetRecentTrades: symbol=ETH/USDT, limit=10
2026-10-09T14:24:48.594+08:00 [INFO] gRPC GetTicker: symbol=ETH/USDT
2026-10-09T14:24:48.845+08:00 [INFO] gRPC GetOrderBook: symbol=BNB/USDT, depth=20
2026-10-09T14:24:48.846+08:00 [INFO] gRPC GetRecentTrades: symbol=BNB/USDT, limit=10
2026-10-09T14:24:48.846+08:00 [INFO] gRPC GetTicker: symbol=BNB/USDT
2026-10-09T14:24:49.592+08:00 [INFO] gRPC GetOrderBook: symbol=ETH/USDT, depth=20
2026-10-09T14:24:49.593+08:00 [INFO] gRPC GetRecentTrades: symbol=ETH/USDT, limit=10
2026-10-09T14:24:49.593+08:00 [INFO] gRPC GetTicker: symbol=ETH/USDT
2026-10-09T14:24:49.836+08:00 [INFO] gRPC GetOrderBook: symbol=BNB/USDT, depth=20
2026-10-09T14:24:49.837+08:00 [INFO] gRPC GetRecentTrades: symbol=BNB/USDT, limit=10
2026-10-09T14:24:49.837+08:00 [INFO] gRPC GetTicker: symbol=BNB/USDT
2026-10-09T14:24:50.592+08:00 [INFO] gRPC GetOrderBook: symbol=ETH/USDT, depth=20
2026-10-09T14:24:50.593+08:00 [INFO] gRPC GetRecentTrades: symbol=ETH/USDT, limit=10
2026-10-09T14:24:50.594+08:00 [INFO] gRPC GetTicker: symbol=ETH/USDT
2026-10-09T14:24:50.826+08:00 [INFO] gRPC GetOrderBook: symbol=BNB/USDT, depth=20
2026-10-09T14:24:50.827+08:00 [INFO] gRPC GetRecentTrades: symbol=BNB/USDT, limit=10
2026-10-09T14:24:50.827+08:00 [INFO] gRPC GetTicker: symbol=BNB/USDT
2026-10-09T14:24:51.592+08:00 [INFO] gRPC GetOrderBook: symbol=ETH/USDT, depth=20
2026-10-09T14:24:51.592+08:00 [INFO] gRPC GetRecentTrades: symbol=ETH/USDT, limit=10
2026-10-09T14:24:51.594+08:00 [INFO] gRPC GetTicker: symbol=ETH/USDT
2026-10-09T14:24:51.853+08:00 [INFO] gRPC GetOrderBook: symbol=BNB/USDT, depth=20
2026-10-09T14:24:51.853+08:00 [INFO] gRPC GetRecentTrades: symbol=BNB/USDT, limit=10
2026-10-09T14:24:51.854+08:00 [INFO] gRPC GetTicker: symbol=BNB/USDT
2026-10-09T14:24:52.591+08:00 [INFO] gRPC GetOrderBook: symbol=ETH/USDT, depth=20
2026-10-09T14:24:52.593+08:00 [INFO] gRPC GetRecentTrades: symbol=ETH/USDT, limit=10
2026-10-09T14:24:52.594+08:00 [INFO] gRPC GetTicker: symbol=ETH/USDT
2026-10-09T14:24:52.933+08:00 [INFO] gRPC GetOrderBook: symbol=BNB/USDT, depth=20
2026-10-09T14:24:52.934+08:00 [INFO] gRPC GetRecentTrades: symbol=BNB/USDT, limit=10
2026-10-09T14:24:52.935+08:00 [INFO] gRPC GetTicker: symbol=BNB/USDT
2026-10-09T14:24:53.592+08:00 [INFO] gRPC GetOrderBook: symbol=ETH/USDT, depth=20
2026-10-09T14:24:53.592+08:00 [INFO] gRPC GetRecentTrades: symbol=ETH/USDT, limit=10
2026-10-09T14:24:53.593+08:00 [INFO] gRPC GetTicker: symbol=ETH/USDT
2026-10-09T14:24:53.875+08:00 [INFO] gRPC GetOrderBook: symbol=BNB/USDT, depth=20
2026-10-09T14:24:53.876+08:00 [INFO] gRPC GetRecentTrades: symbol=BNB/USDT, limit=10
2026-10-09T14:24:53.877+08:00 [INFO] gRPC GetTicker: symbol=BNB/USDT
2026-10-09T14:24:54.591+08:00 [INFO] gRPC GetOrderBook: symbol=BNB/USDT, depth=20
2026-10-09T14:24:54.591+08:00 [INFO] gRPC GetRecentTrades: symbol=BNB/USDT, limit=10
2026-10-09T14:24:54.592+08:00 [INFO] gRPC GetTicker: symbol=BNB/USDT
2026-10-09T14:24:54.833+08:00 [INFO] gRPC GetOrderBook: symbol=ETH/USDT, depth=20
2026-10-09T14:24:54.834+08:00 [INFO] gRPC GetRecentTrades: symbol=ETH/USDT, limit=10
2026-10-09T14:24:54.834+08:00 [INFO] gRPC GetTicker: symbol=ETH/USDT
2026-10-09T14:24:55.592+08:00 [INFO] gRPC GetOrderBook: symbol=ETH/USDT, depth=20
2026-10-09T14:24:55.594+08:00 [INFO] gRPC GetRecentTrades: symbol=ETH/USDT, limit=10
2026-10-09T14:24:55.595+08:00 [INFO] gRPC GetTicker: symbol=ETH/USDT
2026-10-09T14:24:55.830+08:00 [INFO] gRPC GetOrderBook: symbol=BNB/USDT, depth=20
2026-10-09T14:24:55.831+08:00 [INFO] gRPC GetRecentTrades: symbol=BNB/USDT, limit=10
2026-10-09T14:24:55.831+08:00 [INFO] gRPC GetTicker: symbol=BNB/USDT
2026-10-09T14:24:56.591+08:00 [INFO] gRPC GetOrderBook: symbol=ETH/USDT, depth=20
2026-10-09T14:24:56.593+08:00 [INFO] gRPC GetRecentTrades: symbol=ETH/USDT, limit=10
2026-10-09T14:24:56.594+08:00 [INFO] gRPC GetTicker: symbol=ETH/USDT
2026-10-09T14:24:56.838+08:00 [INFO] gRPC GetOrderBook: symbol=BNB/USDT, depth=20
2026-10-09T14:24:56.839+08:00 [INFO] gRPC GetRecentTrades: symbol=BNB/USDT, limit=10
2026-10-09T14:24:56.839+08:00 [INFO] gRPC GetTicker: symbol=BNB/USDT
2026-10-09T14:24:57.591+08:00 [INFO] gRPC GetOrderBook: symbol=ETH/USDT, depth=20
2026-10-09T14:24:57.592+08:00 [INFO] gRPC GetRecentTrades: symbol=ETH/USDT, limit=10
2026-10-09T14:24:57.593+08:00 [INFO] gRPC GetTicker: symbol=ETH/USDT
2026-10-09T14:24:57.841+08:00 [INFO] gRPC GetOrderBook: symbol=BNB/USDT, depth=20
2026-10-09T14:24:57.842+08:00 [INFO] gRPC GetRecentTrades: symbol=BNB/USDT, limit=10
2026-10-09T14:24:57.842+08:00 [INFO] gRPC GetTicker: symbol=BNB/USDT
2026-10-09T14:24:58.591+08:00 [INFO] gRPC GetOrderBook: symbol=ETH/USDT, depth=20
2026-10-09T14:24:58.592+08:00 [INFO] gRPC GetRecentTrades: symbol=ETH/USDT, limit=10
2026-10-09T14:24:58.593+08:00 [INFO] gRPC GetTicker: symbol=ETH/USDT
2026-10-09T14:24:58.840+08:00 [INFO] gRPC GetOrderBook: symbol=BNB/USDT, depth=20
2026-10-09T14:24:58.841+08:00 [INFO] gRPC GetRecentTrades: symbol=BNB/USDT, limit=10
2026-10-09T14:24:58.841+08:00 [INFO] gRPC GetTicker: symbol=BNB/USDT
2026-10-09T14:24:59.591+08:00 [INFO] gRPC GetOrderBook: symbol=BNB/USDT, depth=20
2026-10-09T14:24:59.592+08:00 [INFO] gRPC GetRecentTrades: symbol=BNB/USDT, limit=10
2026-10-09T14:24:59.593+08:00 [INFO] gRPC GetTicker: symbol=BNB/USDT
2026-10-09T14:24:59.844+08:00 [INFO] gRPC GetOrderBook: symbol=ETH/USDT, depth=20
2026-10-09T14:24:59.844+08:00 [INFO] gRPC GetRecentTrades: symbol=ETH/USDT, limit=10
2026-10-09T14:24:59.845+08:00 [INFO] gRPC GetTicker: symbol=ETH/USDT
2026-10-09T14:25:00.591+08:00 [INFO] gRPC GetOrderBook: symbol=BNB/USDT, depth=20
2026-10-09T14:25:00.593+08:00 [INFO] gRPC GetRecentTrades: symbol=BNB/USDT, limit=10
2026-10-09T14:25:00.594+08:00 [INFO] gRPC GetTicker: symbol=BNB/USDT
2026-10-09T14:25:00.939+08:00 [INFO] gRPC GetOrderBook: symbol=ETH/USDT, depth=20
2026-10-09T14:25:00.941+08:00 [INFO] gRPC GetRecentTrades: symbol=ETH/USDT, limit=10
2026-10-09T14:25:00.942+08:00 [INFO] gRPC GetTicker: symbol=ETH/USDT
2026-10-09T14:25:01.591+08:00 [INFO] gRPC GetOrderBook: symbol=BNB/USDT, depth=20
2026-10-09T14:25:01.592+08:00 [INFO] gRPC GetRecentTrades: symbol=BNB/USDT, limit=10
2026-10-09T14:25:01.593+08:00 [INFO] gRPC GetTicker: symbol=BNB/USDT
2026-10-09T14:25:02.331+08:00 [INFO] gRPC GetOrderBook: symbol=ETH/USDT, depth=20
2026-10-09T14:25:02.332+08:00 [INFO] gRPC GetRecentTrades: symbol=ETH/USDT, limit=10
2026-10-09T14:25:02.333+08:00 [INFO] gRPC GetTicker: symbol=ETH/USDT
2026-10-09T14:25:02.591+08:00 [INFO] gRPC GetOrderBook: symbol=ETH/USDT, depth=20
2026-10-09T14:25:02.592+08:00 [INFO] gRPC GetRecentTrades: symbol=ETH/USDT, limit=10
2026-10-09T14:25:02.592+08:00 [INFO] gRPC GetTicker: symbol=ETH/USDT
2026-10-09T14:25:02.886+08:00 [INFO] gRPC GetOrderBook: symbol=BNB/USDT, depth=20
2026-10-09T14:25:02.887+08:00 [INFO] gRPC GetRecentTrades: symbol=BNB/USDT, limit=10
2026-10-09T14:25:02.888+08:00 [INFO] gRPC GetTicker: symbol=BNB/USDT
2026-10-09T14:25:03.591+08:00 [INFO] gRPC GetOrderBook: symbol=ETH/USDT, depth=20
2026-10-09T14:25:03.592+08:00 [INFO] gRPC GetRecentTrades: symbol=ETH/USDT, limit=10
2026-10-09T14:25:03.593+08:00 [INFO] gRPC GetTicker: symbol=ETH/USDT
2026-10-09T14:25:03.910+08:00 [INFO] gRPC GetOrderBook: symbol=BNB/USDT, depth=20
2026-10-09T14:25:03.911+08:00 [INFO] gRPC GetRecentTrades: symbol=BNB/USDT, limit=10
2026-10-09T14:25:03.911+08:00 [INFO] gRPC GetTicker: symbol=BNB/USDT
2026-10-09T14:25:04.591+08:00 [INFO] gRPC GetOrderBook: symbol=ETH/USDT, depth=20
2026-10-09T14:25:04.592+08:00 [INFO] gRPC GetRecentTrades: symbol=ETH/USDT, limit=10
2026-10-09T14:25:04.593+08:00 [INFO] gRPC GetTicker: symbol=ETH/USDT
2026-10-09T14:25:04.844+08:00 [INFO] gRPC GetOrderBook: symbol=BNB/USDT, depth=20
2026-10-09T14:25:04.844+08:00 [INFO] gRPC GetRecentTrades: symbol=BNB/USDT, limit=10
2026-10-09T14:25:04.845+08:00 [INFO] gRPC GetTicker: symbol=BNB/USDT
2026-10-09T14:25:05.591+08:00 [INFO] gRPC GetOrderBook: symbol=BNB/USDT, depth=20
2026-10-09T14:25:05.593+08:00 [INFO] gRPC GetRecentTrades: symbol=BNB/USDT, limit=10
2026-10-09T14:25:05.594+08:00 [INFO] gRPC GetTicker: symbol=BNB/USDT
2026-10-09T14:25:05.957+08:00 [INFO] gRPC GetOrderBook: symbol=ETH/USDT, depth=20
2026-10-09T14:25:05.959+08:00 [INFO] gRPC GetRecentTrades: symbol=ETH/USDT, limit=10
2026-10-09T14:25:05.960+08:00 [INFO] gRPC GetTicker: symbol=ETH/USDT
2026-10-09T14:25:06.591+08:00 [INFO] gRPC GetOrderBook: symbol=ETH/USDT, depth=20
2026-10-09T14:25:06.592+08:00 [INFO] gRPC GetRecentTrades: symbol=ETH/USDT, limit=10
2026-10-09T14:25:06.593+08:00 [INFO] gRPC GetTicker: symbol=ETH/USDT
2026-10-09T14:25:06.840+08:00 [INFO] gRPC GetOrderBook: symbol=BNB/USDT, depth=20
2026-10-09T14:25:06.841+08:00 [INFO] gRPC GetRecentTrades: symbol=BNB/USDT, limit=10
2026-10-09T14:25:06.841+08:00 [INFO] gRPC GetTicker: symbol=BNB/USDT
2026-10-09T14:25:07.591+08:00 [INFO] gRPC GetOrderBook: symbol=ETH/USDT, depth=20
2026-10-09T14:25:07.593+08:00 [INFO] gRPC GetRecentTrades: symbol=ETH/USDT, limit=10
2026-10-09T14:25:07.594+08:00 [INFO] gRPC GetTicker: symbol=ETH/USDT
2026-10-09T14:25:07.838+08:00 [INFO] gRPC GetOrderBook: symbol=BNB/USDT, depth=20
2026-10-09T14:25:07.838+08:00 [INFO] gRPC GetRecentTrades: symbol=BNB/USDT, limit=10
2026-10-09T14:25:07.840+08:00 [INFO] gRPC GetTicker: symbol=BNB/USDT
2026-10-09T14:25:08.591+08:00 [INFO] gRPC GetOrderBook: symbol=ETH/USDT, depth=20
2026-10-09T14:25:08.593+08:00 [INFO] gRPC GetRecentTrades: symbol=ETH/USDT, limit=10
2026-10-09T14:25:08.594+08:00 [INFO] gRPC GetTicker: symbol=ETH/USDT
2026-10-09T14:25:08.927+08:00 [INFO] gRPC GetOrderBook: symbol=BNB/USDT, depth=20
2026-10-09T14:25:08.927+08:00 [INFO] gRPC GetRecentTrades: symbol=BNB/USDT, limit=10
2026-10-09T14:25:08.928+08:00 [INFO] gRPC GetTicker: symbol=BNB/USDT
2026-10-09T14:25:09.591+08:00 [INFO] gRPC GetOrderBook: symbol=ETH/USDT, depth=20
2026-10-09T14:25:09.592+08:00 [INFO] gRPC GetRecentTrades: symbol=ETH/USDT, limit=10
2026-10-09T14:25:09.593+08:00 [INFO] gRPC GetTicker: symbol=ETH/USDT
2026-10-09T14:25:09.848+08:00 [INFO] gRPC GetOrderBook: symbol=BNB/USDT, depth=20
2026-10-09T14:25:09.849+08:00 [INFO] gRPC GetRecentTrades: symbol=BNB/USDT, limit=10
2026-10-09T14:25:09.850+08:00 [INFO] gRPC GetTicker: symbol=BNB/USDT
2026-10-09T14:25:10.592+08:00 [INFO] gRPC GetOrderBook: symbol=ETH/USDT, depth=20
2026-10-09T14:25:10.593+08:00 [INFO] gRPC GetRecentTrades: symbol=ETH/USDT, limit=10
2026-10-09T14:25:10.594+08:00 [INFO] gRPC GetTicker: symbol=ETH/USDT
2026-10-09T14:25:10.841+08:00 [INFO] gRPC GetOrderBook: symbol=BNB/USDT, depth=20
2026-10-09T14:25:10.841+08:00 [INFO] gRPC GetRecentTrades: symbol=BNB/USDT, limit=10
2026-10-09T14:25:10.842+08:00 [INFO] gRPC GetTicker: symbol=BNB/USDT
2026-10-09T14:25:11.591+08:00 [INFO] gRPC GetOrderBook: symbol=ETH/USDT, depth=20
2026-10-09T14:25:11.592+08:00 [INFO] gRPC GetRecentTrades: symbol=ETH/USDT, limit=10
2026-10-09T14:25:11.593+08:00 [INFO] gRPC GetTicker: symbol=ETH/USDT
2026-10-09T14:25:11.897+08:00 [INFO] gRPC GetOrderBook: symbol=BNB/USDT, depth=20
2026-10-09T14:25:11.898+08:00 [INFO] gRPC GetRecentTrades: symbol=BNB/USDT, limit=10
2026-10-09T14:25:11.899+08:00 [INFO] gRPC GetTicker: symbol=BNB/USDT
2026-10-09T14:25:12.591+08:00 [INFO] gRPC GetOrderBook: symbol=ETH/USDT, depth=20
2026-10-09T14:25:12.593+08:00 [INFO] gRPC GetRecentTrades: symbol=ETH/USDT, limit=10
2026-10-09T14:25:12.593+08:00 [INFO] gRPC GetTicker: symbol=ETH/USDT
2026-10-09T14:25:12.921+08:00 [INFO] gRPC GetOrderBook: symbol=BNB/USDT, depth=20
2026-10-09T14:25:12.922+08:00 [INFO] gRPC GetRecentTrades: symbol=BNB/USDT, limit=10
2026-10-09T14:25:12.925+08:00 [INFO] gRPC GetTicker: symbol=BNB/USDT
2026-10-09T14:25:13.660+08:00 [INFO] gRPC GetOrderBook: symbol=BNB/USDT, depth=20
2026-10-09T14:25:13.661+08:00 [INFO] gRPC GetRecentTrades: symbol=BNB/USDT, limit=10
2026-10-09T14:25:13.661+08:00 [INFO] gRPC GetTicker: symbol=BNB/USDT
2026-10-09T14:25:13.908+08:00 [INFO] gRPC GetOrderBook: symbol=ETH/USDT, depth=20
2026-10-09T14:25:13.909+08:00 [INFO] gRPC GetRecentTrades: symbol=ETH/USDT, limit=10
2026-10-09T14:25:13.910+08:00 [INFO] gRPC GetTicker: symbol=ETH/USDT
2026-10-09T14:25:14.591+08:00 [INFO] gRPC GetOrderBook: symbol=ETH/USDT, depth=20
2026-10-09T14:25:14.592+08:00 [INFO] gRPC GetRecentTrades: symbol=ETH/USDT, limit=10
2026-10-09T14:25:14.594+08:00 [INFO] gRPC GetTicker: symbol=ETH/USDT
2026-10-09T14:25:14.866+08:00 [INFO] gRPC GetOrderBook: symbol=BNB/USDT, depth=20
2026-10-09T14:25:14.867+08:00 [INFO] gRPC GetRecentTrades: symbol=BNB/USDT, limit=10
2026-10-09T14:25:14.868+08:00 [INFO] gRPC GetTicker: symbol=BNB/USDT
2026-10-09T14:25:15.591+08:00 [INFO] gRPC GetOrderBook: symbol=ETH/USDT, depth=20
2026-10-09T14:25:15.592+08:00 [INFO] gRPC GetRecentTrades: symbol=ETH/USDT, limit=10
2026-10-09T14:25:15.593+08:00 [INFO] gRPC GetTicker: symbol=ETH/USDT
2026-10-09T14:25:15.890+08:00 [INFO] gRPC GetOrderBook: symbol=BNB/USDT, depth=20
2026-10-09T14:25:15.891+08:00 [INFO] gRPC GetRecentTrades: symbol=BNB/USDT, limit=10
2026-10-09T14:25:15.892+08:00 [INFO] gRPC GetTicker: symbol=BNB/USDT
2026-10-09T14:25:16.591+08:00 [INFO] gRPC GetOrderBook: symbol=BNB/USDT, depth=20
2026-10-09T14:25:16.593+08:00 [INFO] gRPC GetRecentTrades: symbol=BNB/USDT, limit=10
2026-10-09T14:25:16.594+08:00 [INFO] gRPC GetTicker: symbol=BNB/USDT
2026-10-09T14:25:16.873+08:00 [INFO] gRPC GetOrderBook: symbol=ETH/USDT, depth=20
2026-10-09T14:25:16.873+08:00 [INFO] gRPC GetRecentTrades: symbol=ETH/USDT, limit=10
2026-10-09T14:25:16.874+08:00 [INFO] gRPC GetTicker: symbol=ETH/USDT
2026-10-09T14:25:17.591+08:00 [INFO] gRPC GetOrderBook: symbol=ETH/USDT, depth=20
2026-10-09T14:25:17.592+08:00 [INFO] gRPC GetRecentTrades: symbol=ETH/USDT, limit=10
2026-10-09T14:25:17.593+08:00 [INFO] gRPC GetTicker: symbol=ETH/USDT
2026-10-09T14:25:17.841+08:00 [INFO] gRPC GetOrderBook: symbol=BNB/USDT, depth=20
2026-10-09T14:25:17.842+08:00 [INFO] gRPC GetRecentTrades: symbol=BNB/USDT, limit=10
2026-10-09T14:25:17.842+08:00 [INFO] gRPC GetTicker: symbol=BNB/USDT
2026-10-09T14:25:18.591+08:00 [INFO] gRPC GetOrderBook: symbol=ETH/USDT, depth=20
2026-10-09T14:25:18.592+08:00 [INFO] gRPC GetRecentTrades: symbol=ETH/USDT, limit=10
2026-10-09T14:25:18.593+08:00 [INFO] gRPC GetTicker: symbol=ETH/USDT
2026-10-09T14:25:19.324+08:00 [INFO] gRPC GetOrderBook: symbol=BNB/USDT, depth=20
2026-10-09T14:25:19.325+08:00 [INFO] gRPC GetRecentTrades: symbol=BNB/USDT, limit=10
2026-10-09T14:25:19.326+08:00 [INFO] gRPC GetTicker: symbol=BNB/USDT
2026-10-09T14:25:19.593+08:00 [INFO] gRPC GetOrderBook: symbol=ETH/USDT, depth=20
2026-10-09T14:25:19.593+08:00 [INFO] gRPC GetRecentTrades: symbol=ETH/USDT, limit=10
2026-10-09T14:25:19.594+08:00 [INFO] gRPC GetTicker: symbol=ETH/USDT
2026-10-09T14:25:19.840+08:00 [INFO] gRPC GetOrderBook: symbol=BNB/USDT, depth=20
2026-10-09T14:25:19.841+08:00 [INFO] gRPC GetRecentTrades: symbol=BNB/USDT, limit=10
2026-10-09T14:25:19.842+08:00 [INFO] gRPC GetTicker: symbol=BNB/USDT
2026-10-09T14:25:20.591+08:00 [INFO] gRPC GetOrderBook: symbol=ETH/USDT, depth=20
2026-10-09T14:25:20.592+08:00 [INFO] gRPC GetRecentTrades: symbol=ETH/USDT, limit=10
2026-10-09T14:25:20.593+08:00 [INFO] gRPC GetTicker: symbol=ETH/USDT
2026-10-09T14:25:20.909+08:00 [INFO] gRPC GetOrderBook: symbol=BNB/USDT, depth=20
2026-10-09T14:25:20.909+08:00 [INFO] gRPC GetRecentTrades: symbol=BNB/USDT, limit=10
2026-10-09T14:25:20.910+08:00 [INFO] gRPC GetTicker: symbol=BNB/USDT
2026-10-09T14:25:21.591+08:00 [INFO] gRPC GetOrderBook: symbol=ETH/USDT, depth=20
2026-10-09T14:25:21.592+08:00 [INFO] gRPC GetRecentTrades: symbol=ETH/USDT, limit=10
2026-10-09T14:25:21.593+08:00 [INFO] gRPC GetTicker: symbol=ETH/USDT
2026-10-09T14:25:21.895+08:00 [INFO] gRPC GetOrderBook: symbol=BNB/USDT, depth=20
2026-10-09T14:25:21.896+08:00 [INFO] gRPC GetRecentTrades: symbol=BNB/USDT, limit=10
2026-10-09T14:25:21.896+08:00 [INFO] gRPC GetTicker: symbol=BNB/USDT
2026-10-09T14:25:22.591+08:00 [INFO] gRPC GetOrderBook: symbol=BNB/USDT, depth=20
2026-10-09T14:25:22.592+08:00 [INFO] gRPC GetRecentTrades: symbol=BNB/USDT, limit=10
2026-10-09T14:25:22.593+08:00 [INFO] gRPC GetTicker: symbol=BNB/USDT
2026-10-09T14:25:22.853+08:00 [INFO] gRPC GetOrderBook: symbol=ETH/USDT, depth=20
2026-10-09T14:25:22.854+08:00 [INFO] gRPC GetRecentTrades: symbol=ETH/USDT, limit=10
2026-10-09T14:25:22.855+08:00 [INFO] gRPC GetTicker: symbol=ETH/USDT
2026-10-09T14:25:23.591+08:00 [INFO] gRPC GetOrderBook: symbol=ETH/USDT, depth=20
2026-10-09T14:25:23.591+08:00 [INFO] gRPC GetRecentTrades: symbol=ETH/USDT, limit=10
2026-10-09T14:25:23.592+08:00 [INFO] gRPC GetTicker: symbol=ETH/USDT
2026-10-09T14:25:23.843+08:00 [INFO] gRPC GetOrderBook: symbol=BNB/USDT, depth=20
2026-10-09T14:25:23.844+08:00 [INFO] gRPC GetRecentTrades: symbol=BNB/USDT, limit=10
2026-10-09T14:25:23.844+08:00 [INFO] gRPC GetTicker: symbol=BNB/USDT
2026-10-09T14:25:24.591+08:00 [INFO] gRPC GetOrderBook: symbol=ETH/USDT, depth=20
2026-10-09T14:25:24.594+08:00 [INFO] gRPC GetRecentTrades: symbol=ETH/USDT, limit=10
2026-10-09T14:25:24.595+08:00 [INFO] gRPC GetTicker: symbol=ETH/USDT
2026-10-09T14:25:24.843+08:00 [INFO] gRPC GetOrderBook: symbol=BNB/USDT, depth=20
2026-10-09T14:25:24.843+08:00 [INFO] gRPC GetRecentTrades: symbol=BNB/USDT, limit=10
2026-10-09T14:25:24.844+08:00 [INFO] gRPC GetTicker: symbol=BNB/USDT
2026-10-09T14:25:25.591+08:00 [INFO] gRPC GetOrderBook: symbol=BNB/USDT, depth=20
2026-10-09T14:25:25.591+08:00 [INFO] gRPC GetRecentTrades: symbol=BNB/USDT, limit=10
2026-10-09T14:25:25.592+08:00 [INFO] gRPC GetTicker: symbol=BNB/USDT
2026-10-09T14:25:25.847+08:00 [INFO] gRPC GetOrderBook: symbol=ETH/USDT, depth=20
2026-10-09T14:25:25.847+08:00 [INFO] gRPC GetRecentTrades: symbol=ETH/USDT, limit=10
2026-10-09T14:25:25.848+08:00 [INFO] gRPC GetTicker: symbol=ETH/USDT
2026-10-09T14:25:26.591+08:00 [INFO] gRPC GetOrderBook: symbol=ETH/USDT, depth=20
2026-10-09T14:25:26.593+08:00 [INFO] gRPC GetRecentTrades: symbol=ETH/USDT, limit=10
2026-10-09T14:25:26.594+08:00 [INFO] gRPC GetTicker: symbol=ETH/USDT
2026-10-09T14:25:26.844+08:00 [INFO] gRPC GetOrderBook: symbol=BNB/USDT, depth=20
2026-10-09T14:25:26.845+08:00 [INFO] gRPC GetRecentTrades: symbol=BNB/USDT, limit=10
2026-10-09T14:25:26.845+08:00 [INFO] gRPC GetTicker: symbol=BNB/USDT
2026-10-09T14:25:27.590+08:00 [INFO] gRPC GetOrderBook: symbol=ETH/USDT, depth=20
2026-10-09T14:25:27.591+08:00 [INFO] gRPC GetRecentTrades: symbol=ETH/USDT, limit=10
2026-10-09T14:25:27.592+08:00 [INFO] gRPC GetTicker: symbol=ETH/USDT
2026-10-09T14:25:27.871+08:00 [INFO] gRPC GetOrderBook: symbol=BNB/USDT, depth=20
2026-10-09T14:25:27.872+08:00 [INFO] gRPC GetRecentTrades: symbol=BNB/USDT, limit=10
2026-10-09T14:25:27.873+08:00 [INFO] gRPC GetTicker: symbol=BNB/USDT
2026-10-09T14:25:28.613+08:00 [INFO] gRPC GetOrderBook: symbol=BNB/USDT, depth=20
2026-10-09T14:25:28.618+08:00 [INFO] gRPC GetRecentTrades: symbol=BNB/USDT, limit=10
2026-10-09T14:25:28.619+08:00 [INFO] gRPC GetTicker: symbol=BNB/USDT
2026-10-09T14:25:28.863+08:00 [INFO] gRPC GetOrderBook: symbol=ETH/USDT, depth=20
2026-10-09T14:25:28.863+08:00 [INFO] gRPC GetRecentTrades: symbol=ETH/USDT, limit=10
2026-10-09T14:25:28.864+08:00 [INFO] gRPC GetTicker: symbol=ETH/USDT
2026-10-09T14:25:29.591+08:00 [INFO] gRPC GetOrderBook: symbol=ETH/USDT, depth=20
2026-10-09T14:25:29.591+08:00 [INFO] gRPC GetRecentTrades: symbol=ETH/USDT, limit=10
2026-10-09T14:25:29.592+08:00 [INFO] gRPC GetTicker: symbol=ETH/USDT
2026-10-09T14:25:29.839+08:00 [INFO] gRPC GetOrderBook: symbol=BNB/USDT, depth=20
2026-10-09T14:25:29.839+08:00 [INFO] gRPC GetRecentTrades: symbol=BNB/USDT, limit=10
2026-10-09T14:25:29.840+08:00 [INFO] gRPC GetTicker: symbol=BNB/USDT
2026-10-09T14:25:30.591+08:00 [INFO] gRPC GetOrderBook: symbol=ETH/USDT, depth=20
2026-10-09T14:25:30.591+08:00 [INFO] gRPC GetRecentTrades: symbol=ETH/USDT, limit=10
2026-10-09T14:25:30.592+08:00 [INFO] gRPC GetTicker: symbol=ETH/USDT
2026-10-09T14:25:30.838+08:00 [INFO] gRPC GetOrderBook: symbol=BNB/USDT, depth=20
2026-10-09T14:25:30.839+08:00 [INFO] gRPC GetRecentTrades: symbol=BNB/USDT, limit=10
2026-10-09T14:25:30.839+08:00 [INFO] gRPC GetTicker: symbol=BNB/USDT
2026-10-09T14:25:31.591+08:00 [INFO] gRPC GetOrderBook: symbol=ETH/USDT, depth=20
2026-10-09T14:25:31.592+08:00 [INFO] gRPC GetRecentTrades: symbol=ETH/USDT, limit=10
2026-10-09T14:25:31.593+08:00 [INFO] gRPC GetTicker: symbol=ETH/USDT
2026-10-09T14:25:31.848+08:00 [INFO] gRPC GetOrderBook: symbol=BNB/USDT, depth=20
2026-10-09T14:25:31.849+08:00 [INFO] gRPC GetRecentTrades: symbol=BNB/USDT, limit=10
2026-10-09T14:25:31.850+08:00 [INFO] gRPC GetTicker: symbol=BNB/USDT
2026-10-09T14:25:32.590+08:00 [INFO] gRPC GetOrderBook: symbol=BNB/USDT, depth=20
2026-10-09T14:25:32.592+08:00 [INFO] gRPC GetRecentTrades: symbol=BNB/USDT, limit=10
2026-10-09T14:25:32.593+08:00 [INFO] gRPC GetTicker: symbol=BNB/USDT
2026-10-09T14:25:32.889+08:00 [INFO] gRPC GetOrderBook: symbol=ETH/USDT, depth=20
2026-10-09T14:25:32.892+08:00 [INFO] gRPC GetRecentTrades: symbol=ETH/USDT, limit=10
2026-10-09T14:25:32.892+08:00 [INFO] gRPC GetTicker: symbol=ETH/USDT
2026-10-09T14:25:33.590+08:00 [INFO] gRPC GetOrderBook: symbol=ETH/USDT, depth=20
2026-10-09T14:25:33.592+08:00 [INFO] gRPC GetRecentTrades: symbol=ETH/USDT, limit=10
2026-10-09T14:25:33.592+08:00 [INFO] gRPC GetTicker: symbol=ETH/USDT
2026-10-09T14:25:33.912+08:00 [INFO] gRPC GetOrderBook: symbol=BNB/USDT, depth=20
2026-10-09T14:25:33.913+08:00 [INFO] gRPC GetRecentTrades: symbol=BNB/USDT, limit=10
2026-10-09T14:25:33.913+08:00 [INFO] gRPC GetTicker: symbol=BNB/USDT
2026-10-09T14:25:34.591+08:00 [INFO] gRPC GetOrderBook: symbol=BNB/USDT, depth=20
2026-10-09T14:25:34.592+08:00 [INFO] gRPC GetRecentTrades: symbol=BNB/USDT, limit=10
2026-10-09T14:25:34.592+08:00 [INFO] gRPC GetTicker: symbol=BNB/USDT
2026-10-09T14:25:34.849+08:00 [INFO] gRPC GetOrderBook: symbol=ETH/USDT, depth=20
2026-10-09T14:25:34.850+08:00 [INFO] gRPC GetRecentTrades: symbol=ETH/USDT, limit=10
2026-10-09T14:25:34.851+08:00 [INFO] gRPC GetTicker: symbol=ETH/USDT
2026-10-09T14:25:35.590+08:00 [INFO] gRPC GetOrderBook: symbol=ETH/USDT, depth=20
2026-10-09T14:25:35.591+08:00 [INFO] gRPC GetRecentTrades: symbol=ETH/USDT, limit=10
2026-10-09T14:25:35.591+08:00 [INFO] gRPC GetTicker: symbol=ETH/USDT
2026-10-09T14:25:35.836+08:00 [INFO] gRPC GetOrderBook: symbol=BNB/USDT, depth=20
2026-10-09T14:25:35.837+08:00 [INFO] gRPC GetRecentTrades: symbol=BNB/USDT, limit=10
2026-10-09T14:25:35.837+08:00 [INFO] gRPC GetTicker: symbol=BNB/USDT
2026-10-09T14:25:36.591+08:00 [INFO] gRPC GetOrderBook: symbol=ETH/USDT, depth=20
2026-10-09T14:25:36.592+08:00 [INFO] gRPC GetRecentTrades: symbol=ETH/USDT, limit=10
2026-10-09T14:25:36.593+08:00 [INFO] gRPC GetTicker: symbol=ETH/USDT
2026-10-09T14:25:36.883+08:00 [INFO] gRPC GetOrderBook: symbol=BNB/USDT, depth=20
2026-10-09T14:25:36.883+08:00 [INFO] gRPC GetRecentTrades: symbol=BNB/USDT, limit=10
2026-10-09T14:25:36.884+08:00 [INFO] gRPC GetTicker: symbol=BNB/USDT
2026-10-09T14:25:37.591+08:00 [INFO] gRPC GetOrderBook: symbol=ETH/USDT, depth=20
2026-10-09T14:25:37.593+08:00 [INFO] gRPC GetRecentTrades: symbol=ETH/USDT, limit=10
2026-10-09T14:25:37.593+08:00 [INFO] gRPC GetTicker: symbol=ETH/USDT
2026-10-09T14:25:37.907+08:00 [INFO] gRPC GetOrderBook: symbol=BNB/USDT, depth=20
2026-10-09T14:25:37.907+08:00 [INFO] gRPC GetRecentTrades: symbol=BNB/USDT, limit=10
2026-10-09T14:25:37.908+08:00 [INFO] gRPC GetTicker: symbol=BNB/USDT
2026-10-09T14:25:38.590+08:00 [INFO] gRPC GetOrderBook: symbol=ETH/USDT, depth=20
2026-10-09T14:25:38.592+08:00 [INFO] gRPC GetRecentTrades: symbol=ETH/USDT, limit=10
2026-10-09T14:25:38.593+08:00 [INFO] gRPC GetTicker: symbol=ETH/USDT
2026-10-09T14:25:38.931+08:00 [INFO] gRPC GetOrderBook: symbol=BNB/USDT, depth=20
2026-10-09T14:25:38.931+08:00 [INFO] gRPC GetRecentTrades: symbol=BNB/USDT, limit=10
2026-10-09T14:25:38.932+08:00 [INFO] gRPC GetTicker: symbol=BNB/USDT
2026-10-09T14:25:39.675+08:00 [INFO] gRPC GetOrderBook: symbol=ETH/USDT, depth=20
2026-10-09T14:25:39.676+08:00 [INFO] gRPC GetRecentTrades: symbol=ETH/USDT, limit=10
2026-10-09T14:25:39.676+08:00 [INFO] gRPC GetTicker: symbol=ETH/USDT
2026-10-09T14:25:39.922+08:00 [INFO] gRPC GetOrderBook: symbol=BNB/USDT, depth=20
2026-10-09T14:25:39.924+08:00 [INFO] gRPC GetRecentTrades: symbol=BNB/USDT, limit=10
2026-10-09T14:25:39.925+08:00 [INFO] gRPC GetTicker: symbol=BNB/USDT
2026-10-09T14:25:40.591+08:00 [INFO] gRPC GetOrderBook: symbol=ETH/USDT, depth=20
2026-10-09T14:25:40.593+08:00 [INFO] gRPC GetRecentTrades: symbol=ETH/USDT, limit=10
2026-10-09T14:25:40.593+08:00 [INFO] gRPC GetTicker: symbol=ETH/USDT
2026-10-09T14:25:40.875+08:00 [INFO] gRPC GetOrderBook: symbol=BNB/USDT, depth=20
2026-10-09T14:25:40.876+08:00 [INFO] gRPC GetRecentTrades: symbol=BNB/USDT, limit=10
2026-10-09T14:25:40.877+08:00 [INFO] gRPC GetTicker: symbol=BNB/USDT
2026-10-09T14:25:41.591+08:00 [INFO] gRPC GetOrderBook: symbol=ETH/USDT, depth=20
2026-10-09T14:25:41.593+08:00 [INFO] gRPC GetRecentTrades: symbol=ETH/USDT, limit=10
2026-10-09T14:25:41.593+08:00 [INFO] gRPC GetTicker: symbol=ETH/USDT
2026-10-09T14:25:41.838+08:00 [INFO] gRPC GetOrderBook: symbol=BNB/USDT, depth=20
2026-10-09T14:25:41.839+08:00 [INFO] gRPC GetRecentTrades: symbol=BNB/USDT, limit=10
2026-10-09T14:25:41.840+08:00 [INFO] gRPC GetTicker: symbol=BNB/USDT
2026-10-09T14:25:42.591+08:00 [INFO] gRPC GetOrderBook: symbol=BNB/USDT, depth=20
2026-10-09T14:25:42.593+08:00 [INFO] gRPC GetRecentTrades: symbol=BNB/USDT, limit=10
2026-10-09T14:25:42.594+08:00 [INFO] gRPC GetTicker: symbol=BNB/USDT
2026-10-09T14:25:42.839+08:00 [INFO] gRPC GetOrderBook: symbol=ETH/USDT, depth=20
2026-10-09T14:25:42.840+08:00 [INFO] gRPC GetRecentTrades: symbol=ETH/USDT, limit=10
2026-10-09T14:25:42.840+08:00 [INFO] gRPC GetTicker: symbol=ETH/USDT
2026-10-09T14:25:43.590+08:00 [INFO] gRPC GetOrderBook: symbol=BNB/USDT, depth=20
2026-10-09T14:25:43.592+08:00 [INFO] gRPC GetRecentTrades: symbol=BNB/USDT, limit=10
2026-10-09T14:25:43.593+08:00 [INFO] gRPC GetTicker: symbol=BNB/USDT
2026-10-09T14:25:43.948+08:00 [INFO] gRPC GetOrderBook: symbol=ETH/USDT, depth=20
2026-10-09T14:25:43.948+08:00 [INFO] gRPC GetRecentTrades: symbol=ETH/USDT, limit=10
2026-10-09T14:25:43.949+08:00 [INFO] gRPC GetTicker: symbol=ETH/USDT
2026-10-09T14:25:44.591+08:00 [INFO] gRPC GetOrderBook: symbol=BNB/USDT, depth=20
2026-10-09T14:25:44.592+08:00 [INFO] gRPC GetRecentTrades: symbol=BNB/USDT, limit=10
2026-10-09T14:25:44.593+08:00 [INFO] gRPC GetTicker: symbol=BNB/USDT
2026-10-09T14:25:44.848+08:00 [INFO] gRPC GetOrderBook: symbol=ETH/USDT, depth=20
2026-10-09T14:25:44.849+08:00 [INFO] gRPC GetRecentTrades: symbol=ETH/USDT, limit=10
2026-10-09T14:25:44.850+08:00 [INFO] gRPC GetTicker: symbol=ETH/USDT
2026-10-09T14:25:45.590+08:00 [INFO] gRPC GetOrderBook: symbol=ETH/USDT, depth=20
2026-10-09T14:25:45.593+08:00 [INFO] gRPC GetRecentTrades: symbol=ETH/USDT, limit=10
2026-10-09T14:25:45.593+08:00 [INFO] gRPC GetTicker: symbol=ETH/USDT
2026-10-09T14:25:45.828+08:00 [INFO] gRPC GetOrderBook: symbol=BNB/USDT, depth=20
2026-10-09T14:25:45.828+08:00 [INFO] gRPC GetRecentTrades: symbol=BNB/USDT, limit=10
2026-10-09T14:25:45.829+08:00 [INFO] gRPC GetTicker: symbol=BNB/USDT
2026-10-09T14:25:46.591+08:00 [INFO] gRPC GetOrderBook: symbol=BNB/USDT, depth=20
2026-10-09T14:25:46.592+08:00 [INFO] gRPC GetRecentTrades: symbol=BNB/USDT, limit=10
2026-10-09T14:25:46.593+08:00 [INFO] gRPC GetTicker: symbol=BNB/USDT
2026-10-09T14:25:47.314+08:00 [INFO] gRPC GetOrderBook: symbol=ETH/USDT, depth=20
2026-10-09T14:25:47.315+08:00 [INFO] gRPC GetRecentTrades: symbol=ETH/USDT, limit=10
2026-10-09T14:25:47.316+08:00 [INFO] gRPC GetTicker: symbol=ETH/USDT
2026-10-09T14:25:47.591+08:00 [INFO] gRPC GetOrderBook: symbol=ETH/USDT, depth=20
2026-10-09T14:25:47.591+08:00 [INFO] gRPC GetRecentTrades: symbol=ETH/USDT, limit=10
2026-10-09T14:25:47.592+08:00 [INFO] gRPC GetTicker: symbol=ETH/USDT
2026-10-09T14:25:47.942+08:00 [INFO] gRPC GetOrderBook: symbol=BNB/USDT, depth=20
2026-10-09T14:25:47.943+08:00 [INFO] gRPC GetRecentTrades: symbol=BNB/USDT, limit=10
2026-10-09T14:25:47.943+08:00 [INFO] gRPC GetTicker: symbol=BNB/USDT
2026-10-09T14:25:48.592+08:00 [INFO] gRPC GetOrderBook: symbol=BNB/USDT, depth=20
2026-10-09T14:25:48.593+08:00 [INFO] gRPC GetRecentTrades: symbol=BNB/USDT, limit=10
2026-10-09T14:25:48.593+08:00 [INFO] gRPC GetTicker: symbol=BNB/USDT
2026-10-09T14:25:48.862+08:00 [INFO] gRPC GetOrderBook: symbol=ETH/USDT, depth=20
2026-10-09T14:25:48.863+08:00 [INFO] gRPC GetRecentTrades: symbol=ETH/USDT, limit=10
2026-10-09T14:25:48.864+08:00 [INFO] gRPC GetTicker: symbol=ETH/USDT
2026-10-09T14:25:49.590+08:00 [INFO] gRPC GetOrderBook: symbol=ETH/USDT, depth=20
2026-10-09T14:25:49.592+08:00 [INFO] gRPC GetRecentTrades: symbol=ETH/USDT, limit=10
2026-10-09T14:25:49.593+08:00 [INFO] gRPC GetTicker: symbol=ETH/USDT
2026-10-09T14:25:49.845+08:00 [INFO] gRPC GetOrderBook: symbol=BNB/USDT, depth=20
2026-10-09T14:25:49.845+08:00 [INFO] gRPC GetRecentTrades: symbol=BNB/USDT, limit=10
2026-10-09T14:25:49.846+08:00 [INFO] gRPC GetTicker: symbol=BNB/USDT
2026-10-09T14:25:50.592+08:00 [INFO] gRPC GetOrderBook: symbol=ETH/USDT, depth=20
2026-10-09T14:25:50.593+08:00 [INFO] gRPC GetRecentTrades: symbol=ETH/USDT, limit=10
2026-10-09T14:25:50.594+08:00 [INFO] gRPC GetTicker: symbol=ETH/USDT
2026-10-09T14:25:50.909+08:00 [INFO] gRPC GetOrderBook: symbol=BNB/USDT, depth=20
2026-10-09T14:25:50.910+08:00 [INFO] gRPC GetRecentTrades: symbol=BNB/USDT, limit=10
2026-10-09T14:25:50.910+08:00 [INFO] gRPC GetTicker: symbol=BNB/USDT
2026-10-09T14:25:51.591+08:00 [INFO] gRPC GetOrderBook: symbol=ETH/USDT, depth=20
2026-10-09T14:25:51.593+08:00 [INFO] gRPC GetRecentTrades: symbol=ETH/USDT, limit=10
2026-10-09T14:25:51.593+08:00 [INFO] gRPC GetTicker: symbol=ETH/USDT
2026-10-09T14:25:51.935+08:00 [INFO] gRPC GetOrderBook: symbol=BNB/USDT, depth=20
2026-10-09T14:25:51.935+08:00 [INFO] gRPC GetRecentTrades: symbol=BNB/USDT, limit=10
2026-10-09T14:25:51.936+08:00 [INFO] gRPC GetTicker: symbol=BNB/USDT
2026-10-09T14:25:52.590+08:00 [INFO] gRPC GetOrderBook: symbol=BNB/USDT, depth=20
2026-10-09T14:25:52.591+08:00 [INFO] gRPC GetRecentTrades: symbol=BNB/USDT, limit=10
2026-10-09T14:25:52.592+08:00 [INFO] gRPC GetTicker: symbol=BNB/USDT
2026-10-09T14:25:52.840+08:00 [INFO] gRPC GetOrderBook: symbol=ETH/USDT, depth=20
2026-10-09T14:25:52.841+08:00 [INFO] gRPC GetRecentTrades: symbol=ETH/USDT, limit=10
2026-10-09T14:25:52.841+08:00 [INFO] gRPC GetTicker: symbol=ETH/USDT
2026-10-09T14:25:53.591+08:00 [INFO] gRPC GetOrderBook: symbol=ETH/USDT, depth=20
2026-10-09T14:25:53.592+08:00 [INFO] gRPC GetRecentTrades: symbol=ETH/USDT, limit=10
2026-10-09T14:25:53.595+08:00 [INFO] gRPC GetTicker: symbol=ETH/USDT
2026-10-09T14:25:53.844+08:00 [INFO] gRPC GetOrderBook: symbol=BNB/USDT, depth=20
2026-10-09T14:25:53.844+08:00 [INFO] gRPC GetRecentTrades: symbol=BNB/USDT, limit=10
2026-10-09T14:25:53.844+08:00 [INFO] gRPC GetTicker: symbol=BNB/USDT
2026-10-09T14:25:54.590+08:00 [INFO] gRPC GetOrderBook: symbol=BNB/USDT, depth=20
2026-10-09T14:25:54.591+08:00 [INFO] gRPC GetRecentTrades: symbol=BNB/USDT, limit=10
2026-10-09T14:25:54.592+08:00 [INFO] gRPC GetTicker: symbol=BNB/USDT
2026-10-09T14:25:54.838+08:00 [INFO] gRPC GetOrderBook: symbol=ETH/USDT, depth=20
2026-10-09T14:25:54.839+08:00 [INFO] gRPC GetRecentTrades: symbol=ETH/USDT, limit=10
2026-10-09T14:25:54.842+08:00 [INFO] gRPC GetTicker: symbol=ETH/USDT
2026-10-09T14:25:55.590+08:00 [INFO] gRPC GetOrderBook: symbol=ETH/USDT, depth=20
2026-10-09T14:25:55.592+08:00 [INFO] gRPC GetRecentTrades: symbol=ETH/USDT, limit=10
2026-10-09T14:25:55.593+08:00 [INFO] gRPC GetTicker: symbol=ETH/USDT
2026-10-09T14:25:55.908+08:00 [INFO] gRPC GetOrderBook: symbol=BNB/USDT, depth=20
2026-10-09T14:25:55.910+08:00 [INFO] gRPC GetRecentTrades: symbol=BNB/USDT, limit=10
2026-10-09T14:25:55.910+08:00 [INFO] gRPC GetTicker: symbol=BNB/USDT
2026-10-09T14:25:56.590+08:00 [INFO] gRPC GetOrderBook: symbol=ETH/USDT, depth=20
2026-10-09T14:25:56.591+08:00 [INFO] gRPC GetRecentTrades: symbol=ETH/USDT, limit=10
2026-10-09T14:25:56.591+08:00 [INFO] gRPC GetTicker: symbol=ETH/USDT
2026-10-09T14:25:56.837+08:00 [INFO] gRPC GetOrderBook: symbol=BNB/USDT, depth=20
2026-10-09T14:25:56.837+08:00 [INFO] gRPC GetRecentTrades: symbol=BNB/USDT, limit=10
2026-10-09T14:25:56.838+08:00 [INFO] gRPC GetTicker: symbol=BNB/USDT
2026-10-09T14:25:57.590+08:00 [INFO] gRPC GetOrderBook: symbol=ETH/USDT, depth=20
2026-10-09T14:25:57.591+08:00 [INFO] gRPC GetRecentTrades: symbol=ETH/USDT, limit=10
2026-10-09T14:25:57.591+08:00 [INFO] gRPC GetTicker: symbol=ETH/USDT
2026-10-09T14:25:57.836+08:00 [INFO] gRPC GetOrderBook: symbol=BNB/USDT, depth=20
2026-10-09T14:25:57.836+08:00 [INFO] gRPC GetRecentTrades: symbol=BNB/USDT, limit=10
2026-10-09T14:25:57.837+08:00 [INFO] gRPC GetTicker: symbol=BNB/USDT
2026-10-09T14:25:58.590+08:00 [INFO] gRPC GetOrderBook: symbol=ETH/USDT, depth=20
2026-10-09T14:25:58.592+08:00 [INFO] gRPC GetRecentTrades: symbol=ETH/USDT, limit=10
2026-10-09T14:25:58.593+08:00 [INFO] gRPC GetTicker: symbol=ETH/USDT
2026-10-09T14:25:58.898+08:00 [INFO] gRPC GetOrderBook: symbol=BNB/USDT, depth=20
2026-10-09T14:25:58.898+08:00 [INFO] gRPC GetRecentTrades: symbol=BNB/USDT, limit=10
2026-10-09T14:25:58.899+08:00 [INFO] gRPC GetTicker: symbol=BNB/USDT
2026-10-09T14:25:59.590+08:00 [INFO] gRPC GetOrderBook: symbol=ETH/USDT, depth=20
2026-10-09T14:25:59.591+08:00 [INFO] gRPC GetRecentTrades: symbol=ETH/USDT, limit=10
2026-10-09T14:25:59.593+08:00 [INFO] gRPC GetTicker: symbol=ETH/USDT
2026-10-09T14:25:59.847+08:00 [INFO] gRPC GetOrderBook: symbol=BNB/USDT, depth=20
2026-10-09T14:25:59.848+08:00 [INFO] gRPC GetRecentTrades: symbol=BNB/USDT, limit=10
2026-10-09T14:25:59.848+08:00 [INFO] gRPC GetTicker: symbol=BNB/USDT
2026-10-09T14:26:00.590+08:00 [INFO] gRPC GetOrderBook: symbol=BNB/USDT, depth=20
2026-10-09T14:26:00.591+08:00 [INFO] gRPC GetRecentTrades: symbol=BNB/USDT, limit=10
2026-10-09T14:26:00.592+08:00 [INFO] gRPC GetTicker: symbol=BNB/USDT
2026-10-09T14:26:00.944+08:00 [INFO] gRPC GetOrderBook: symbol=ETH/USDT, depth=20
2026-10-09T14:26:00.945+08:00 [INFO] gRPC GetRecentTrades: symbol=ETH/USDT, limit=10
2026-10-09T14:26:00.945+08:00 [INFO] gRPC GetTicker: symbol=ETH/USDT
2026-10-09T14:26:01.590+08:00 [INFO] gRPC GetOrderBook: symbol=ETH/USDT, depth=20
2026-10-09T14:26:01.590+08:00 [INFO] gRPC GetRecentTrades: symbol=ETH/USDT, limit=10
2026-10-09T14:26:01.591+08:00 [INFO] gRPC GetTicker: symbol=ETH/USDT
2026-10-09T14:26:01.840+08:00 [INFO] gRPC GetOrderBook: symbol=BNB/USDT, depth=20
2026-10-09T14:26:01.841+08:00 [INFO] gRPC GetRecentTrades: symbol=BNB/USDT, limit=10
2026-10-09T14:26:01.842+08:00 [INFO] gRPC GetTicker: symbol=BNB/USDT
2026-10-09T14:26:02.590+08:00 [INFO] gRPC GetOrderBook: symbol=ETH/USDT, depth=20
2026-10-09T14:26:02.592+08:00 [INFO] gRPC GetRecentTrades: symbol=ETH/USDT, limit=10
2026-10-09T14:26:02.592+08:00 [INFO] gRPC GetTicker: symbol=ETH/USDT
2026-10-09T14:26:02.844+08:00 [INFO] gRPC GetOrderBook: symbol=BNB/USDT, depth=20
2026-10-09T14:26:02.844+08:00 [INFO] gRPC GetRecentTrades: symbol=BNB/USDT, limit=10
2026-10-09T14:26:02.845+08:00 [INFO] gRPC GetTicker: symbol=BNB/USDT
2026-10-09T14:26:03.591+08:00 [INFO] gRPC GetOrderBook: symbol=ETH/USDT, depth=20
2026-10-09T14:26:03.592+08:00 [INFO] gRPC GetRecentTrades: symbol=ETH/USDT, limit=10
2026-10-09T14:26:03.592+08:00 [INFO] gRPC GetTicker: symbol=ETH/USDT
2026-10-09T14:26:03.916+08:00 [INFO] gRPC GetOrderBook: symbol=BNB/USDT, depth=20
2026-10-09T14:26:03.917+08:00 [INFO] gRPC GetRecentTrades: symbol=BNB/USDT, limit=10
2026-10-09T14:26:03.917+08:00 [INFO] gRPC GetTicker: symbol=BNB/USDT
2026-10-09T14:26:04.617+08:00 [INFO] gRPC GetOrderBook: symbol=ETH/USDT, depth=20
2026-10-09T14:26:04.617+08:00 [INFO] gRPC GetRecentTrades: symbol=ETH/USDT, limit=10
2026-10-09T14:26:04.618+08:00 [INFO] gRPC GetTicker: symbol=ETH/USDT
2026-10-09T14:26:04.871+08:00 [INFO] gRPC GetOrderBook: symbol=BNB/USDT, depth=20
2026-10-09T14:26:04.871+08:00 [INFO] gRPC GetRecentTrades: symbol=BNB/USDT, limit=10
2026-10-09T14:26:04.872+08:00 [INFO] gRPC GetTicker: symbol=BNB/USDT
2026-10-09T14:26:05.589+08:00 [INFO] gRPC GetOrderBook: symbol=ETH/USDT, depth=20
2026-10-09T14:26:05.590+08:00 [INFO] gRPC GetRecentTrades: symbol=ETH/USDT, limit=10
2026-10-09T14:26:05.590+08:00 [INFO] gRPC GetTicker: symbol=ETH/USDT
2026-10-09T14:26:05.861+08:00 [INFO] gRPC GetOrderBook: symbol=BNB/USDT, depth=20
2026-10-09T14:26:05.861+08:00 [INFO] gRPC GetRecentTrades: symbol=BNB/USDT, limit=10
2026-10-09T14:26:05.862+08:00 [INFO] gRPC GetTicker: symbol=BNB/USDT
2026-10-09T14:26:06.590+08:00 [INFO] gRPC GetOrderBook: symbol=ETH/USDT, depth=20
2026-10-09T14:26:06.590+08:00 [INFO] gRPC GetRecentTrades: symbol=ETH/USDT, limit=10
2026-10-09T14:26:06.591+08:00 [INFO] gRPC GetTicker: symbol=ETH/USDT
2026-10-09T14:26:06.885+08:00 [INFO] gRPC GetOrderBook: symbol=BNB/USDT, depth=20
2026-10-09T14:26:06.889+08:00 [INFO] gRPC GetRecentTrades: symbol=BNB/USDT, limit=10
2026-10-09T14:26:06.889+08:00 [INFO] gRPC GetTicker: symbol=BNB/USDT
2026-10-09T14:26:07.590+08:00 [INFO] gRPC GetOrderBook: symbol=ETH/USDT, depth=20
2026-10-09T14:26:07.590+08:00 [INFO] gRPC GetRecentTrades: symbol=ETH/USDT, limit=10
2026-10-09T14:26:07.591+08:00 [INFO] gRPC GetTicker: symbol=ETH/USDT
2026-10-09T14:26:07.840+08:00 [INFO] gRPC GetOrderBook: symbol=BNB/USDT, depth=20
2026-10-09T14:26:07.842+08:00 [INFO] gRPC GetRecentTrades: symbol=BNB/USDT, limit=10
2026-10-09T14:26:07.843+08:00 [INFO] gRPC GetTicker: symbol=BNB/USDT
2026-10-09T14:26:08.590+08:00 [INFO] gRPC GetOrderBook: symbol=ETH/USDT, depth=20
2026-10-09T14:26:08.591+08:00 [INFO] gRPC GetRecentTrades: symbol=ETH/USDT, limit=10
2026-10-09T14:26:08.592+08:00 [INFO] gRPC GetTicker: symbol=ETH/USDT
2026-10-09T14:26:08.837+08:00 [INFO] gRPC GetOrderBook: symbol=BNB/USDT, depth=20
2026-10-09T14:26:08.837+08:00 [INFO] gRPC GetRecentTrades: symbol=BNB/USDT, limit=10
2026-10-09T14:26:08.838+08:00 [INFO] gRPC GetTicker: symbol=BNB/USDT
2026-10-09T14:26:09.591+08:00 [INFO] gRPC GetOrderBook: symbol=ETH/USDT, depth=20
2026-10-09T14:26:09.593+08:00 [INFO] gRPC GetRecentTrades: symbol=ETH/USDT, limit=10
2026-10-09T14:26:09.594+08:00 [INFO] gRPC GetTicker: symbol=ETH/USDT
2026-10-09T14:26:09.876+08:00 [INFO] gRPC GetOrderBook: symbol=BNB/USDT, depth=20
2026-10-09T14:26:09.876+08:00 [INFO] gRPC GetRecentTrades: symbol=BNB/USDT, limit=10
2026-10-09T14:26:09.877+08:00 [INFO] gRPC GetTicker: symbol=BNB/USDT
2026-10-09T14:26:10.621+08:00 [INFO] gRPC GetOrderBook: symbol=ETH/USDT, depth=20
2026-10-09T14:26:10.621+08:00 [INFO] gRPC GetRecentTrades: symbol=ETH/USDT, limit=10
2026-10-09T14:26:10.622+08:00 [INFO] gRPC GetTicker: symbol=ETH/USDT
2026-10-09T14:26:10.879+08:00 [INFO] gRPC GetOrderBook: symbol=BNB/USDT, depth=20
2026-10-09T14:26:10.880+08:00 [INFO] gRPC GetRecentTrades: symbol=BNB/USDT, limit=10
2026-10-09T14:26:10.881+08:00 [INFO] gRPC GetTicker: symbol=BNB/USDT
2026-10-09T14:26:11.589+08:00 [INFO] gRPC GetOrderBook: symbol=BNB/USDT, depth=20
2026-10-09T14:26:11.591+08:00 [INFO] gRPC GetRecentTrades: symbol=BNB/USDT, limit=10
2026-10-09T14:26:11.592+08:00 [INFO] gRPC GetTicker: symbol=BNB/USDT
2026-10-09T14:26:12.319+08:00 [INFO] gRPC GetOrderBook: symbol=ETH/USDT, depth=20
2026-10-09T14:26:12.320+08:00 [INFO] gRPC GetRecentTrades: symbol=ETH/USDT, limit=10
2026-10-09T14:26:12.320+08:00 [INFO] gRPC GetTicker: symbol=ETH/USDT
2026-10-09T14:26:12.590+08:00 [INFO] gRPC GetOrderBook: symbol=BNB/USDT, depth=20
2026-10-09T14:26:12.590+08:00 [INFO] gRPC GetRecentTrades: symbol=BNB/USDT, limit=10
2026-10-09T14:26:12.591+08:00 [INFO] gRPC GetTicker: symbol=BNB/USDT
2026-10-09T14:26:12.837+08:00 [INFO] gRPC GetOrderBook: symbol=ETH/USDT, depth=20
2026-10-09T14:26:12.837+08:00 [INFO] gRPC GetRecentTrades: symbol=ETH/USDT, limit=10
2026-10-09T14:26:12.838+08:00 [INFO] gRPC GetTicker: symbol=ETH/USDT
2026-10-09T14:26:13.590+08:00 [INFO] gRPC GetOrderBook: symbol=ETH/USDT, depth=20
2026-10-09T14:26:13.591+08:00 [INFO] gRPC GetRecentTrades: symbol=ETH/USDT, limit=10
2026-10-09T14:26:13.592+08:00 [INFO] gRPC GetTicker: symbol=ETH/USDT
2026-10-09T14:26:13.844+08:00 [INFO] gRPC GetOrderBook: symbol=BNB/USDT, depth=20
2026-10-09T14:26:13.845+08:00 [INFO] gRPC GetRecentTrades: symbol=BNB/USDT, limit=10
2026-10-09T14:26:13.845+08:00 [INFO] gRPC GetTicker: symbol=BNB/USDT
2026-10-09T14:26:14.590+08:00 [INFO] gRPC GetOrderBook: symbol=ETH/USDT, depth=20
2026-10-09T14:26:14.590+08:00 [INFO] gRPC GetRecentTrades: symbol=ETH/USDT, limit=10
2026-10-09T14:26:14.591+08:00 [INFO] gRPC GetTicker: symbol=ETH/USDT
2026-10-09T14:26:14.838+08:00 [INFO] gRPC GetOrderBook: symbol=BNB/USDT, depth=20
2026-10-09T14:26:14.838+08:00 [INFO] gRPC GetRecentTrades: symbol=BNB/USDT, limit=10
2026-10-09T14:26:14.839+08:00 [INFO] gRPC GetTicker: symbol=BNB/USDT
2026-10-09T14:26:15.590+08:00 [INFO] gRPC GetOrderBook: symbol=BNB/USDT, depth=20
2026-10-09T14:26:15.590+08:00 [INFO] gRPC GetRecentTrades: symbol=BNB/USDT, limit=10
2026-10-09T14:26:15.591+08:00 [INFO] gRPC GetTicker: symbol=BNB/USDT
2026-10-09T14:26:15.837+08:00 [INFO] gRPC GetOrderBook: symbol=ETH/USDT, depth=20
2026-10-09T14:26:15.838+08:00 [INFO] gRPC GetRecentTrades: symbol=ETH/USDT, limit=10
2026-10-09T14:26:15.839+08:00 [INFO] gRPC GetTicker: symbol=ETH/USDT
2026-10-09T14:26:16.855+08:00 [INFO] gRPC GetOrderBook: symbol=ETH/USDT, depth=20
2026-10-09T14:26:16.858+08:00 [INFO] gRPC GetRecentTrades: symbol=ETH/USDT, limit=10
2026-10-09T14:26:16.859+08:00 [INFO] gRPC GetTicker: symbol=ETH/USDT
2026-10-09T14:26:17.107+08:00 [INFO] gRPC GetOrderBook: symbol=BNB/USDT, depth=20
2026-10-09T14:26:17.108+08:00 [INFO] gRPC GetRecentTrades: symbol=BNB/USDT, limit=10
2026-10-09T14:26:17.109+08:00 [INFO] gRPC GetTicker: symbol=BNB/USDT
2026-10-09T14:26:17.590+08:00 [INFO] gRPC GetOrderBook: symbol=ETH/USDT, depth=20
2026-10-09T14:26:17.591+08:00 [INFO] gRPC GetRecentTrades: symbol=ETH/USDT, limit=10
2026-10-09T14:26:17.591+08:00 [INFO] gRPC GetTicker: symbol=ETH/USDT
2026-10-09T14:26:18.493+08:00 [INFO] gRPC GetOrderBook: symbol=BNB/USDT, depth=20
2026-10-09T14:26:18.494+08:00 [INFO] gRPC GetRecentTrades: symbol=BNB/USDT, limit=10
2026-10-09T14:26:18.494+08:00 [INFO] gRPC GetTicker: symbol=BNB/USDT
2026-10-09T14:26:18.743+08:00 [INFO] gRPC GetOrderBook: symbol=ETH/USDT, depth=20
2026-10-09T14:26:18.743+08:00 [INFO] gRPC GetRecentTrades: symbol=ETH/USDT, limit=10
2026-10-09T14:26:18.744+08:00 [INFO] gRPC GetTicker: symbol=ETH/USDT
2026-10-09T14:26:18.991+08:00 [INFO] gRPC GetOrderBook: symbol=BNB/USDT, depth=20
2026-10-09T14:26:18.992+08:00 [INFO] gRPC GetRecentTrades: symbol=BNB/USDT, limit=10
2026-10-09T14:26:18.993+08:00 [INFO] gRPC GetTicker: symbol=BNB/USDT
2026-10-09T14:26:19.590+08:00 [INFO] gRPC GetOrderBook: symbol=ETH/USDT, depth=20
2026-10-09T14:26:19.590+08:00 [INFO] gRPC GetRecentTrades: symbol=ETH/USDT, limit=10
2026-10-09T14:26:19.591+08:00 [INFO] gRPC GetTicker: symbol=ETH/USDT
2026-10-09T14:26:20.006+08:00 [INFO] gRPC GetOrderBook: symbol=BNB/USDT, depth=20
2026-10-09T14:26:20.007+08:00 [INFO] gRPC GetRecentTrades: symbol=BNB/USDT, limit=10
2026-10-09T14:26:20.007+08:00 [INFO] gRPC GetTicker: symbol=BNB/USDT
2026-10-09T14:26:20.590+08:00 [INFO] gRPC GetOrderBook: symbol=ETH/USDT, depth=20
2026-10-09T14:26:20.592+08:00 [INFO] gRPC GetRecentTrades: symbol=ETH/USDT, limit=10
2026-10-09T14:26:20.593+08:00 [INFO] gRPC GetTicker: symbol=ETH/USDT
2026-10-09T14:26:20.844+08:00 [INFO] gRPC GetOrderBook: symbol=BNB/USDT, depth=20
2026-10-09T14:26:20.844+08:00 [INFO] gRPC GetRecentTrades: symbol=BNB/USDT, limit=10
2026-10-09T14:26:20.845+08:00 [INFO] gRPC GetTicker: symbol=BNB/USDT
2026-10-09T14:26:21.590+08:00 [INFO] gRPC GetOrderBook: symbol=ETH/USDT, depth=20
2026-10-09T14:26:21.592+08:00 [INFO] gRPC GetRecentTrades: symbol=ETH/USDT, limit=10
2026-10-09T14:26:21.592+08:00 [INFO] gRPC GetTicker: symbol=ETH/USDT
2026-10-09T14:26:21.840+08:00 [INFO] gRPC GetOrderBook: symbol=BNB/USDT, depth=20
2026-10-09T14:26:21.841+08:00 [INFO] gRPC GetRecentTrades: symbol=BNB/USDT, limit=10
2026-10-09T14:26:21.841+08:00 [INFO] gRPC GetTicker: symbol=BNB/USDT
